Unity Editor version:    6000.1.13f1 (418bd0acaa6b)
Branch:                  6000.1/staging
Build type:              Release
Batch mode:              YES
macOS version:           Version 13.1 (Build 22C65)
Darwin version:          22.2.0
Architecture:            arm64
Running under Rosetta:   NO
Available memory:        8192 MB
Date:                    2025-10-27T01:46:52Z
Using pre-set license
Pro License: YES

COMMAND LINE ARGUMENTS:
/Applications/Unity/Hub/Editor/6000.1.13f1-arm64/Unity.app/Contents/MacOS/Unity
-adb2
-batchMode
-noUpm
-name
AssetImportWorker1
-projectPath
/Users/ionsebastianrodriguezlara/Documents/UNIAT/OnlineMultiClass
-logFile
Logs/AssetImportWorker1.log
-srvPort
56594
-job-worker-count
3
-background-job-worker-count
8
-gc-helper-count
1
-name AssetImport
Successfully changed project path to: /Users/ionsebastianrodriguezlara/Documents/UNIAT/OnlineMultiClass
/Users/ionsebastianrodriguezlara/Documents/UNIAT/OnlineMultiClass
[UnityMemory] Configuration Parameters - Can be set up in boot.config
    "memorysetup-allocator-temp-initial-block-size-main=262144"
    "memorysetup-allocator-temp-initial-block-size-worker=262144"
    "memorysetup-bucket-allocator-granularity=16"
    "memorysetup-bucket-allocator-bucket-count=8"
    "memorysetup-bucket-allocator-block-size=33554432"
    "memorysetup-bucket-allocator-block-count=8"
    "memorysetup-main-allocator-block-size=16777216"
    "memorysetup-thread-allocator-block-size=16777216"
    "memorysetup-gfx-main-allocator-block-size=16777216"
    "memorysetup-gfx-thread-allocator-block-size=16777216"
    "memorysetup-cache-allocator-block-size=4194304"
    "memorysetup-typetree-allocator-block-size=2097152"
    "memorysetup-profiler-bucket-allocator-granularity=16"
    "memorysetup-profiler-bucket-allocator-bucket-count=8"
    "memorysetup-profiler-bucket-allocator-block-size=33554432"
    "memorysetup-profiler-bucket-allocator-block-count=8"
    "memorysetup-profiler-allocator-block-size=16777216"
    "memorysetup-profiler-editor-allocator-block-size=1048576"
    "memorysetup-temp-allocator-size-main=16777216"
    "memorysetup-job-temp-allocator-block-size=2097152"
    "memorysetup-job-temp-allocator-block-size-background=1048576"
    "memorysetup-job-temp-allocator-reduction-small-platforms=262144"
    "memorysetup-temp-allocator-size-background-worker=32768"
    "memorysetup-temp-allocator-size-job-worker=262144"
    "memorysetup-temp-allocator-size-preload-manager=33554432"
    "memorysetup-temp-allocator-size-nav-mesh-worker=65536"
    "memorysetup-temp-allocator-size-audio-worker=65536"
    "memorysetup-temp-allocator-size-cloud-worker=32768"
    "memorysetup-temp-allocator-size-gi-baking-worker=262144"
    "memorysetup-temp-allocator-size-gi-baking-worker=262144"
    "memorysetup-temp-allocator-size-gi-baking-worker=262144"
    "memorysetup-temp-allocator-size-gi-baking-worker=262144"
    "memorysetup-temp-allocator-size-gi-baking-worker=262144"
    "memorysetup-temp-allocator-size-gfx=262144"
Player connection [8559180416]  Target information:

Player connection [8559180416]  * "[IP] 192.168.1.14 [Port] 0 [Flags] 2 [Guid] 3575917521 [EditorId] 3575917521 [Version] 1048832 [Id] OSXEditor(0,192.168.1.14) [Debug] 1 [PackageName] OSXEditor [ProjectName] Editor" 

Player connection [8559180416] Host joined multi-casting on [225.0.0.222:54997]...
Player connection [8559180416] Host joined alternative multi-casting on [225.0.0.222:34997]...
JobSystem: Creating JobQueue using job-worker-count value 3
Input System module state changed to: Initialized.
[Physics::Module] Initialized fallback backend.
[Physics::Module] Id: 0xdecafbad
Library Redirect Path: Library/
[Physics::Module] Selected backend.
[Physics::Module] Name: PhysX
[Physics::Module] Id: 0xf2b8ea05
[Physics::Module] SDK Version: 4.1.2
[Physics::Module] Integration Version: 1.0.0
[Physics::Module] Threading Mode: Multi-Threaded
Refreshing native plugins compatible for Editor in 14.76 ms, found 4 plugins.
Preloading 0 native plugins for Editor in 0.00 ms.
Initialize engine version: 6000.1.13f1 (418bd0acaa6b)
[Subsystems] Discovering subsystems at path /Applications/Unity/Hub/Editor/6000.1.13f1-arm64/Unity.app/Contents/Resources/UnitySubsystems
[Subsystems] Discovering subsystems at path /Users/ionsebastianrodriguezlara/Documents/UNIAT/OnlineMultiClass/Assets
GfxDevice: creating device client; kGfxThreadingModeNonThreaded
 preferred device: Apple M1 (high power)
Metal devices available: 1
0: Apple M1 (high power)
Using device Apple M1 (high power)
Initializing Metal device caps: Apple M1
Initialize mono
Mono path[0] = '/Applications/Unity/Hub/Editor/6000.1.13f1-arm64/Unity.app/Contents/Managed'
Mono path[1] = '/Applications/Unity/Hub/Editor/6000.1.13f1-arm64/Unity.app/Contents/MonoBleedingEdge/lib/mono/unityjit-macos'
Mono config path = '/Applications/Unity/Hub/Editor/6000.1.13f1-arm64/Unity.app/Contents/MonoBleedingEdge/etc'
Using monoOptions --debugger-agent=transport=dt_socket,embedding=1,server=y,suspend=n,address=127.0.0.1:56076
Begin MonoManager ReloadAssembly
Registering precompiled unity dll's ...
Register platform support module: /Applications/Unity/Hub/Editor/6000.1.13f1-arm64/Unity.app/Contents/PlaybackEngines/MacStandaloneSupport/UnityEditor.OSXStandalone.Extensions.dll
Registered in 0.000296 seconds.
- Loaded All Assemblies, in  0.366 seconds
Native extension for OSXStandalone target not found
Mono: successfully reloaded assembly
- Finished resetting the current domain, in  0.267 seconds
Domain Reload Profiling: 634ms
	BeginReloadAssembly (148ms)
		ExecutionOrderSort (0ms)
		DisableScriptedObjects (0ms)
		BackupInstance (0ms)
		ReleaseScriptingObjects (0ms)
		CreateAndSetChildDomain (1ms)
	RebuildCommonClasses (40ms)
	RebuildNativeTypeToScriptingClass (10ms)
	initialDomainReloadingComplete (34ms)
	LoadAllAssembliesAndSetupDomain (134ms)
		LoadAssemblies (147ms)
		RebuildTransferFunctionScriptingTraits (0ms)
		AnalyzeDomain (133ms)
			TypeCache.Refresh (132ms)
				TypeCache.ScanAssembly (120ms)
			BuildScriptInfoCaches (0ms)
			ResolveRequiredComponents (0ms)
	FinalizeReload (268ms)
		ReleaseScriptCaches (0ms)
		RebuildScriptCaches (0ms)
		SetupLoadedEditorAssemblies (232ms)
			LogAssemblyErrors (0ms)
			InitializePlatformSupportModulesInManaged (35ms)
			SetLoadedEditorAssemblies (5ms)
			BeforeProcessingInitializeOnLoad (56ms)
			ProcessInitializeOnLoadAttributes (90ms)
			ProcessInitializeOnLoadMethodAttributes (45ms)
			AfterProcessingInitializeOnLoad (0ms)
			EditorAssembliesLoaded (0ms)
		ExecutionOrderSort2 (0ms)
		AwakeInstancesAfterBackupRestoration (0ms)
========================================================================
Worker process is ready to serve import requests
Import Worker Mode flag is 0x00
Begin MonoManager ReloadAssembly
Symbol file LoadedFromMemory is not a mono symbol file
- Loaded All Assemblies, in  0.773 seconds
'Assets/Photon/Fusion/Runtime/Fusion.Unity.cs' contains partial class of Unity.Object, exactly 1 of the partial classes needs to be in a file with the same filename. This is to know the one that can be referenced from ie. GameObjects
'Assets/Photon/Fusion/Runtime/Fusion.Unity.cs' contains partial class of Unity.Object, exactly 1 of the partial classes needs to be in a file with the same filename. This is to know the one that can be referenced from ie. GameObjects
Refreshing native plugins compatible for Editor in 1.05 ms, found 4 plugins.
Native extension for OSXStandalone target not found
System.Reflection.TargetInvocationException: Exception has been thrown by the target of an invocation. ---> System.NullReferenceException: Object reference not set to an instance of an object
  at Unity.Multiplayer.Playmode.Workflow.Editor.ProjectDataStore..ctor (System.String directory) [0x0006e] in ./Library/PackageCache/com.unity.multiplayer.playmode@3acaa705f0f9/Workflow/Editor/Configuration/ProjectDataStore.cs:55 
  at Unity.Multiplayer.Playmode.Workflow.Editor.ProjectDataStore.GetMain () [0x00000] in ./Library/PackageCache/com.unity.multiplayer.playmode@3acaa705f0f9/Workflow/Editor/Configuration/ProjectDataStore.cs:36 
  at Unity.Multiplayer.Playmode.Workflow.Editor.WorkflowMainEditorContext..ctor (Unity.Multiplayer.Playmode.VirtualProjects.Editor.MainEditorContext mainEditorContext) [0x0002c] in ./Library/PackageCache/com.unity.multiplayer.playmode@3acaa705f0f9/Workflow/Editor/Contexts/WorkflowMainEditorContext.cs:15 
  at Unity.Multiplayer.Playmode.Workflow.Editor.VirtualProjectWorkflow.InitializeMPPMContexts () [0x00018] in ./Library/PackageCache/com.unity.multiplayer.playmode@3acaa705f0f9/Workflow/Editor/Workflow/VirtualProjectWorkflow.cs:204 
  at Unity.Multiplayer.Playmode.Workflow.Editor.VirtualProjectWorkflow+<>c.<.cctor>b__22_0 () [0x00036] in ./Library/PackageCache/com.unity.multiplayer.playmode@3acaa705f0f9/Workflow/Editor/Workflow/VirtualProjectWorkflow.cs:85 
  at Unity.Multiplayer.Playmode.VirtualProjects.Editor.EditorContexts.SendReadyEvent () [0x00038] in ./Library/PackageCache/com.unity.multiplayer.playmode@3acaa705f0f9/VirtualProjects/Editor/Contexts/EditorContexts.cs:56 
  at (wrapper managed-to-native) System.Reflection.RuntimeMethodInfo.InternalInvoke(System.Reflection.RuntimeMethodInfo,object,object[],System.Exception&)
  at System.Reflection.RuntimeMethodInfo.Invoke (System.Object obj, System.Reflection.BindingFlags invokeAttr, System.Reflection.Binder binder, System.Object[] parameters, System.Globalization.CultureInfo culture) [0x0006a] in <c0ef40ba0fc84b3b8725b73e9957d1b5>:0 
   --- End of inner exception stack trace ---
  at System.Reflection.RuntimeMethodInfo.Invoke (System.Object obj, System.Reflection.BindingFlags invokeAttr, System.Reflection.Binder binder, System.Object[] parameters, System.Globalization.CultureInfo culture) [0x00083] in <c0ef40ba0fc84b3b8725b73e9957d1b5>:0 
  at System.Reflection.MethodBase.Invoke (System.Object obj, System.Object[] parameters) [0x00000] in <c0ef40ba0fc84b3b8725b73e9957d1b5>:0 
  at UnityEditor.EditorAssemblies.ProcessInitializeOnLoadMethodAttributes () [0x00087] in /Users/bokken/build/output/unity/unity/Editor/Mono/EditorAssemblies.cs:152 
UnityEngine.Debug:ExtractStackTraceNoAlloc (byte*,int,string)
UnityEngine.StackTraceUtility:ExtractStackTrace () (at /Users/bokken/build/output/unity/unity/Runtime/Export/Scripting/StackTrace.cs:35)
UnityEngine.DebugLogHandler:Internal_Log (UnityEngine.LogType,UnityEngine.LogOption,string,UnityEngine.Object)
UnityEngine.DebugLogHandler:LogFormat (UnityEngine.LogType,UnityEngine.Object,string,object[])
UnityEngine.Logger:Log (UnityEngine.LogType,object)
UnityEngine.Debug:LogError (object)
UnityEditor.EditorAssemblies:ProcessInitializeOnLoadMethodAttributes () (at /Users/bokken/build/output/unity/unity/Editor/Mono/EditorAssemblies.cs:156)

(Filename: /Users/bokken/build/output/unity/unity/Editor/Mono/EditorAssemblies.cs Line: 156)

Mono: successfully reloaded assembly
- Finished resetting the current domain, in  0.738 seconds
Domain Reload Profiling: 1511ms
	BeginReloadAssembly (106ms)
		ExecutionOrderSort (0ms)
		DisableScriptedObjects (4ms)
		BackupInstance (0ms)
		ReleaseScriptingObjects (0ms)
		CreateAndSetChildDomain (29ms)
	RebuildCommonClasses (35ms)
	RebuildNativeTypeToScriptingClass (11ms)
	initialDomainReloadingComplete (27ms)
	LoadAllAssembliesAndSetupDomain (594ms)
		LoadAssemblies (356ms)
		RebuildTransferFunctionScriptingTraits (0ms)
		AnalyzeDomain (277ms)
			TypeCache.Refresh (219ms)
				TypeCache.ScanAssembly (196ms)
			BuildScriptInfoCaches (46ms)
			ResolveRequiredComponents (10ms)
	FinalizeReload (738ms)
		ReleaseScriptCaches (0ms)
		RebuildScriptCaches (0ms)
		SetupLoadedEditorAssemblies (540ms)
			LogAssemblyErrors (0ms)
			InitializePlatformSupportModulesInManaged (1ms)
			SetLoadedEditorAssemblies (4ms)
			BeforeProcessingInitializeOnLoad (114ms)
			ProcessInitializeOnLoadAttributes (305ms)
			ProcessInitializeOnLoadMethodAttributes (114ms)
			AfterProcessingInitializeOnLoad (1ms)
			EditorAssembliesLoaded (0ms)
		ExecutionOrderSort2 (0ms)
		AwakeInstancesAfterBackupRestoration (2ms)
WARNING: Shader Unsupported: 'Universal Render Pipeline/VR/SpatialMapping/Wireframe' - All subshaders removed
WARNING: Shader Did you use #pragma only_renderers and omit this platform?
WARNING: Shader If subshaders removal was intentional, you may have forgotten turning Fallback off?
WARNING: Shader Unsupported: 'Universal Render Pipeline/VR/SpatialMapping/Wireframe' - All subshaders removed
WARNING: Shader Did you use #pragma only_renderers and omit this platform?
WARNING: Shader If subshaders removal was intentional, you may have forgotten turning Fallback off?
Launching external process: /Applications/Unity/Hub/Editor/6000.1.13f1-arm64/Unity.app/Contents/Tools/UnityShaderCompiler
Launched and connected shader compiler UnityShaderCompiler after 0.28 seconds
Refreshing native plugins compatible for Editor in 1.21 ms, found 4 plugins.
Preloading 0 native plugins for Editor in 0.00 ms.
Unloading 14 Unused Serialized files (Serialized files now loaded: 0)
Unloading 7014 unused Assets / (5.3 MB). Loaded Objects now: 7737.
Memory consumption went from 135.7 MB to 130.3 MB.
Total: 13.809500 ms (FindLiveObjects: 2.240000 ms CreateObjectMapping: 0.437167 ms MarkObjects: 8.031083 ms  DeleteObjects: 3.100375 ms)

========================================================================
Received Prepare
Begin MonoManager ReloadAssembly
Thread 0x291287000 may have been prematurely finalized
Symbol file LoadedFromMemory is not a mono symbol file
- Loaded All Assemblies, in  1.933 seconds
'Assets/Photon/Fusion/Runtime/Fusion.Unity.cs' contains partial class of Unity.Object, exactly 1 of the partial classes needs to be in a file with the same filename. This is to know the one that can be referenced from ie. GameObjects
'Assets/Photon/Fusion/Runtime/Fusion.Unity.cs' contains partial class of Unity.Object, exactly 1 of the partial classes needs to be in a file with the same filename. This is to know the one that can be referenced from ie. GameObjects
Refreshing native plugins compatible for Editor in 1.68 ms, found 4 plugins.
Native extension for OSXStandalone target not found
System.Reflection.TargetInvocationException: Exception has been thrown by the target of an invocation. ---> System.NullReferenceException: Object reference not set to an instance of an object
  at Unity.Multiplayer.Playmode.Workflow.Editor.ProjectDataStore..ctor (System.String directory) [0x0006e] in ./Library/PackageCache/com.unity.multiplayer.playmode@3acaa705f0f9/Workflow/Editor/Configuration/ProjectDataStore.cs:55 
  at Unity.Multiplayer.Playmode.Workflow.Editor.ProjectDataStore.GetMain () [0x00000] in ./Library/PackageCache/com.unity.multiplayer.playmode@3acaa705f0f9/Workflow/Editor/Configuration/ProjectDataStore.cs:36 
  at Unity.Multiplayer.Playmode.Workflow.Editor.WorkflowMainEditorContext..ctor (Unity.Multiplayer.Playmode.VirtualProjects.Editor.MainEditorContext mainEditorContext) [0x0002c] in ./Library/PackageCache/com.unity.multiplayer.playmode@3acaa705f0f9/Workflow/Editor/Contexts/WorkflowMainEditorContext.cs:15 
  at Unity.Multiplayer.Playmode.Workflow.Editor.VirtualProjectWorkflow.InitializeMPPMContexts () [0x00018] in ./Library/PackageCache/com.unity.multiplayer.playmode@3acaa705f0f9/Workflow/Editor/Workflow/VirtualProjectWorkflow.cs:204 
  at Unity.Multiplayer.Playmode.Workflow.Editor.VirtualProjectWorkflow+<>c.<.cctor>b__22_0 () [0x00036] in ./Library/PackageCache/com.unity.multiplayer.playmode@3acaa705f0f9/Workflow/Editor/Workflow/VirtualProjectWorkflow.cs:85 
  at Unity.Multiplayer.Playmode.VirtualProjects.Editor.EditorContexts.SendReadyEvent () [0x00038] in ./Library/PackageCache/com.unity.multiplayer.playmode@3acaa705f0f9/VirtualProjects/Editor/Contexts/EditorContexts.cs:56 
  at (wrapper managed-to-native) System.Reflection.RuntimeMethodInfo.InternalInvoke(System.Reflection.RuntimeMethodInfo,object,object[],System.Exception&)
  at System.Reflection.RuntimeMethodInfo.Invoke (System.Object obj, System.Reflection.BindingFlags invokeAttr, System.Reflection.Binder binder, System.Object[] parameters, System.Globalization.CultureInfo culture) [0x0006a] in <c0ef40ba0fc84b3b8725b73e9957d1b5>:0 
   --- End of inner exception stack trace ---
  at System.Reflection.RuntimeMethodInfo.Invoke (System.Object obj, System.Reflection.BindingFlags invokeAttr, System.Reflection.Binder binder, System.Object[] parameters, System.Globalization.CultureInfo culture) [0x00083] in <c0ef40ba0fc84b3b8725b73e9957d1b5>:0 
  at System.Reflection.MethodBase.Invoke (System.Object obj, System.Object[] parameters) [0x00000] in <c0ef40ba0fc84b3b8725b73e9957d1b5>:0 
  at UnityEditor.EditorAssemblies.ProcessInitializeOnLoadMethodAttributes () [0x00087] in /Users/bokken/build/output/unity/unity/Editor/Mono/EditorAssemblies.cs:152 
UnityEngine.Debug:ExtractStackTraceNoAlloc (byte*,int,string)
UnityEngine.StackTraceUtility:ExtractStackTrace () (at /Users/bokken/build/output/unity/unity/Runtime/Export/Scripting/StackTrace.cs:35)
UnityEngine.DebugLogHandler:Internal_Log (UnityEngine.LogType,UnityEngine.LogOption,string,UnityEngine.Object)
UnityEngine.DebugLogHandler:LogFormat (UnityEngine.LogType,UnityEngine.Object,string,object[])
UnityEngine.Logger:Log (UnityEngine.LogType,object)
UnityEngine.Debug:LogError (object)
UnityEditor.EditorAssemblies:ProcessInitializeOnLoadMethodAttributes () (at /Users/bokken/build/output/unity/unity/Editor/Mono/EditorAssemblies.cs:156)

(Filename: /Users/bokken/build/output/unity/unity/Editor/Mono/EditorAssemblies.cs Line: 156)

Mono: successfully reloaded assembly
- Finished resetting the current domain, in  0.927 seconds
Domain Reload Profiling: 2866ms
	BeginReloadAssembly (737ms)
		ExecutionOrderSort (0ms)
		DisableScriptedObjects (93ms)
		BackupInstance (0ms)
		ReleaseScriptingObjects (2ms)
		CreateAndSetChildDomain (277ms)
	RebuildCommonClasses (60ms)
	RebuildNativeTypeToScriptingClass (12ms)
	initialDomainReloadingComplete (39ms)
	LoadAllAssembliesAndSetupDomain (1092ms)
		LoadAssemblies (749ms)
		RebuildTransferFunctionScriptingTraits (0ms)
		AnalyzeDomain (510ms)
			TypeCache.Refresh (325ms)
				TypeCache.ScanAssembly (256ms)
			BuildScriptInfoCaches (160ms)
			ResolveRequiredComponents (16ms)
	FinalizeReload (927ms)
		ReleaseScriptCaches (0ms)
		RebuildScriptCaches (0ms)
		SetupLoadedEditorAssemblies (773ms)
			LogAssemblyErrors (0ms)
			InitializePlatformSupportModulesInManaged (3ms)
			SetLoadedEditorAssemblies (5ms)
			BeforeProcessingInitializeOnLoad (181ms)
			ProcessInitializeOnLoadAttributes (413ms)
			ProcessInitializeOnLoadMethodAttributes (168ms)
			AfterProcessingInitializeOnLoad (1ms)
			EditorAssembliesLoaded (1ms)
		ExecutionOrderSort2 (0ms)
		AwakeInstancesAfterBackupRestoration (13ms)
WARNING: Shader Unsupported: 'Universal Render Pipeline/VR/SpatialMapping/Wireframe' - All subshaders removed
WARNING: Shader Did you use #pragma only_renderers and omit this platform?
WARNING: Shader If subshaders removal was intentional, you may have forgotten turning Fallback off?
WARNING: Shader Unsupported: 'Universal Render Pipeline/VR/SpatialMapping/Wireframe' - All subshaders removed
WARNING: Shader Did you use #pragma only_renderers and omit this platform?
WARNING: Shader If subshaders removal was intentional, you may have forgotten turning Fallback off?
Refreshing native plugins compatible for Editor in 3.11 ms, found 4 plugins.
Preloading 0 native plugins for Editor in 0.00 ms.
Unloading 14 Unused Serialized files (Serialized files now loaded: 0)
Unloading 7012 unused Assets / (2.1 MB). Loaded Objects now: 7740.
Memory consumption went from 145.2 MB to 143.1 MB.
Total: 36.142042 ms (FindLiveObjects: 3.585125 ms CreateObjectMapping: 0.493917 ms MarkObjects: 27.800083 ms  DeleteObjects: 4.261292 ms)

Prepare: number of updated asset objects reloaded= 1
========================================================================
Received Prepare
Begin MonoManager ReloadAssembly
Thread 0x16dca7000 may have been prematurely finalized
Symbol file LoadedFromMemory is not a mono symbol file
- Loaded All Assemblies, in  1.712 seconds
'Assets/Photon/Fusion/Runtime/Fusion.Unity.cs' contains partial class of Unity.Object, exactly 1 of the partial classes needs to be in a file with the same filename. This is to know the one that can be referenced from ie. GameObjects
'Assets/Photon/Fusion/Runtime/Fusion.Unity.cs' contains partial class of Unity.Object, exactly 1 of the partial classes needs to be in a file with the same filename. This is to know the one that can be referenced from ie. GameObjects
Refreshing native plugins compatible for Editor in 2.14 ms, found 4 plugins.
Native extension for OSXStandalone target not found
System.Reflection.TargetInvocationException: Exception has been thrown by the target of an invocation. ---> System.NullReferenceException: Object reference not set to an instance of an object
  at Unity.Multiplayer.Playmode.Workflow.Editor.ProjectDataStore..ctor (System.String directory) [0x0006e] in ./Library/PackageCache/com.unity.multiplayer.playmode@3acaa705f0f9/Workflow/Editor/Configuration/ProjectDataStore.cs:55 
  at Unity.Multiplayer.Playmode.Workflow.Editor.ProjectDataStore.GetMain () [0x00000] in ./Library/PackageCache/com.unity.multiplayer.playmode@3acaa705f0f9/Workflow/Editor/Configuration/ProjectDataStore.cs:36 
  at Unity.Multiplayer.Playmode.Workflow.Editor.WorkflowMainEditorContext..ctor (Unity.Multiplayer.Playmode.VirtualProjects.Editor.MainEditorContext mainEditorContext) [0x0002c] in ./Library/PackageCache/com.unity.multiplayer.playmode@3acaa705f0f9/Workflow/Editor/Contexts/WorkflowMainEditorContext.cs:15 
  at Unity.Multiplayer.Playmode.Workflow.Editor.VirtualProjectWorkflow.InitializeMPPMContexts () [0x00018] in ./Library/PackageCache/com.unity.multiplayer.playmode@3acaa705f0f9/Workflow/Editor/Workflow/VirtualProjectWorkflow.cs:204 
  at Unity.Multiplayer.Playmode.Workflow.Editor.VirtualProjectWorkflow+<>c.<.cctor>b__22_0 () [0x00036] in ./Library/PackageCache/com.unity.multiplayer.playmode@3acaa705f0f9/Workflow/Editor/Workflow/VirtualProjectWorkflow.cs:85 
  at Unity.Multiplayer.Playmode.VirtualProjects.Editor.EditorContexts.SendReadyEvent () [0x00038] in ./Library/PackageCache/com.unity.multiplayer.playmode@3acaa705f0f9/VirtualProjects/Editor/Contexts/EditorContexts.cs:56 
  at (wrapper managed-to-native) System.Reflection.RuntimeMethodInfo.InternalInvoke(System.Reflection.RuntimeMethodInfo,object,object[],System.Exception&)
  at System.Reflection.RuntimeMethodInfo.Invoke (System.Object obj, System.Reflection.BindingFlags invokeAttr, System.Reflection.Binder binder, System.Object[] parameters, System.Globalization.CultureInfo culture) [0x0006a] in <c0ef40ba0fc84b3b8725b73e9957d1b5>:0 
   --- End of inner exception stack trace ---
  at System.Reflection.RuntimeMethodInfo.Invoke (System.Object obj, System.Reflection.BindingFlags invokeAttr, System.Reflection.Binder binder, System.Object[] parameters, System.Globalization.CultureInfo culture) [0x00083] in <c0ef40ba0fc84b3b8725b73e9957d1b5>:0 
  at System.Reflection.MethodBase.Invoke (System.Object obj, System.Object[] parameters) [0x00000] in <c0ef40ba0fc84b3b8725b73e9957d1b5>:0 
  at UnityEditor.EditorAssemblies.ProcessInitializeOnLoadMethodAttributes () [0x00087] in /Users/bokken/build/output/unity/unity/Editor/Mono/EditorAssemblies.cs:152 
UnityEngine.Debug:ExtractStackTraceNoAlloc (byte*,int,string)
UnityEngine.StackTraceUtility:ExtractStackTrace () (at /Users/bokken/build/output/unity/unity/Runtime/Export/Scripting/StackTrace.cs:35)
UnityEngine.DebugLogHandler:Internal_Log (UnityEngine.LogType,UnityEngine.LogOption,string,UnityEngine.Object)
UnityEngine.DebugLogHandler:LogFormat (UnityEngine.LogType,UnityEngine.Object,string,object[])
UnityEngine.Logger:Log (UnityEngine.LogType,object)
UnityEngine.Debug:LogError (object)
UnityEditor.EditorAssemblies:ProcessInitializeOnLoadMethodAttributes () (at /Users/bokken/build/output/unity/unity/Editor/Mono/EditorAssemblies.cs:156)

(Filename: /Users/bokken/build/output/unity/unity/Editor/Mono/EditorAssemblies.cs Line: 156)

Mono: successfully reloaded assembly
- Finished resetting the current domain, in  0.708 seconds
Domain Reload Profiling: 2422ms
	BeginReloadAssembly (559ms)
		ExecutionOrderSort (1ms)
		DisableScriptedObjects (60ms)
		BackupInstance (0ms)
		ReleaseScriptingObjects (1ms)
		CreateAndSetChildDomain (174ms)
	RebuildCommonClasses (49ms)
	RebuildNativeTypeToScriptingClass (12ms)
	initialDomainReloadingComplete (33ms)
	LoadAllAssembliesAndSetupDomain (1061ms)
		LoadAssemblies (893ms)
		RebuildTransferFunctionScriptingTraits (0ms)
		AnalyzeDomain (349ms)
			TypeCache.Refresh (33ms)
				TypeCache.ScanAssembly (0ms)
			BuildScriptInfoCaches (301ms)
			ResolveRequiredComponents (10ms)
	FinalizeReload (708ms)
		ReleaseScriptCaches (0ms)
		RebuildScriptCaches (0ms)
		SetupLoadedEditorAssemblies (586ms)
			LogAssemblyErrors (0ms)
			InitializePlatformSupportModulesInManaged (2ms)
			SetLoadedEditorAssemblies (5ms)
			BeforeProcessingInitializeOnLoad (131ms)
			ProcessInitializeOnLoadAttributes (332ms)
			ProcessInitializeOnLoadMethodAttributes (115ms)
			AfterProcessingInitializeOnLoad (1ms)
			EditorAssembliesLoaded (0ms)
		ExecutionOrderSort2 (0ms)
		AwakeInstancesAfterBackupRestoration (9ms)
WARNING: Shader Unsupported: 'Universal Render Pipeline/VR/SpatialMapping/Wireframe' - All subshaders removed
WARNING: Shader Did you use #pragma only_renderers and omit this platform?
WARNING: Shader If subshaders removal was intentional, you may have forgotten turning Fallback off?
WARNING: Shader Unsupported: 'Universal Render Pipeline/VR/SpatialMapping/Wireframe' - All subshaders removed
WARNING: Shader Did you use #pragma only_renderers and omit this platform?
WARNING: Shader If subshaders removal was intentional, you may have forgotten turning Fallback off?
Refreshing native plugins compatible for Editor in 1.26 ms, found 4 plugins.
Preloading 0 native plugins for Editor in 0.00 ms.
Unloading 14 Unused Serialized files (Serialized files now loaded: 0)
Unloading 7012 unused Assets / (3.9 MB). Loaded Objects now: 7742.
Memory consumption went from 145.2 MB to 141.2 MB.
Total: 7.245334 ms (FindLiveObjects: 0.428167 ms CreateObjectMapping: 0.246167 ms MarkObjects: 5.056791 ms  DeleteObjects: 1.513292 ms)

Prepare: number of updated asset objects reloaded= 0
========================================================================
Received Prepare
WARNING: Shader Unsupported: 'Universal Render Pipeline/VR/SpatialMapping/Wireframe' - All subshaders removed
WARNING: Shader Did you use #pragma only_renderers and omit this platform?
WARNING: Shader If subshaders removal was intentional, you may have forgotten turning Fallback off?
WARNING: Shader Unsupported: 'Universal Render Pipeline/VR/SpatialMapping/Wireframe' - All subshaders removed
WARNING: Shader Did you use #pragma only_renderers and omit this platform?
WARNING: Shader If subshaders removal was intentional, you may have forgotten turning Fallback off?
Refreshing native plugins compatible for Editor in 2.70 ms, found 4 plugins.
Preloading 0 native plugins for Editor in 0.00 ms.
Unloading 14 Unused Serialized files (Serialized files now loaded: 0)
Unloading 14 unused Assets / (1.8 MB). Loaded Objects now: 7742.
Memory consumption went from 133.0 MB to 131.2 MB.
Total: 37.981875 ms (FindLiveObjects: 1.752584 ms CreateObjectMapping: 0.127667 ms MarkObjects: 34.422833 ms  DeleteObjects: 1.677583 ms)

Prepare: number of updated asset objects reloaded= 0
========================================================================
Received Prepare
WARNING: Shader Unsupported: 'Universal Render Pipeline/VR/SpatialMapping/Wireframe' - All subshaders removed
WARNING: Shader Did you use #pragma only_renderers and omit this platform?
WARNING: Shader If subshaders removal was intentional, you may have forgotten turning Fallback off?
WARNING: Shader Unsupported: 'Universal Render Pipeline/VR/SpatialMapping/Wireframe' - All subshaders removed
WARNING: Shader Did you use #pragma only_renderers and omit this platform?
WARNING: Shader If subshaders removal was intentional, you may have forgotten turning Fallback off?
Refreshing native plugins compatible for Editor in 2.06 ms, found 4 plugins.
Preloading 0 native plugins for Editor in 0.00 ms.
Unloading 14 Unused Serialized files (Serialized files now loaded: 0)
Unloading 14 unused Assets / (1.8 MB). Loaded Objects now: 7742.
Memory consumption went from 133.0 MB to 131.2 MB.
Total: 5.479041 ms (FindLiveObjects: 0.261500 ms CreateObjectMapping: 0.104833 ms MarkObjects: 4.845750 ms  DeleteObjects: 0.266167 ms)

Prepare: number of updated asset objects reloaded= 0
========================================================================
Received Import Request.
  Time since last request: 2767804.590650 seconds.
  path: Assets/Scripts/Home/Player.prefab
  artifactKey: Guid(fa25467b5afb0448888418c7b9a97051) Importer(815301076,1909f56bfc062723c751e8b465ee728b)
Start importing Assets/Scripts/Home/Player.prefab using Guid(fa25467b5afb0448888418c7b9a97051) Importer(815301076,1909f56bfc062723c751e8b465ee728b) (PreviewImporter) -> (artifact id: '2da197ea1605f229d96f6ed52a1602ce') in 0.481547542 seconds
Number of updated asset objects reloaded before import = 0Number of asset objects unloaded after import = 9

========================================================================
Received Prepare
Begin MonoManager ReloadAssembly
Thread 0x16dca7000 may have been prematurely finalized
Symbol file LoadedFromMemory is not a mono symbol file
- Loaded All Assemblies, in  1.811 seconds
'Assets/Photon/Fusion/Runtime/Fusion.Unity.cs' contains partial class of Unity.Object, exactly 1 of the partial classes needs to be in a file with the same filename. This is to know the one that can be referenced from ie. GameObjects
'Assets/Photon/Fusion/Runtime/Fusion.Unity.cs' contains partial class of Unity.Object, exactly 1 of the partial classes needs to be in a file with the same filename. This is to know the one that can be referenced from ie. GameObjects
Refreshing native plugins compatible for Editor in 1.09 ms, found 4 plugins.
Native extension for OSXStandalone target not found
System.Reflection.TargetInvocationException: Exception has been thrown by the target of an invocation. ---> System.NullReferenceException: Object reference not set to an instance of an object
  at Unity.Multiplayer.Playmode.Workflow.Editor.ProjectDataStore..ctor (System.String directory) [0x0006e] in ./Library/PackageCache/com.unity.multiplayer.playmode@3acaa705f0f9/Workflow/Editor/Configuration/ProjectDataStore.cs:55 
  at Unity.Multiplayer.Playmode.Workflow.Editor.ProjectDataStore.GetMain () [0x00000] in ./Library/PackageCache/com.unity.multiplayer.playmode@3acaa705f0f9/Workflow/Editor/Configuration/ProjectDataStore.cs:36 
  at Unity.Multiplayer.Playmode.Workflow.Editor.WorkflowMainEditorContext..ctor (Unity.Multiplayer.Playmode.VirtualProjects.Editor.MainEditorContext mainEditorContext) [0x0002c] in ./Library/PackageCache/com.unity.multiplayer.playmode@3acaa705f0f9/Workflow/Editor/Contexts/WorkflowMainEditorContext.cs:15 
  at Unity.Multiplayer.Playmode.Workflow.Editor.VirtualProjectWorkflow.InitializeMPPMContexts () [0x00018] in ./Library/PackageCache/com.unity.multiplayer.playmode@3acaa705f0f9/Workflow/Editor/Workflow/VirtualProjectWorkflow.cs:204 
  at Unity.Multiplayer.Playmode.Workflow.Editor.VirtualProjectWorkflow+<>c.<.cctor>b__22_0 () [0x00036] in ./Library/PackageCache/com.unity.multiplayer.playmode@3acaa705f0f9/Workflow/Editor/Workflow/VirtualProjectWorkflow.cs:85 
  at Unity.Multiplayer.Playmode.VirtualProjects.Editor.EditorContexts.SendReadyEvent () [0x00038] in ./Library/PackageCache/com.unity.multiplayer.playmode@3acaa705f0f9/VirtualProjects/Editor/Contexts/EditorContexts.cs:56 
  at (wrapper managed-to-native) System.Reflection.RuntimeMethodInfo.InternalInvoke(System.Reflection.RuntimeMethodInfo,object,object[],System.Exception&)
  at System.Reflection.RuntimeMethodInfo.Invoke (System.Object obj, System.Reflection.BindingFlags invokeAttr, System.Reflection.Binder binder, System.Object[] parameters, System.Globalization.CultureInfo culture) [0x0006a] in <c0ef40ba0fc84b3b8725b73e9957d1b5>:0 
   --- End of inner exception stack trace ---
  at System.Reflection.RuntimeMethodInfo.Invoke (System.Object obj, System.Reflection.BindingFlags invokeAttr, System.Reflection.Binder binder, System.Object[] parameters, System.Globalization.CultureInfo culture) [0x00083] in <c0ef40ba0fc84b3b8725b73e9957d1b5>:0 
  at System.Reflection.MethodBase.Invoke (System.Object obj, System.Object[] parameters) [0x00000] in <c0ef40ba0fc84b3b8725b73e9957d1b5>:0 
  at UnityEditor.EditorAssemblies.ProcessInitializeOnLoadMethodAttributes () [0x00087] in /Users/bokken/build/output/unity/unity/Editor/Mono/EditorAssemblies.cs:152 
UnityEngine.Debug:ExtractStackTraceNoAlloc (byte*,int,string)
UnityEngine.StackTraceUtility:ExtractStackTrace () (at /Users/bokken/build/output/unity/unity/Runtime/Export/Scripting/StackTrace.cs:35)
UnityEngine.DebugLogHandler:Internal_Log (UnityEngine.LogType,UnityEngine.LogOption,string,UnityEngine.Object)
UnityEngine.DebugLogHandler:LogFormat (UnityEngine.LogType,UnityEngine.Object,string,object[])
UnityEngine.Logger:Log (UnityEngine.LogType,object)
UnityEngine.Debug:LogError (object)
UnityEditor.EditorAssemblies:ProcessInitializeOnLoadMethodAttributes () (at /Users/bokken/build/output/unity/unity/Editor/Mono/EditorAssemblies.cs:156)

(Filename: /Users/bokken/build/output/unity/unity/Editor/Mono/EditorAssemblies.cs Line: 156)

Mono: successfully reloaded assembly
- Finished resetting the current domain, in  0.716 seconds
Domain Reload Profiling: 2533ms
	BeginReloadAssembly (734ms)
		ExecutionOrderSort (0ms)
		DisableScriptedObjects (101ms)
		BackupInstance (0ms)
		ReleaseScriptingObjects (6ms)
		CreateAndSetChildDomain (240ms)
	RebuildCommonClasses (52ms)
	RebuildNativeTypeToScriptingClass (12ms)
	initialDomainReloadingComplete (35ms)
	LoadAllAssembliesAndSetupDomain (983ms)
		LoadAssemblies (875ms)
		RebuildTransferFunctionScriptingTraits (0ms)
		AnalyzeDomain (346ms)
			TypeCache.Refresh (37ms)
				TypeCache.ScanAssembly (0ms)
			BuildScriptInfoCaches (294ms)
			ResolveRequiredComponents (11ms)
	FinalizeReload (717ms)
		ReleaseScriptCaches (0ms)
		RebuildScriptCaches (0ms)
		SetupLoadedEditorAssemblies (587ms)
			LogAssemblyErrors (0ms)
			InitializePlatformSupportModulesInManaged (1ms)
			SetLoadedEditorAssemblies (4ms)
			BeforeProcessingInitializeOnLoad (144ms)
			ProcessInitializeOnLoadAttributes (323ms)
			ProcessInitializeOnLoadMethodAttributes (114ms)
			AfterProcessingInitializeOnLoad (1ms)
			EditorAssembliesLoaded (0ms)
		ExecutionOrderSort2 (0ms)
		AwakeInstancesAfterBackupRestoration (9ms)
WARNING: Shader Unsupported: 'Universal Render Pipeline/VR/SpatialMapping/Wireframe' - All subshaders removed
WARNING: Shader Did you use #pragma only_renderers and omit this platform?
WARNING: Shader If subshaders removal was intentional, you may have forgotten turning Fallback off?
WARNING: Shader Unsupported: 'Universal Render Pipeline/VR/SpatialMapping/Wireframe' - All subshaders removed
WARNING: Shader Did you use #pragma only_renderers and omit this platform?
WARNING: Shader If subshaders removal was intentional, you may have forgotten turning Fallback off?
Refreshing native plugins compatible for Editor in 2.51 ms, found 4 plugins.
Preloading 0 native plugins for Editor in 0.00 ms.
Unloading 14 Unused Serialized files (Serialized files now loaded: 0)
Unloading 7012 unused Assets / (3.1 MB). Loaded Objects now: 7776.
Memory consumption went from 153.8 MB to 150.6 MB.
Total: 29.688000 ms (FindLiveObjects: 3.133833 ms CreateObjectMapping: 2.126791 ms MarkObjects: 21.647959 ms  DeleteObjects: 2.777375 ms)

Prepare: number of updated asset objects reloaded= 0
========================================================================
Received Prepare
'Assets/Photon/Fusion/Runtime/Fusion.Unity.cs' contains partial class of Unity.Object, exactly 1 of the partial classes needs to be in a file with the same filename. This is to know the one that can be referenced from ie. GameObjects
'Assets/Photon/Fusion/Runtime/Fusion.Unity.cs' contains partial class of Unity.Object, exactly 1 of the partial classes needs to be in a file with the same filename. This is to know the one that can be referenced from ie. GameObjects
WARNING: Shader Unsupported: 'Universal Render Pipeline/VR/SpatialMapping/Wireframe' - All subshaders removed
WARNING: Shader Did you use #pragma only_renderers and omit this platform?
WARNING: Shader If subshaders removal was intentional, you may have forgotten turning Fallback off?
WARNING: Shader Unsupported: 'Universal Render Pipeline/VR/SpatialMapping/Wireframe' - All subshaders removed
WARNING: Shader Did you use #pragma only_renderers and omit this platform?
WARNING: Shader If subshaders removal was intentional, you may have forgotten turning Fallback off?
Refreshing native plugins compatible for Editor in 1.20 ms, found 4 plugins.
Preloading 0 native plugins for Editor in 0.00 ms.
Unloading 14 Unused Serialized files (Serialized files now loaded: 0)
Unloading 6987 unused Assets / (3.5 MB). Loaded Objects now: 7777.
Memory consumption went from 140.9 MB to 137.4 MB.
Total: 30.676917 ms (FindLiveObjects: 0.476875 ms CreateObjectMapping: 0.300750 ms MarkObjects: 28.384708 ms  DeleteObjects: 1.513167 ms)

Prepare: number of updated asset objects reloaded= 0
========================================================================
Received Prepare
Begin MonoManager ReloadAssembly
Thread 0x16dca7000 may have been prematurely finalized
Symbol file LoadedFromMemory is not a mono symbol file
- Loaded All Assemblies, in  0.932 seconds
'Assets/Photon/Fusion/Runtime/Fusion.Unity.cs' contains partial class of Unity.Object, exactly 1 of the partial classes needs to be in a file with the same filename. This is to know the one that can be referenced from ie. GameObjects
'Assets/Photon/Fusion/Runtime/Fusion.Unity.cs' contains partial class of Unity.Object, exactly 1 of the partial classes needs to be in a file with the same filename. This is to know the one that can be referenced from ie. GameObjects
Refreshing native plugins compatible for Editor in 1.77 ms, found 4 plugins.
Native extension for OSXStandalone target not found
System.Reflection.TargetInvocationException: Exception has been thrown by the target of an invocation. ---> System.NullReferenceException: Object reference not set to an instance of an object
  at Unity.Multiplayer.Playmode.Workflow.Editor.ProjectDataStore..ctor (System.String directory) [0x0006e] in ./Library/PackageCache/com.unity.multiplayer.playmode@3acaa705f0f9/Workflow/Editor/Configuration/ProjectDataStore.cs:55 
  at Unity.Multiplayer.Playmode.Workflow.Editor.ProjectDataStore.GetMain () [0x00000] in ./Library/PackageCache/com.unity.multiplayer.playmode@3acaa705f0f9/Workflow/Editor/Configuration/ProjectDataStore.cs:36 
  at Unity.Multiplayer.Playmode.Workflow.Editor.WorkflowMainEditorContext..ctor (Unity.Multiplayer.Playmode.VirtualProjects.Editor.MainEditorContext mainEditorContext) [0x0002c] in ./Library/PackageCache/com.unity.multiplayer.playmode@3acaa705f0f9/Workflow/Editor/Contexts/WorkflowMainEditorContext.cs:15 
  at Unity.Multiplayer.Playmode.Workflow.Editor.VirtualProjectWorkflow.InitializeMPPMContexts () [0x00018] in ./Library/PackageCache/com.unity.multiplayer.playmode@3acaa705f0f9/Workflow/Editor/Workflow/VirtualProjectWorkflow.cs:204 
  at Unity.Multiplayer.Playmode.Workflow.Editor.VirtualProjectWorkflow+<>c.<.cctor>b__22_0 () [0x00036] in ./Library/PackageCache/com.unity.multiplayer.playmode@3acaa705f0f9/Workflow/Editor/Workflow/VirtualProjectWorkflow.cs:85 
  at Unity.Multiplayer.Playmode.VirtualProjects.Editor.EditorContexts.SendReadyEvent () [0x00038] in ./Library/PackageCache/com.unity.multiplayer.playmode@3acaa705f0f9/VirtualProjects/Editor/Contexts/EditorContexts.cs:56 
  at (wrapper managed-to-native) System.Reflection.RuntimeMethodInfo.InternalInvoke(System.Reflection.RuntimeMethodInfo,object,object[],System.Exception&)
  at System.Reflection.RuntimeMethodInfo.Invoke (System.Object obj, System.Reflection.BindingFlags invokeAttr, System.Reflection.Binder binder, System.Object[] parameters, System.Globalization.CultureInfo culture) [0x0006a] in <c0ef40ba0fc84b3b8725b73e9957d1b5>:0 
   --- End of inner exception stack trace ---
  at System.Reflection.RuntimeMethodInfo.Invoke (System.Object obj, System.Reflection.BindingFlags invokeAttr, System.Reflection.Binder binder, System.Object[] parameters, System.Globalization.CultureInfo culture) [0x00083] in <c0ef40ba0fc84b3b8725b73e9957d1b5>:0 
  at System.Reflection.MethodBase.Invoke (System.Object obj, System.Object[] parameters) [0x00000] in <c0ef40ba0fc84b3b8725b73e9957d1b5>:0 
  at UnityEditor.EditorAssemblies.ProcessInitializeOnLoadMethodAttributes () [0x00087] in /Users/bokken/build/output/unity/unity/Editor/Mono/EditorAssemblies.cs:152 
UnityEngine.Debug:ExtractStackTraceNoAlloc (byte*,int,string)
UnityEngine.StackTraceUtility:ExtractStackTrace () (at /Users/bokken/build/output/unity/unity/Runtime/Export/Scripting/StackTrace.cs:35)
UnityEngine.DebugLogHandler:Internal_Log (UnityEngine.LogType,UnityEngine.LogOption,string,UnityEngine.Object)
UnityEngine.DebugLogHandler:LogFormat (UnityEngine.LogType,UnityEngine.Object,string,object[])
UnityEngine.Logger:Log (UnityEngine.LogType,object)
UnityEngine.Debug:LogError (object)
UnityEditor.EditorAssemblies:ProcessInitializeOnLoadMethodAttributes () (at /Users/bokken/build/output/unity/unity/Editor/Mono/EditorAssemblies.cs:156)

(Filename: /Users/bokken/build/output/unity/unity/Editor/Mono/EditorAssemblies.cs Line: 156)

Mono: successfully reloaded assembly
- Finished resetting the current domain, in  0.952 seconds
Domain Reload Profiling: 1889ms
	BeginReloadAssembly (241ms)
		ExecutionOrderSort (0ms)
		DisableScriptedObjects (25ms)
		BackupInstance (0ms)
		ReleaseScriptingObjects (0ms)
		CreateAndSetChildDomain (96ms)
	RebuildCommonClasses (38ms)
	RebuildNativeTypeToScriptingClass (11ms)
	initialDomainReloadingComplete (21ms)
	LoadAllAssembliesAndSetupDomain (625ms)
		LoadAssemblies (342ms)
		RebuildTransferFunctionScriptingTraits (0ms)
		AnalyzeDomain (320ms)
			TypeCache.Refresh (31ms)
				TypeCache.ScanAssembly (1ms)
			BuildScriptInfoCaches (267ms)
			ResolveRequiredComponents (17ms)
	FinalizeReload (952ms)
		ReleaseScriptCaches (0ms)
		RebuildScriptCaches (0ms)
		SetupLoadedEditorAssemblies (734ms)
			LogAssemblyErrors (0ms)
			InitializePlatformSupportModulesInManaged (6ms)
			SetLoadedEditorAssemblies (11ms)
			BeforeProcessingInitializeOnLoad (193ms)
			ProcessInitializeOnLoadAttributes (405ms)
			ProcessInitializeOnLoadMethodAttributes (119ms)
			AfterProcessingInitializeOnLoad (1ms)
			EditorAssembliesLoaded (0ms)
		ExecutionOrderSort2 (0ms)
		AwakeInstancesAfterBackupRestoration (9ms)
WARNING: Shader Unsupported: 'Universal Render Pipeline/VR/SpatialMapping/Wireframe' - All subshaders removed
WARNING: Shader Did you use #pragma only_renderers and omit this platform?
WARNING: Shader If subshaders removal was intentional, you may have forgotten turning Fallback off?
WARNING: Shader Unsupported: 'Universal Render Pipeline/VR/SpatialMapping/Wireframe' - All subshaders removed
WARNING: Shader Did you use #pragma only_renderers and omit this platform?
WARNING: Shader If subshaders removal was intentional, you may have forgotten turning Fallback off?
Refreshing native plugins compatible for Editor in 1.26 ms, found 4 plugins.
Preloading 0 native plugins for Editor in 0.00 ms.
Unloading 14 Unused Serialized files (Serialized files now loaded: 0)
Unloading 7013 unused Assets / (3.4 MB). Loaded Objects now: 7779.
Memory consumption went from 149.1 MB to 145.6 MB.
Total: 8.265458 ms (FindLiveObjects: 0.657416 ms CreateObjectMapping: 0.373500 ms MarkObjects: 5.447167 ms  DeleteObjects: 1.786791 ms)

Prepare: number of updated asset objects reloaded= 0
========================================================================
Received Import Request.
  Time since last request: 77.307922 seconds.
  path: Assets/Scripts/Home/SpanwTest.cs
  artifactKey: Guid(c5f0a31f09f2446f899288f5dab8beed) Importer(815301076,1909f56bfc062723c751e8b465ee728b)
Start importing Assets/Scripts/Home/SpanwTest.cs using Guid(c5f0a31f09f2446f899288f5dab8beed) Importer(815301076,1909f56bfc062723c751e8b465ee728b) (PreviewImporter) -> (artifact id: '942e73404fb38c0e89af2e2050b8bbe7') in 0.0018795 seconds
Number of updated asset objects reloaded before import = 0Number of asset objects unloaded after import = 0

========================================================================
Received Prepare
Begin MonoManager ReloadAssembly
Thread 0x16dca7000 may have been prematurely finalized
Symbol file LoadedFromMemory is not a mono symbol file
- Loaded All Assemblies, in  1.009 seconds
'Assets/Photon/Fusion/Runtime/Fusion.Unity.cs' contains partial class of Unity.Object, exactly 1 of the partial classes needs to be in a file with the same filename. This is to know the one that can be referenced from ie. GameObjects
'Assets/Photon/Fusion/Runtime/Fusion.Unity.cs' contains partial class of Unity.Object, exactly 1 of the partial classes needs to be in a file with the same filename. This is to know the one that can be referenced from ie. GameObjects
Refreshing native plugins compatible for Editor in 1.13 ms, found 4 plugins.
Native extension for OSXStandalone target not found
System.Reflection.TargetInvocationException: Exception has been thrown by the target of an invocation. ---> System.NullReferenceException: Object reference not set to an instance of an object
  at Unity.Multiplayer.Playmode.Workflow.Editor.ProjectDataStore..ctor (System.String directory) [0x0006e] in ./Library/PackageCache/com.unity.multiplayer.playmode@3acaa705f0f9/Workflow/Editor/Configuration/ProjectDataStore.cs:55 
  at Unity.Multiplayer.Playmode.Workflow.Editor.ProjectDataStore.GetMain () [0x00000] in ./Library/PackageCache/com.unity.multiplayer.playmode@3acaa705f0f9/Workflow/Editor/Configuration/ProjectDataStore.cs:36 
  at Unity.Multiplayer.Playmode.Workflow.Editor.WorkflowMainEditorContext..ctor (Unity.Multiplayer.Playmode.VirtualProjects.Editor.MainEditorContext mainEditorContext) [0x0002c] in ./Library/PackageCache/com.unity.multiplayer.playmode@3acaa705f0f9/Workflow/Editor/Contexts/WorkflowMainEditorContext.cs:15 
  at Unity.Multiplayer.Playmode.Workflow.Editor.VirtualProjectWorkflow.InitializeMPPMContexts () [0x00018] in ./Library/PackageCache/com.unity.multiplayer.playmode@3acaa705f0f9/Workflow/Editor/Workflow/VirtualProjectWorkflow.cs:204 
  at Unity.Multiplayer.Playmode.Workflow.Editor.VirtualProjectWorkflow+<>c.<.cctor>b__22_0 () [0x00036] in ./Library/PackageCache/com.unity.multiplayer.playmode@3acaa705f0f9/Workflow/Editor/Workflow/VirtualProjectWorkflow.cs:85 
  at Unity.Multiplayer.Playmode.VirtualProjects.Editor.EditorContexts.SendReadyEvent () [0x00038] in ./Library/PackageCache/com.unity.multiplayer.playmode@3acaa705f0f9/VirtualProjects/Editor/Contexts/EditorContexts.cs:56 
  at (wrapper managed-to-native) System.Reflection.RuntimeMethodInfo.InternalInvoke(System.Reflection.RuntimeMethodInfo,object,object[],System.Exception&)
  at System.Reflection.RuntimeMethodInfo.Invoke (System.Object obj, System.Reflection.BindingFlags invokeAttr, System.Reflection.Binder binder, System.Object[] parameters, System.Globalization.CultureInfo culture) [0x0006a] in <c0ef40ba0fc84b3b8725b73e9957d1b5>:0 
   --- End of inner exception stack trace ---
  at System.Reflection.RuntimeMethodInfo.Invoke (System.Object obj, System.Reflection.BindingFlags invokeAttr, System.Reflection.Binder binder, System.Object[] parameters, System.Globalization.CultureInfo culture) [0x00083] in <c0ef40ba0fc84b3b8725b73e9957d1b5>:0 
  at System.Reflection.MethodBase.Invoke (System.Object obj, System.Object[] parameters) [0x00000] in <c0ef40ba0fc84b3b8725b73e9957d1b5>:0 
  at UnityEditor.EditorAssemblies.ProcessInitializeOnLoadMethodAttributes () [0x00087] in /Users/bokken/build/output/unity/unity/Editor/Mono/EditorAssemblies.cs:152 
UnityEngine.Debug:ExtractStackTraceNoAlloc (byte*,int,string)
UnityEngine.StackTraceUtility:ExtractStackTrace () (at /Users/bokken/build/output/unity/unity/Runtime/Export/Scripting/StackTrace.cs:35)
UnityEngine.DebugLogHandler:Internal_Log (UnityEngine.LogType,UnityEngine.LogOption,string,UnityEngine.Object)
UnityEngine.DebugLogHandler:LogFormat (UnityEngine.LogType,UnityEngine.Object,string,object[])
UnityEngine.Logger:Log (UnityEngine.LogType,object)
UnityEngine.Debug:LogError (object)
UnityEditor.EditorAssemblies:ProcessInitializeOnLoadMethodAttributes () (at /Users/bokken/build/output/unity/unity/Editor/Mono/EditorAssemblies.cs:156)

(Filename: /Users/bokken/build/output/unity/unity/Editor/Mono/EditorAssemblies.cs Line: 156)

Mono: successfully reloaded assembly
- Finished resetting the current domain, in  0.669 seconds
Domain Reload Profiling: 1683ms
	BeginReloadAssembly (268ms)
		ExecutionOrderSort (2ms)
		DisableScriptedObjects (26ms)
		BackupInstance (0ms)
		ReleaseScriptingObjects (2ms)
		CreateAndSetChildDomain (101ms)
	RebuildCommonClasses (42ms)
	RebuildNativeTypeToScriptingClass (11ms)
	initialDomainReloadingComplete (26ms)
	LoadAllAssembliesAndSetupDomain (666ms)
		LoadAssemblies (357ms)
		RebuildTransferFunctionScriptingTraits (0ms)
		AnalyzeDomain (370ms)
			TypeCache.Refresh (27ms)
				TypeCache.ScanAssembly (1ms)
			BuildScriptInfoCaches (318ms)
			ResolveRequiredComponents (16ms)
	FinalizeReload (669ms)
		ReleaseScriptCaches (0ms)
		RebuildScriptCaches (0ms)
		SetupLoadedEditorAssemblies (539ms)
			LogAssemblyErrors (0ms)
			InitializePlatformSupportModulesInManaged (1ms)
			SetLoadedEditorAssemblies (5ms)
			BeforeProcessingInitializeOnLoad (131ms)
			ProcessInitializeOnLoadAttributes (292ms)
			ProcessInitializeOnLoadMethodAttributes (108ms)
			AfterProcessingInitializeOnLoad (1ms)
			EditorAssembliesLoaded (0ms)
		ExecutionOrderSort2 (0ms)
		AwakeInstancesAfterBackupRestoration (8ms)
WARNING: Shader Unsupported: 'Universal Render Pipeline/VR/SpatialMapping/Wireframe' - All subshaders removed
WARNING: Shader Did you use #pragma only_renderers and omit this platform?
WARNING: Shader If subshaders removal was intentional, you may have forgotten turning Fallback off?
WARNING: Shader Unsupported: 'Universal Render Pipeline/VR/SpatialMapping/Wireframe' - All subshaders removed
WARNING: Shader Did you use #pragma only_renderers and omit this platform?
WARNING: Shader If subshaders removal was intentional, you may have forgotten turning Fallback off?
Refreshing native plugins compatible for Editor in 1.35 ms, found 4 plugins.
Preloading 0 native plugins for Editor in 0.00 ms.
Unloading 14 Unused Serialized files (Serialized files now loaded: 0)
Unloading 7013 unused Assets / (3.5 MB). Loaded Objects now: 7781.
Memory consumption went from 149.1 MB to 145.6 MB.
Total: 9.166916 ms (FindLiveObjects: 0.560250 ms CreateObjectMapping: 0.306458 ms MarkObjects: 6.114375 ms  DeleteObjects: 2.184750 ms)

Prepare: number of updated asset objects reloaded= 0
========================================================================
Received Prepare
Begin MonoManager ReloadAssembly
Thread 0x17ec07000 may have been prematurely finalized
Symbol file LoadedFromMemory is not a mono symbol file
- Loaded All Assemblies, in  1.659 seconds
'Assets/Photon/Fusion/Runtime/Fusion.Unity.cs' contains partial class of Unity.Object, exactly 1 of the partial classes needs to be in a file with the same filename. This is to know the one that can be referenced from ie. GameObjects
'Assets/Photon/Fusion/Runtime/Fusion.Unity.cs' contains partial class of Unity.Object, exactly 1 of the partial classes needs to be in a file with the same filename. This is to know the one that can be referenced from ie. GameObjects
Refreshing native plugins compatible for Editor in 1.21 ms, found 4 plugins.
Native extension for OSXStandalone target not found
System.Reflection.TargetInvocationException: Exception has been thrown by the target of an invocation. ---> System.NullReferenceException: Object reference not set to an instance of an object
  at Unity.Multiplayer.Playmode.Workflow.Editor.ProjectDataStore..ctor (System.String directory) [0x0006e] in ./Library/PackageCache/com.unity.multiplayer.playmode@3acaa705f0f9/Workflow/Editor/Configuration/ProjectDataStore.cs:55 
  at Unity.Multiplayer.Playmode.Workflow.Editor.ProjectDataStore.GetMain () [0x00000] in ./Library/PackageCache/com.unity.multiplayer.playmode@3acaa705f0f9/Workflow/Editor/Configuration/ProjectDataStore.cs:36 
  at Unity.Multiplayer.Playmode.Workflow.Editor.WorkflowMainEditorContext..ctor (Unity.Multiplayer.Playmode.VirtualProjects.Editor.MainEditorContext mainEditorContext) [0x0002c] in ./Library/PackageCache/com.unity.multiplayer.playmode@3acaa705f0f9/Workflow/Editor/Contexts/WorkflowMainEditorContext.cs:15 
  at Unity.Multiplayer.Playmode.Workflow.Editor.VirtualProjectWorkflow.InitializeMPPMContexts () [0x00018] in ./Library/PackageCache/com.unity.multiplayer.playmode@3acaa705f0f9/Workflow/Editor/Workflow/VirtualProjectWorkflow.cs:204 
  at Unity.Multiplayer.Playmode.Workflow.Editor.VirtualProjectWorkflow+<>c.<.cctor>b__22_0 () [0x00036] in ./Library/PackageCache/com.unity.multiplayer.playmode@3acaa705f0f9/Workflow/Editor/Workflow/VirtualProjectWorkflow.cs:85 
  at Unity.Multiplayer.Playmode.VirtualProjects.Editor.EditorContexts.SendReadyEvent () [0x00038] in ./Library/PackageCache/com.unity.multiplayer.playmode@3acaa705f0f9/VirtualProjects/Editor/Contexts/EditorContexts.cs:56 
  at (wrapper managed-to-native) System.Reflection.RuntimeMethodInfo.InternalInvoke(System.Reflection.RuntimeMethodInfo,object,object[],System.Exception&)
  at System.Reflection.RuntimeMethodInfo.Invoke (System.Object obj, System.Reflection.BindingFlags invokeAttr, System.Reflection.Binder binder, System.Object[] parameters, System.Globalization.CultureInfo culture) [0x0006a] in <c0ef40ba0fc84b3b8725b73e9957d1b5>:0 
   --- End of inner exception stack trace ---
  at System.Reflection.RuntimeMethodInfo.Invoke (System.Object obj, System.Reflection.BindingFlags invokeAttr, System.Reflection.Binder binder, System.Object[] parameters, System.Globalization.CultureInfo culture) [0x00083] in <c0ef40ba0fc84b3b8725b73e9957d1b5>:0 
  at System.Reflection.MethodBase.Invoke (System.Object obj, System.Object[] parameters) [0x00000] in <c0ef40ba0fc84b3b8725b73e9957d1b5>:0 
  at UnityEditor.EditorAssemblies.ProcessInitializeOnLoadMethodAttributes () [0x00087] in /Users/bokken/build/output/unity/unity/Editor/Mono/EditorAssemblies.cs:152 
UnityEngine.Debug:ExtractStackTraceNoAlloc (byte*,int,string)
UnityEngine.StackTraceUtility:ExtractStackTrace () (at /Users/bokken/build/output/unity/unity/Runtime/Export/Scripting/StackTrace.cs:35)
UnityEngine.DebugLogHandler:Internal_Log (UnityEngine.LogType,UnityEngine.LogOption,string,UnityEngine.Object)
UnityEngine.DebugLogHandler:LogFormat (UnityEngine.LogType,UnityEngine.Object,string,object[])
UnityEngine.Logger:Log (UnityEngine.LogType,object)
UnityEngine.Debug:LogError (object)
UnityEditor.EditorAssemblies:ProcessInitializeOnLoadMethodAttributes () (at /Users/bokken/build/output/unity/unity/Editor/Mono/EditorAssemblies.cs:156)

(Filename: /Users/bokken/build/output/unity/unity/Editor/Mono/EditorAssemblies.cs Line: 156)

Mono: successfully reloaded assembly
- Finished resetting the current domain, in  0.680 seconds
Domain Reload Profiling: 2994ms
	BeginReloadAssembly (622ms)
		ExecutionOrderSort (0ms)
		DisableScriptedObjects (52ms)
		BackupInstance (0ms)
		ReleaseScriptingObjects (1ms)
		CreateAndSetChildDomain (227ms)
	RebuildCommonClasses (43ms)
	RebuildNativeTypeToScriptingClass (15ms)
	initialDomainReloadingComplete (24ms)
	LoadAllAssembliesAndSetupDomain (1609ms)
		LoadAssemblies (757ms)
		RebuildTransferFunctionScriptingTraits (0ms)
		AnalyzeDomain (408ms)
			TypeCache.Refresh (42ms)
				TypeCache.ScanAssembly (1ms)
			BuildScriptInfoCaches (348ms)
			ResolveRequiredComponents (12ms)
	FinalizeReload (680ms)
		ReleaseScriptCaches (0ms)
		RebuildScriptCaches (0ms)
		SetupLoadedEditorAssemblies (544ms)
			LogAssemblyErrors (0ms)
			InitializePlatformSupportModulesInManaged (2ms)
			SetLoadedEditorAssemblies (4ms)
			BeforeProcessingInitializeOnLoad (111ms)
			ProcessInitializeOnLoadAttributes (314ms)
			ProcessInitializeOnLoadMethodAttributes (112ms)
			AfterProcessingInitializeOnLoad (1ms)
			EditorAssembliesLoaded (0ms)
		ExecutionOrderSort2 (0ms)
		AwakeInstancesAfterBackupRestoration (9ms)
WARNING: Shader Unsupported: 'Universal Render Pipeline/VR/SpatialMapping/Wireframe' - All subshaders removed
WARNING: Shader Did you use #pragma only_renderers and omit this platform?
WARNING: Shader If subshaders removal was intentional, you may have forgotten turning Fallback off?
WARNING: Shader Unsupported: 'Universal Render Pipeline/VR/SpatialMapping/Wireframe' - All subshaders removed
WARNING: Shader Did you use #pragma only_renderers and omit this platform?
WARNING: Shader If subshaders removal was intentional, you may have forgotten turning Fallback off?
Refreshing native plugins compatible for Editor in 1.21 ms, found 4 plugins.
Preloading 0 native plugins for Editor in 0.00 ms.
Unloading 14 Unused Serialized files (Serialized files now loaded: 0)
Unloading 7013 unused Assets / (3.6 MB). Loaded Objects now: 7783.
Memory consumption went from 149.0 MB to 145.4 MB.
Total: 6.865417 ms (FindLiveObjects: 0.460333 ms CreateObjectMapping: 0.259875 ms MarkObjects: 4.780000 ms  DeleteObjects: 1.364625 ms)

Prepare: number of updated asset objects reloaded= 0
========================================================================
Received Prepare
WARNING: Shader Unsupported: 'Universal Render Pipeline/VR/SpatialMapping/Wireframe' - All subshaders removed
WARNING: Shader Did you use #pragma only_renderers and omit this platform?
WARNING: Shader If subshaders removal was intentional, you may have forgotten turning Fallback off?
WARNING: Shader Unsupported: 'Universal Render Pipeline/VR/SpatialMapping/Wireframe' - All subshaders removed
WARNING: Shader Did you use #pragma only_renderers and omit this platform?
WARNING: Shader If subshaders removal was intentional, you may have forgotten turning Fallback off?
Refreshing native plugins compatible for Editor in 1.43 ms, found 4 plugins.
Preloading 0 native plugins for Editor in 0.00 ms.
Unloading 14 Unused Serialized files (Serialized files now loaded: 0)
Unloading 14 unused Assets / (1.8 MB). Loaded Objects now: 7783.
Memory consumption went from 137.1 MB to 135.3 MB.
Total: 5.270834 ms (FindLiveObjects: 0.245166 ms CreateObjectMapping: 0.104625 ms MarkObjects: 4.687208 ms  DeleteObjects: 0.233333 ms)

Prepare: number of updated asset objects reloaded= 0
========================================================================
Received Prepare
Begin MonoManager ReloadAssembly
Thread 0x17ec07000 may have been prematurely finalized
Symbol file LoadedFromMemory is not a mono symbol file
- Loaded All Assemblies, in  1.440 seconds
'Assets/Photon/Fusion/Runtime/Fusion.Unity.cs' contains partial class of Unity.Object, exactly 1 of the partial classes needs to be in a file with the same filename. This is to know the one that can be referenced from ie. GameObjects
'Assets/Photon/Fusion/Runtime/Fusion.Unity.cs' contains partial class of Unity.Object, exactly 1 of the partial classes needs to be in a file with the same filename. This is to know the one that can be referenced from ie. GameObjects
Refreshing native plugins compatible for Editor in 1.22 ms, found 4 plugins.
Native extension for OSXStandalone target not found
System.Reflection.TargetInvocationException: Exception has been thrown by the target of an invocation. ---> System.NullReferenceException: Object reference not set to an instance of an object
  at Unity.Multiplayer.Playmode.Workflow.Editor.ProjectDataStore..ctor (System.String directory) [0x0006e] in ./Library/PackageCache/com.unity.multiplayer.playmode@3acaa705f0f9/Workflow/Editor/Configuration/ProjectDataStore.cs:55 
  at Unity.Multiplayer.Playmode.Workflow.Editor.ProjectDataStore.GetMain () [0x00000] in ./Library/PackageCache/com.unity.multiplayer.playmode@3acaa705f0f9/Workflow/Editor/Configuration/ProjectDataStore.cs:36 
  at Unity.Multiplayer.Playmode.Workflow.Editor.WorkflowMainEditorContext..ctor (Unity.Multiplayer.Playmode.VirtualProjects.Editor.MainEditorContext mainEditorContext) [0x0002c] in ./Library/PackageCache/com.unity.multiplayer.playmode@3acaa705f0f9/Workflow/Editor/Contexts/WorkflowMainEditorContext.cs:15 
  at Unity.Multiplayer.Playmode.Workflow.Editor.VirtualProjectWorkflow.InitializeMPPMContexts () [0x00018] in ./Library/PackageCache/com.unity.multiplayer.playmode@3acaa705f0f9/Workflow/Editor/Workflow/VirtualProjectWorkflow.cs:204 
  at Unity.Multiplayer.Playmode.Workflow.Editor.VirtualProjectWorkflow+<>c.<.cctor>b__22_0 () [0x00036] in ./Library/PackageCache/com.unity.multiplayer.playmode@3acaa705f0f9/Workflow/Editor/Workflow/VirtualProjectWorkflow.cs:85 
  at Unity.Multiplayer.Playmode.VirtualProjects.Editor.EditorContexts.SendReadyEvent () [0x00038] in ./Library/PackageCache/com.unity.multiplayer.playmode@3acaa705f0f9/VirtualProjects/Editor/Contexts/EditorContexts.cs:56 
  at (wrapper managed-to-native) System.Reflection.RuntimeMethodInfo.InternalInvoke(System.Reflection.RuntimeMethodInfo,object,object[],System.Exception&)
  at System.Reflection.RuntimeMethodInfo.Invoke (System.Object obj, System.Reflection.BindingFlags invokeAttr, System.Reflection.Binder binder, System.Object[] parameters, System.Globalization.CultureInfo culture) [0x0006a] in <c0ef40ba0fc84b3b8725b73e9957d1b5>:0 
   --- End of inner exception stack trace ---
  at System.Reflection.RuntimeMethodInfo.Invoke (System.Object obj, System.Reflection.BindingFlags invokeAttr, System.Reflection.Binder binder, System.Object[] parameters, System.Globalization.CultureInfo culture) [0x00083] in <c0ef40ba0fc84b3b8725b73e9957d1b5>:0 
  at System.Reflection.MethodBase.Invoke (System.Object obj, System.Object[] parameters) [0x00000] in <c0ef40ba0fc84b3b8725b73e9957d1b5>:0 
  at UnityEditor.EditorAssemblies.ProcessInitializeOnLoadMethodAttributes () [0x00087] in /Users/bokken/build/output/unity/unity/Editor/Mono/EditorAssemblies.cs:152 
UnityEngine.Debug:ExtractStackTraceNoAlloc (byte*,int,string)
UnityEngine.StackTraceUtility:ExtractStackTrace () (at /Users/bokken/build/output/unity/unity/Runtime/Export/Scripting/StackTrace.cs:35)
UnityEngine.DebugLogHandler:Internal_Log (UnityEngine.LogType,UnityEngine.LogOption,string,UnityEngine.Object)
UnityEngine.DebugLogHandler:LogFormat (UnityEngine.LogType,UnityEngine.Object,string,object[])
UnityEngine.Logger:Log (UnityEngine.LogType,object)
UnityEngine.Debug:LogError (object)
UnityEditor.EditorAssemblies:ProcessInitializeOnLoadMethodAttributes () (at /Users/bokken/build/output/unity/unity/Editor/Mono/EditorAssemblies.cs:156)

(Filename: /Users/bokken/build/output/unity/unity/Editor/Mono/EditorAssemblies.cs Line: 156)

Mono: successfully reloaded assembly
- Finished resetting the current domain, in  0.882 seconds
Domain Reload Profiling: 2330ms
	BeginReloadAssembly (571ms)
		ExecutionOrderSort (0ms)
		DisableScriptedObjects (50ms)
		BackupInstance (0ms)
		ReleaseScriptingObjects (1ms)
		CreateAndSetChildDomain (267ms)
	RebuildCommonClasses (47ms)
	RebuildNativeTypeToScriptingClass (11ms)
	initialDomainReloadingComplete (32ms)
	LoadAllAssembliesAndSetupDomain (786ms)
		LoadAssemblies (556ms)
		RebuildTransferFunctionScriptingTraits (0ms)
		AnalyzeDomain (370ms)
			TypeCache.Refresh (47ms)
				TypeCache.ScanAssembly (0ms)
			BuildScriptInfoCaches (307ms)
			ResolveRequiredComponents (11ms)
	FinalizeReload (883ms)
		ReleaseScriptCaches (0ms)
		RebuildScriptCaches (0ms)
		SetupLoadedEditorAssemblies (713ms)
			LogAssemblyErrors (0ms)
			InitializePlatformSupportModulesInManaged (1ms)
			SetLoadedEditorAssemblies (4ms)
			BeforeProcessingInitializeOnLoad (149ms)
			ProcessInitializeOnLoadAttributes (370ms)
			ProcessInitializeOnLoadMethodAttributes (179ms)
			AfterProcessingInitializeOnLoad (3ms)
			EditorAssembliesLoaded (7ms)
		ExecutionOrderSort2 (1ms)
		AwakeInstancesAfterBackupRestoration (27ms)
WARNING: Shader Unsupported: 'Universal Render Pipeline/VR/SpatialMapping/Wireframe' - All subshaders removed
WARNING: Shader Did you use #pragma only_renderers and omit this platform?
WARNING: Shader If subshaders removal was intentional, you may have forgotten turning Fallback off?
WARNING: Shader Unsupported: 'Universal Render Pipeline/VR/SpatialMapping/Wireframe' - All subshaders removed
WARNING: Shader Did you use #pragma only_renderers and omit this platform?
WARNING: Shader If subshaders removal was intentional, you may have forgotten turning Fallback off?
Refreshing native plugins compatible for Editor in 1.22 ms, found 4 plugins.
Preloading 0 native plugins for Editor in 0.00 ms.
Unloading 14 Unused Serialized files (Serialized files now loaded: 0)
Unloading 7013 unused Assets / (3.2 MB). Loaded Objects now: 7785.
Memory consumption went from 149.1 MB to 145.9 MB.
Total: 31.279625 ms (FindLiveObjects: 0.900084 ms CreateObjectMapping: 0.515709 ms MarkObjects: 24.671125 ms  DeleteObjects: 5.191708 ms)

Prepare: number of updated asset objects reloaded= 0
========================================================================
Received Prepare
Begin MonoManager ReloadAssembly
Thread 0x16ded7000 may have been prematurely finalized
Symbol file LoadedFromMemory is not a mono symbol file
- Loaded All Assemblies, in  2.996 seconds
'Assets/Photon/Fusion/Runtime/Fusion.Unity.cs' contains partial class of Unity.Object, exactly 1 of the partial classes needs to be in a file with the same filename. This is to know the one that can be referenced from ie. GameObjects
'Assets/Photon/Fusion/Runtime/Fusion.Unity.cs' contains partial class of Unity.Object, exactly 1 of the partial classes needs to be in a file with the same filename. This is to know the one that can be referenced from ie. GameObjects
Refreshing native plugins compatible for Editor in 8.66 ms, found 4 plugins.
Native extension for OSXStandalone target not found
System.Reflection.TargetInvocationException: Exception has been thrown by the target of an invocation. ---> System.NullReferenceException: Object reference not set to an instance of an object
  at Unity.Multiplayer.Playmode.Workflow.Editor.ProjectDataStore..ctor (System.String directory) [0x0006e] in ./Library/PackageCache/com.unity.multiplayer.playmode@3acaa705f0f9/Workflow/Editor/Configuration/ProjectDataStore.cs:55 
  at Unity.Multiplayer.Playmode.Workflow.Editor.ProjectDataStore.GetMain () [0x00000] in ./Library/PackageCache/com.unity.multiplayer.playmode@3acaa705f0f9/Workflow/Editor/Configuration/ProjectDataStore.cs:36 
  at Unity.Multiplayer.Playmode.Workflow.Editor.WorkflowMainEditorContext..ctor (Unity.Multiplayer.Playmode.VirtualProjects.Editor.MainEditorContext mainEditorContext) [0x0002c] in ./Library/PackageCache/com.unity.multiplayer.playmode@3acaa705f0f9/Workflow/Editor/Contexts/WorkflowMainEditorContext.cs:15 
  at Unity.Multiplayer.Playmode.Workflow.Editor.VirtualProjectWorkflow.InitializeMPPMContexts () [0x00018] in ./Library/PackageCache/com.unity.multiplayer.playmode@3acaa705f0f9/Workflow/Editor/Workflow/VirtualProjectWorkflow.cs:204 
  at Unity.Multiplayer.Playmode.Workflow.Editor.VirtualProjectWorkflow+<>c.<.cctor>b__22_0 () [0x00036] in ./Library/PackageCache/com.unity.multiplayer.playmode@3acaa705f0f9/Workflow/Editor/Workflow/VirtualProjectWorkflow.cs:85 
  at Unity.Multiplayer.Playmode.VirtualProjects.Editor.EditorContexts.SendReadyEvent () [0x00038] in ./Library/PackageCache/com.unity.multiplayer.playmode@3acaa705f0f9/VirtualProjects/Editor/Contexts/EditorContexts.cs:56 
  at (wrapper managed-to-native) System.Reflection.RuntimeMethodInfo.InternalInvoke(System.Reflection.RuntimeMethodInfo,object,object[],System.Exception&)
  at System.Reflection.RuntimeMethodInfo.Invoke (System.Object obj, System.Reflection.BindingFlags invokeAttr, System.Reflection.Binder binder, System.Object[] parameters, System.Globalization.CultureInfo culture) [0x0006a] in <c0ef40ba0fc84b3b8725b73e9957d1b5>:0 
   --- End of inner exception stack trace ---
  at System.Reflection.RuntimeMethodInfo.Invoke (System.Object obj, System.Reflection.BindingFlags invokeAttr, System.Reflection.Binder binder, System.Object[] parameters, System.Globalization.CultureInfo culture) [0x00083] in <c0ef40ba0fc84b3b8725b73e9957d1b5>:0 
  at System.Reflection.MethodBase.Invoke (System.Object obj, System.Object[] parameters) [0x00000] in <c0ef40ba0fc84b3b8725b73e9957d1b5>:0 
  at UnityEditor.EditorAssemblies.ProcessInitializeOnLoadMethodAttributes () [0x00087] in /Users/bokken/build/output/unity/unity/Editor/Mono/EditorAssemblies.cs:152 
UnityEngine.Debug:ExtractStackTraceNoAlloc (byte*,int,string)
UnityEngine.StackTraceUtility:ExtractStackTrace () (at /Users/bokken/build/output/unity/unity/Runtime/Export/Scripting/StackTrace.cs:35)
UnityEngine.DebugLogHandler:Internal_Log (UnityEngine.LogType,UnityEngine.LogOption,string,UnityEngine.Object)
UnityEngine.DebugLogHandler:LogFormat (UnityEngine.LogType,UnityEngine.Object,string,object[])
UnityEngine.Logger:Log (UnityEngine.LogType,object)
UnityEngine.Debug:LogError (object)
UnityEditor.EditorAssemblies:ProcessInitializeOnLoadMethodAttributes () (at /Users/bokken/build/output/unity/unity/Editor/Mono/EditorAssemblies.cs:156)

(Filename: /Users/bokken/build/output/unity/unity/Editor/Mono/EditorAssemblies.cs Line: 156)

Mono: successfully reloaded assembly
- Finished resetting the current domain, in  1.540 seconds
Domain Reload Profiling: 4545ms
	BeginReloadAssembly (1912ms)
		ExecutionOrderSort (0ms)
		DisableScriptedObjects (711ms)
		BackupInstance (0ms)
		ReleaseScriptingObjects (3ms)
		CreateAndSetChildDomain (379ms)
	RebuildCommonClasses (44ms)
	RebuildNativeTypeToScriptingClass (18ms)
	initialDomainReloadingComplete (49ms)
	LoadAllAssembliesAndSetupDomain (981ms)
		LoadAssemblies (801ms)
		RebuildTransferFunctionScriptingTraits (0ms)
		AnalyzeDomain (552ms)
			TypeCache.Refresh (71ms)
				TypeCache.ScanAssembly (0ms)
			BuildScriptInfoCaches (456ms)
			ResolveRequiredComponents (16ms)
	FinalizeReload (1541ms)
		ReleaseScriptCaches (0ms)
		RebuildScriptCaches (0ms)
		SetupLoadedEditorAssemblies (1250ms)
			LogAssemblyErrors (0ms)
			InitializePlatformSupportModulesInManaged (7ms)
			SetLoadedEditorAssemblies (10ms)
			BeforeProcessingInitializeOnLoad (243ms)
			ProcessInitializeOnLoadAttributes (677ms)
			ProcessInitializeOnLoadMethodAttributes (306ms)
			AfterProcessingInitializeOnLoad (5ms)
			EditorAssembliesLoaded (2ms)
		ExecutionOrderSort2 (0ms)
		AwakeInstancesAfterBackupRestoration (47ms)
WARNING: Shader Unsupported: 'Universal Render Pipeline/VR/SpatialMapping/Wireframe' - All subshaders removed
WARNING: Shader Did you use #pragma only_renderers and omit this platform?
WARNING: Shader If subshaders removal was intentional, you may have forgotten turning Fallback off?
WARNING: Shader Unsupported: 'Universal Render Pipeline/VR/SpatialMapping/Wireframe' - All subshaders removed
WARNING: Shader Did you use #pragma only_renderers and omit this platform?
WARNING: Shader If subshaders removal was intentional, you may have forgotten turning Fallback off?
Refreshing native plugins compatible for Editor in 3.34 ms, found 4 plugins.
Preloading 0 native plugins for Editor in 0.00 ms.
Unloading 14 Unused Serialized files (Serialized files now loaded: 0)
Unloading 7015 unused Assets / (2.5 MB). Loaded Objects now: 7812.
Memory consumption went from 149.3 MB to 146.8 MB.
Total: 38.246583 ms (FindLiveObjects: 1.980166 ms CreateObjectMapping: 0.683250 ms MarkObjects: 33.389792 ms  DeleteObjects: 2.192708 ms)

Prepare: number of updated asset objects reloaded= 0
========================================================================
Received Prepare
Begin MonoManager ReloadAssembly
Thread 0x16ded7000 may have been prematurely finalized
Symbol file LoadedFromMemory is not a mono symbol file
- Loaded All Assemblies, in  2.003 seconds
'Assets/Photon/Fusion/Runtime/Fusion.Unity.cs' contains partial class of Unity.Object, exactly 1 of the partial classes needs to be in a file with the same filename. This is to know the one that can be referenced from ie. GameObjects
'Assets/Photon/Fusion/Runtime/Fusion.Unity.cs' contains partial class of Unity.Object, exactly 1 of the partial classes needs to be in a file with the same filename. This is to know the one that can be referenced from ie. GameObjects
Refreshing native plugins compatible for Editor in 1.09 ms, found 4 plugins.
Native extension for OSXStandalone target not found
System.Reflection.TargetInvocationException: Exception has been thrown by the target of an invocation. ---> System.NullReferenceException: Object reference not set to an instance of an object
  at Unity.Multiplayer.Playmode.Workflow.Editor.ProjectDataStore..ctor (System.String directory) [0x0006e] in ./Library/PackageCache/com.unity.multiplayer.playmode@3acaa705f0f9/Workflow/Editor/Configuration/ProjectDataStore.cs:55 
  at Unity.Multiplayer.Playmode.Workflow.Editor.ProjectDataStore.GetMain () [0x00000] in ./Library/PackageCache/com.unity.multiplayer.playmode@3acaa705f0f9/Workflow/Editor/Configuration/ProjectDataStore.cs:36 
  at Unity.Multiplayer.Playmode.Workflow.Editor.WorkflowMainEditorContext..ctor (Unity.Multiplayer.Playmode.VirtualProjects.Editor.MainEditorContext mainEditorContext) [0x0002c] in ./Library/PackageCache/com.unity.multiplayer.playmode@3acaa705f0f9/Workflow/Editor/Contexts/WorkflowMainEditorContext.cs:15 
  at Unity.Multiplayer.Playmode.Workflow.Editor.VirtualProjectWorkflow.InitializeMPPMContexts () [0x00018] in ./Library/PackageCache/com.unity.multiplayer.playmode@3acaa705f0f9/Workflow/Editor/Workflow/VirtualProjectWorkflow.cs:204 
  at Unity.Multiplayer.Playmode.Workflow.Editor.VirtualProjectWorkflow+<>c.<.cctor>b__22_0 () [0x00036] in ./Library/PackageCache/com.unity.multiplayer.playmode@3acaa705f0f9/Workflow/Editor/Workflow/VirtualProjectWorkflow.cs:85 
  at Unity.Multiplayer.Playmode.VirtualProjects.Editor.EditorContexts.SendReadyEvent () [0x00038] in ./Library/PackageCache/com.unity.multiplayer.playmode@3acaa705f0f9/VirtualProjects/Editor/Contexts/EditorContexts.cs:56 
  at (wrapper managed-to-native) System.Reflection.RuntimeMethodInfo.InternalInvoke(System.Reflection.RuntimeMethodInfo,object,object[],System.Exception&)
  at System.Reflection.RuntimeMethodInfo.Invoke (System.Object obj, System.Reflection.BindingFlags invokeAttr, System.Reflection.Binder binder, System.Object[] parameters, System.Globalization.CultureInfo culture) [0x0006a] in <c0ef40ba0fc84b3b8725b73e9957d1b5>:0 
   --- End of inner exception stack trace ---
  at System.Reflection.RuntimeMethodInfo.Invoke (System.Object obj, System.Reflection.BindingFlags invokeAttr, System.Reflection.Binder binder, System.Object[] parameters, System.Globalization.CultureInfo culture) [0x00083] in <c0ef40ba0fc84b3b8725b73e9957d1b5>:0 
  at System.Reflection.MethodBase.Invoke (System.Object obj, System.Object[] parameters) [0x00000] in <c0ef40ba0fc84b3b8725b73e9957d1b5>:0 
  at UnityEditor.EditorAssemblies.ProcessInitializeOnLoadMethodAttributes () [0x00087] in /Users/bokken/build/output/unity/unity/Editor/Mono/EditorAssemblies.cs:152 
UnityEngine.Debug:ExtractStackTraceNoAlloc (byte*,int,string)
UnityEngine.StackTraceUtility:ExtractStackTrace () (at /Users/bokken/build/output/unity/unity/Runtime/Export/Scripting/StackTrace.cs:35)
UnityEngine.DebugLogHandler:Internal_Log (UnityEngine.LogType,UnityEngine.LogOption,string,UnityEngine.Object)
UnityEngine.DebugLogHandler:LogFormat (UnityEngine.LogType,UnityEngine.Object,string,object[])
UnityEngine.Logger:Log (UnityEngine.LogType,object)
UnityEngine.Debug:LogError (object)
UnityEditor.EditorAssemblies:ProcessInitializeOnLoadMethodAttributes () (at /Users/bokken/build/output/unity/unity/Editor/Mono/EditorAssemblies.cs:156)

(Filename: /Users/bokken/build/output/unity/unity/Editor/Mono/EditorAssemblies.cs Line: 156)

Mono: successfully reloaded assembly
- Finished resetting the current domain, in  1.767 seconds
Domain Reload Profiling: 3773ms
	BeginReloadAssembly (848ms)
		ExecutionOrderSort (1ms)
		DisableScriptedObjects (120ms)
		BackupInstance (0ms)
		ReleaseScriptingObjects (2ms)
		CreateAndSetChildDomain (341ms)
	RebuildCommonClasses (57ms)
	RebuildNativeTypeToScriptingClass (12ms)
	initialDomainReloadingComplete (49ms)
	LoadAllAssembliesAndSetupDomain (1038ms)
		LoadAssemblies (806ms)
		RebuildTransferFunctionScriptingTraits (0ms)
		AnalyzeDomain (449ms)
			TypeCache.Refresh (64ms)
				TypeCache.ScanAssembly (1ms)
			BuildScriptInfoCaches (368ms)
			ResolveRequiredComponents (12ms)
	FinalizeReload (1768ms)
		ReleaseScriptCaches (0ms)
		RebuildScriptCaches (0ms)
		SetupLoadedEditorAssemblies (1569ms)
			LogAssemblyErrors (0ms)
			InitializePlatformSupportModulesInManaged (703ms)
			SetLoadedEditorAssemblies (6ms)
			BeforeProcessingInitializeOnLoad (134ms)
			ProcessInitializeOnLoadAttributes (486ms)
			ProcessInitializeOnLoadMethodAttributes (234ms)
			AfterProcessingInitializeOnLoad (3ms)
			EditorAssembliesLoaded (2ms)
		ExecutionOrderSort2 (1ms)
		AwakeInstancesAfterBackupRestoration (49ms)
WARNING: Shader Unsupported: 'Universal Render Pipeline/VR/SpatialMapping/Wireframe' - All subshaders removed
WARNING: Shader Did you use #pragma only_renderers and omit this platform?
WARNING: Shader If subshaders removal was intentional, you may have forgotten turning Fallback off?
WARNING: Shader Unsupported: 'Universal Render Pipeline/VR/SpatialMapping/Wireframe' - All subshaders removed
WARNING: Shader Did you use #pragma only_renderers and omit this platform?
WARNING: Shader If subshaders removal was intentional, you may have forgotten turning Fallback off?
Refreshing native plugins compatible for Editor in 1.40 ms, found 4 plugins.
Preloading 0 native plugins for Editor in 0.00 ms.
Unloading 14 Unused Serialized files (Serialized files now loaded: 0)
Unloading 7015 unused Assets / (2.6 MB). Loaded Objects now: 7813.
Memory consumption went from 149.5 MB to 146.9 MB.
Total: 27.764916 ms (FindLiveObjects: 1.037042 ms CreateObjectMapping: 0.614375 ms MarkObjects: 19.483125 ms  DeleteObjects: 6.617583 ms)

Prepare: number of updated asset objects reloaded= 0
========================================================================
Received Prepare
Begin MonoManager ReloadAssembly
Thread 0x16ded7000 may have been prematurely finalized
Symbol file LoadedFromMemory is not a mono symbol file
- Loaded All Assemblies, in  1.204 seconds
'Assets/Photon/Fusion/Runtime/Fusion.Unity.cs' contains partial class of Unity.Object, exactly 1 of the partial classes needs to be in a file with the same filename. This is to know the one that can be referenced from ie. GameObjects
'Assets/Photon/Fusion/Runtime/Fusion.Unity.cs' contains partial class of Unity.Object, exactly 1 of the partial classes needs to be in a file with the same filename. This is to know the one that can be referenced from ie. GameObjects
Refreshing native plugins compatible for Editor in 1.18 ms, found 4 plugins.
Native extension for OSXStandalone target not found
System.Reflection.TargetInvocationException: Exception has been thrown by the target of an invocation. ---> System.NullReferenceException: Object reference not set to an instance of an object
  at Unity.Multiplayer.Playmode.Workflow.Editor.ProjectDataStore..ctor (System.String directory) [0x0006e] in ./Library/PackageCache/com.unity.multiplayer.playmode@3acaa705f0f9/Workflow/Editor/Configuration/ProjectDataStore.cs:55 
  at Unity.Multiplayer.Playmode.Workflow.Editor.ProjectDataStore.GetMain () [0x00000] in ./Library/PackageCache/com.unity.multiplayer.playmode@3acaa705f0f9/Workflow/Editor/Configuration/ProjectDataStore.cs:36 
  at Unity.Multiplayer.Playmode.Workflow.Editor.WorkflowMainEditorContext..ctor (Unity.Multiplayer.Playmode.VirtualProjects.Editor.MainEditorContext mainEditorContext) [0x0002c] in ./Library/PackageCache/com.unity.multiplayer.playmode@3acaa705f0f9/Workflow/Editor/Contexts/WorkflowMainEditorContext.cs:15 
  at Unity.Multiplayer.Playmode.Workflow.Editor.VirtualProjectWorkflow.InitializeMPPMContexts () [0x00018] in ./Library/PackageCache/com.unity.multiplayer.playmode@3acaa705f0f9/Workflow/Editor/Workflow/VirtualProjectWorkflow.cs:204 
  at Unity.Multiplayer.Playmode.Workflow.Editor.VirtualProjectWorkflow+<>c.<.cctor>b__22_0 () [0x00036] in ./Library/PackageCache/com.unity.multiplayer.playmode@3acaa705f0f9/Workflow/Editor/Workflow/VirtualProjectWorkflow.cs:85 
  at Unity.Multiplayer.Playmode.VirtualProjects.Editor.EditorContexts.SendReadyEvent () [0x00038] in ./Library/PackageCache/com.unity.multiplayer.playmode@3acaa705f0f9/VirtualProjects/Editor/Contexts/EditorContexts.cs:56 
  at (wrapper managed-to-native) System.Reflection.RuntimeMethodInfo.InternalInvoke(System.Reflection.RuntimeMethodInfo,object,object[],System.Exception&)
  at System.Reflection.RuntimeMethodInfo.Invoke (System.Object obj, System.Reflection.BindingFlags invokeAttr, System.Reflection.Binder binder, System.Object[] parameters, System.Globalization.CultureInfo culture) [0x0006a] in <c0ef40ba0fc84b3b8725b73e9957d1b5>:0 
   --- End of inner exception stack trace ---
  at System.Reflection.RuntimeMethodInfo.Invoke (System.Object obj, System.Reflection.BindingFlags invokeAttr, System.Reflection.Binder binder, System.Object[] parameters, System.Globalization.CultureInfo culture) [0x00083] in <c0ef40ba0fc84b3b8725b73e9957d1b5>:0 
  at System.Reflection.MethodBase.Invoke (System.Object obj, System.Object[] parameters) [0x00000] in <c0ef40ba0fc84b3b8725b73e9957d1b5>:0 
  at UnityEditor.EditorAssemblies.ProcessInitializeOnLoadMethodAttributes () [0x00087] in /Users/bokken/build/output/unity/unity/Editor/Mono/EditorAssemblies.cs:152 
UnityEngine.Debug:ExtractStackTraceNoAlloc (byte*,int,string)
UnityEngine.StackTraceUtility:ExtractStackTrace () (at /Users/bokken/build/output/unity/unity/Runtime/Export/Scripting/StackTrace.cs:35)
UnityEngine.DebugLogHandler:Internal_Log (UnityEngine.LogType,UnityEngine.LogOption,string,UnityEngine.Object)
UnityEngine.DebugLogHandler:LogFormat (UnityEngine.LogType,UnityEngine.Object,string,object[])
UnityEngine.Logger:Log (UnityEngine.LogType,object)
UnityEngine.Debug:LogError (object)
UnityEditor.EditorAssemblies:ProcessInitializeOnLoadMethodAttributes () (at /Users/bokken/build/output/unity/unity/Editor/Mono/EditorAssemblies.cs:156)

(Filename: /Users/bokken/build/output/unity/unity/Editor/Mono/EditorAssemblies.cs Line: 156)

Mono: successfully reloaded assembly
- Finished resetting the current domain, in  0.858 seconds
Domain Reload Profiling: 2065ms
	BeginReloadAssembly (299ms)
		ExecutionOrderSort (0ms)
		DisableScriptedObjects (30ms)
		BackupInstance (0ms)
		ReleaseScriptingObjects (0ms)
		CreateAndSetChildDomain (112ms)
	RebuildCommonClasses (35ms)
	RebuildNativeTypeToScriptingClass (14ms)
	initialDomainReloadingComplete (39ms)
	LoadAllAssembliesAndSetupDomain (820ms)
		LoadAssemblies (548ms)
		RebuildTransferFunctionScriptingTraits (0ms)
		AnalyzeDomain (360ms)
			TypeCache.Refresh (48ms)
				TypeCache.ScanAssembly (0ms)
			BuildScriptInfoCaches (297ms)
			ResolveRequiredComponents (12ms)
	FinalizeReload (858ms)
		ReleaseScriptCaches (0ms)
		RebuildScriptCaches (0ms)
		SetupLoadedEditorAssemblies (677ms)
			LogAssemblyErrors (1ms)
			InitializePlatformSupportModulesInManaged (3ms)
			SetLoadedEditorAssemblies (5ms)
			BeforeProcessingInitializeOnLoad (155ms)
			ProcessInitializeOnLoadAttributes (382ms)
			ProcessInitializeOnLoadMethodAttributes (129ms)
			AfterProcessingInitializeOnLoad (1ms)
			EditorAssembliesLoaded (1ms)
		ExecutionOrderSort2 (0ms)
		AwakeInstancesAfterBackupRestoration (21ms)
WARNING: Shader Unsupported: 'Universal Render Pipeline/VR/SpatialMapping/Wireframe' - All subshaders removed
WARNING: Shader Did you use #pragma only_renderers and omit this platform?
WARNING: Shader If subshaders removal was intentional, you may have forgotten turning Fallback off?
WARNING: Shader Unsupported: 'Universal Render Pipeline/VR/SpatialMapping/Wireframe' - All subshaders removed
WARNING: Shader Did you use #pragma only_renderers and omit this platform?
WARNING: Shader If subshaders removal was intentional, you may have forgotten turning Fallback off?
Refreshing native plugins compatible for Editor in 4.99 ms, found 4 plugins.
Preloading 0 native plugins for Editor in 0.00 ms.
Unloading 14 Unused Serialized files (Serialized files now loaded: 0)
Unloading 7014 unused Assets / (2.4 MB). Loaded Objects now: 7816.
Memory consumption went from 149.5 MB to 147.2 MB.
Total: 13.943500 ms (FindLiveObjects: 2.603792 ms CreateObjectMapping: 1.508750 ms MarkObjects: 7.893083 ms  DeleteObjects: 1.937416 ms)

Prepare: number of updated asset objects reloaded= 0
========================================================================
Received Prepare
Begin MonoManager ReloadAssembly
Thread 0x16ded7000 may have been prematurely finalized
Symbol file LoadedFromMemory is not a mono symbol file
- Loaded All Assemblies, in  0.970 seconds
'Assets/Photon/Fusion/Runtime/Fusion.Unity.cs' contains partial class of Unity.Object, exactly 1 of the partial classes needs to be in a file with the same filename. This is to know the one that can be referenced from ie. GameObjects
'Assets/Photon/Fusion/Runtime/Fusion.Unity.cs' contains partial class of Unity.Object, exactly 1 of the partial classes needs to be in a file with the same filename. This is to know the one that can be referenced from ie. GameObjects
Refreshing native plugins compatible for Editor in 2.46 ms, found 4 plugins.
Native extension for OSXStandalone target not found
System.Reflection.TargetInvocationException: Exception has been thrown by the target of an invocation. ---> System.NullReferenceException: Object reference not set to an instance of an object
  at Unity.Multiplayer.Playmode.Workflow.Editor.ProjectDataStore..ctor (System.String directory) [0x0006e] in ./Library/PackageCache/com.unity.multiplayer.playmode@3acaa705f0f9/Workflow/Editor/Configuration/ProjectDataStore.cs:55 
  at Unity.Multiplayer.Playmode.Workflow.Editor.ProjectDataStore.GetMain () [0x00000] in ./Library/PackageCache/com.unity.multiplayer.playmode@3acaa705f0f9/Workflow/Editor/Configuration/ProjectDataStore.cs:36 
  at Unity.Multiplayer.Playmode.Workflow.Editor.WorkflowMainEditorContext..ctor (Unity.Multiplayer.Playmode.VirtualProjects.Editor.MainEditorContext mainEditorContext) [0x0002c] in ./Library/PackageCache/com.unity.multiplayer.playmode@3acaa705f0f9/Workflow/Editor/Contexts/WorkflowMainEditorContext.cs:15 
  at Unity.Multiplayer.Playmode.Workflow.Editor.VirtualProjectWorkflow.InitializeMPPMContexts () [0x00018] in ./Library/PackageCache/com.unity.multiplayer.playmode@3acaa705f0f9/Workflow/Editor/Workflow/VirtualProjectWorkflow.cs:204 
  at Unity.Multiplayer.Playmode.Workflow.Editor.VirtualProjectWorkflow+<>c.<.cctor>b__22_0 () [0x00036] in ./Library/PackageCache/com.unity.multiplayer.playmode@3acaa705f0f9/Workflow/Editor/Workflow/VirtualProjectWorkflow.cs:85 
  at Unity.Multiplayer.Playmode.VirtualProjects.Editor.EditorContexts.SendReadyEvent () [0x00038] in ./Library/PackageCache/com.unity.multiplayer.playmode@3acaa705f0f9/VirtualProjects/Editor/Contexts/EditorContexts.cs:56 
  at (wrapper managed-to-native) System.Reflection.RuntimeMethodInfo.InternalInvoke(System.Reflection.RuntimeMethodInfo,object,object[],System.Exception&)
  at System.Reflection.RuntimeMethodInfo.Invoke (System.Object obj, System.Reflection.BindingFlags invokeAttr, System.Reflection.Binder binder, System.Object[] parameters, System.Globalization.CultureInfo culture) [0x0006a] in <c0ef40ba0fc84b3b8725b73e9957d1b5>:0 
   --- End of inner exception stack trace ---
  at System.Reflection.RuntimeMethodInfo.Invoke (System.Object obj, System.Reflection.BindingFlags invokeAttr, System.Reflection.Binder binder, System.Object[] parameters, System.Globalization.CultureInfo culture) [0x00083] in <c0ef40ba0fc84b3b8725b73e9957d1b5>:0 
  at System.Reflection.MethodBase.Invoke (System.Object obj, System.Object[] parameters) [0x00000] in <c0ef40ba0fc84b3b8725b73e9957d1b5>:0 
  at UnityEditor.EditorAssemblies.ProcessInitializeOnLoadMethodAttributes () [0x00087] in /Users/bokken/build/output/unity/unity/Editor/Mono/EditorAssemblies.cs:152 
UnityEngine.Debug:ExtractStackTraceNoAlloc (byte*,int,string)
UnityEngine.StackTraceUtility:ExtractStackTrace () (at /Users/bokken/build/output/unity/unity/Runtime/Export/Scripting/StackTrace.cs:35)
UnityEngine.DebugLogHandler:Internal_Log (UnityEngine.LogType,UnityEngine.LogOption,string,UnityEngine.Object)
UnityEngine.DebugLogHandler:LogFormat (UnityEngine.LogType,UnityEngine.Object,string,object[])
UnityEngine.Logger:Log (UnityEngine.LogType,object)
UnityEngine.Debug:LogError (object)
UnityEditor.EditorAssemblies:ProcessInitializeOnLoadMethodAttributes () (at /Users/bokken/build/output/unity/unity/Editor/Mono/EditorAssemblies.cs:156)

(Filename: /Users/bokken/build/output/unity/unity/Editor/Mono/EditorAssemblies.cs Line: 156)

Mono: successfully reloaded assembly
- Finished resetting the current domain, in  0.946 seconds
Domain Reload Profiling: 1920ms
	BeginReloadAssembly (287ms)
		ExecutionOrderSort (0ms)
		DisableScriptedObjects (28ms)
		BackupInstance (0ms)
		ReleaseScriptingObjects (0ms)
		CreateAndSetChildDomain (127ms)
	RebuildCommonClasses (37ms)
	RebuildNativeTypeToScriptingClass (11ms)
	initialDomainReloadingComplete (24ms)
	LoadAllAssembliesAndSetupDomain (613ms)
		LoadAssemblies (348ms)
		RebuildTransferFunctionScriptingTraits (0ms)
		AnalyzeDomain (316ms)
			TypeCache.Refresh (41ms)
				TypeCache.ScanAssembly (0ms)
			BuildScriptInfoCaches (256ms)
			ResolveRequiredComponents (12ms)
	FinalizeReload (947ms)
		ReleaseScriptCaches (0ms)
		RebuildScriptCaches (0ms)
		SetupLoadedEditorAssemblies (752ms)
			LogAssemblyErrors (1ms)
			InitializePlatformSupportModulesInManaged (5ms)
			SetLoadedEditorAssemblies (11ms)
			BeforeProcessingInitializeOnLoad (195ms)
			ProcessInitializeOnLoadAttributes (396ms)
			ProcessInitializeOnLoadMethodAttributes (141ms)
			AfterProcessingInitializeOnLoad (1ms)
			EditorAssembliesLoaded (1ms)
		ExecutionOrderSort2 (0ms)
		AwakeInstancesAfterBackupRestoration (38ms)
WARNING: Shader Unsupported: 'Universal Render Pipeline/VR/SpatialMapping/Wireframe' - All subshaders removed
WARNING: Shader Did you use #pragma only_renderers and omit this platform?
WARNING: Shader If subshaders removal was intentional, you may have forgotten turning Fallback off?
WARNING: Shader Unsupported: 'Universal Render Pipeline/VR/SpatialMapping/Wireframe' - All subshaders removed
WARNING: Shader Did you use #pragma only_renderers and omit this platform?
WARNING: Shader If subshaders removal was intentional, you may have forgotten turning Fallback off?
Refreshing native plugins compatible for Editor in 1.52 ms, found 4 plugins.
Preloading 0 native plugins for Editor in 0.00 ms.
Unloading 14 Unused Serialized files (Serialized files now loaded: 0)
Unloading 7014 unused Assets / (3.1 MB). Loaded Objects now: 7818.
Memory consumption went from 149.6 MB to 146.5 MB.
Total: 10.004083 ms (FindLiveObjects: 0.722042 ms CreateObjectMapping: 0.506833 ms MarkObjects: 6.793417 ms  DeleteObjects: 1.980542 ms)

Prepare: number of updated asset objects reloaded= 0
========================================================================
Received Prepare
Begin MonoManager ReloadAssembly
Thread 0x16ded7000 may have been prematurely finalized
Symbol file LoadedFromMemory is not a mono symbol file
- Loaded All Assemblies, in  1.561 seconds
'Assets/Photon/Fusion/Runtime/Fusion.Unity.cs' contains partial class of Unity.Object, exactly 1 of the partial classes needs to be in a file with the same filename. This is to know the one that can be referenced from ie. GameObjects
'Assets/Photon/Fusion/Runtime/Fusion.Unity.cs' contains partial class of Unity.Object, exactly 1 of the partial classes needs to be in a file with the same filename. This is to know the one that can be referenced from ie. GameObjects
Refreshing native plugins compatible for Editor in 1.21 ms, found 4 plugins.
Native extension for OSXStandalone target not found
System.Reflection.TargetInvocationException: Exception has been thrown by the target of an invocation. ---> System.NullReferenceException: Object reference not set to an instance of an object
  at Unity.Multiplayer.Playmode.Workflow.Editor.ProjectDataStore..ctor (System.String directory) [0x0006e] in ./Library/PackageCache/com.unity.multiplayer.playmode@3acaa705f0f9/Workflow/Editor/Configuration/ProjectDataStore.cs:55 
  at Unity.Multiplayer.Playmode.Workflow.Editor.ProjectDataStore.GetMain () [0x00000] in ./Library/PackageCache/com.unity.multiplayer.playmode@3acaa705f0f9/Workflow/Editor/Configuration/ProjectDataStore.cs:36 
  at Unity.Multiplayer.Playmode.Workflow.Editor.WorkflowMainEditorContext..ctor (Unity.Multiplayer.Playmode.VirtualProjects.Editor.MainEditorContext mainEditorContext) [0x0002c] in ./Library/PackageCache/com.unity.multiplayer.playmode@3acaa705f0f9/Workflow/Editor/Contexts/WorkflowMainEditorContext.cs:15 
  at Unity.Multiplayer.Playmode.Workflow.Editor.VirtualProjectWorkflow.InitializeMPPMContexts () [0x00018] in ./Library/PackageCache/com.unity.multiplayer.playmode@3acaa705f0f9/Workflow/Editor/Workflow/VirtualProjectWorkflow.cs:204 
  at Unity.Multiplayer.Playmode.Workflow.Editor.VirtualProjectWorkflow+<>c.<.cctor>b__22_0 () [0x00036] in ./Library/PackageCache/com.unity.multiplayer.playmode@3acaa705f0f9/Workflow/Editor/Workflow/VirtualProjectWorkflow.cs:85 
  at Unity.Multiplayer.Playmode.VirtualProjects.Editor.EditorContexts.SendReadyEvent () [0x00038] in ./Library/PackageCache/com.unity.multiplayer.playmode@3acaa705f0f9/VirtualProjects/Editor/Contexts/EditorContexts.cs:56 
  at (wrapper managed-to-native) System.Reflection.RuntimeMethodInfo.InternalInvoke(System.Reflection.RuntimeMethodInfo,object,object[],System.Exception&)
  at System.Reflection.RuntimeMethodInfo.Invoke (System.Object obj, System.Reflection.BindingFlags invokeAttr, System.Reflection.Binder binder, System.Object[] parameters, System.Globalization.CultureInfo culture) [0x0006a] in <c0ef40ba0fc84b3b8725b73e9957d1b5>:0 
   --- End of inner exception stack trace ---
  at System.Reflection.RuntimeMethodInfo.Invoke (System.Object obj, System.Reflection.BindingFlags invokeAttr, System.Reflection.Binder binder, System.Object[] parameters, System.Globalization.CultureInfo culture) [0x00083] in <c0ef40ba0fc84b3b8725b73e9957d1b5>:0 
  at System.Reflection.MethodBase.Invoke (System.Object obj, System.Object[] parameters) [0x00000] in <c0ef40ba0fc84b3b8725b73e9957d1b5>:0 
  at UnityEditor.EditorAssemblies.ProcessInitializeOnLoadMethodAttributes () [0x00087] in /Users/bokken/build/output/unity/unity/Editor/Mono/EditorAssemblies.cs:152 
UnityEngine.Debug:ExtractStackTraceNoAlloc (byte*,int,string)
UnityEngine.StackTraceUtility:ExtractStackTrace () (at /Users/bokken/build/output/unity/unity/Runtime/Export/Scripting/StackTrace.cs:35)
UnityEngine.DebugLogHandler:Internal_Log (UnityEngine.LogType,UnityEngine.LogOption,string,UnityEngine.Object)
UnityEngine.DebugLogHandler:LogFormat (UnityEngine.LogType,UnityEngine.Object,string,object[])
UnityEngine.Logger:Log (UnityEngine.LogType,object)
UnityEngine.Debug:LogError (object)
UnityEditor.EditorAssemblies:ProcessInitializeOnLoadMethodAttributes () (at /Users/bokken/build/output/unity/unity/Editor/Mono/EditorAssemblies.cs:156)

(Filename: /Users/bokken/build/output/unity/unity/Editor/Mono/EditorAssemblies.cs Line: 156)

Mono: successfully reloaded assembly
- Finished resetting the current domain, in  0.749 seconds
Domain Reload Profiling: 2311ms
	BeginReloadAssembly (759ms)
		ExecutionOrderSort (0ms)
		DisableScriptedObjects (76ms)
		BackupInstance (0ms)
		ReleaseScriptingObjects (4ms)
		CreateAndSetChildDomain (429ms)
	RebuildCommonClasses (51ms)
	RebuildNativeTypeToScriptingClass (11ms)
	initialDomainReloadingComplete (36ms)
	LoadAllAssembliesAndSetupDomain (704ms)
		LoadAssemblies (463ms)
		RebuildTransferFunctionScriptingTraits (0ms)
		AnalyzeDomain (343ms)
			TypeCache.Refresh (34ms)
				TypeCache.ScanAssembly (0ms)
			BuildScriptInfoCaches (281ms)
			ResolveRequiredComponents (16ms)
	FinalizeReload (749ms)
		ReleaseScriptCaches (0ms)
		RebuildScriptCaches (0ms)
		SetupLoadedEditorAssemblies (588ms)
			LogAssemblyErrors (0ms)
			InitializePlatformSupportModulesInManaged (2ms)
			SetLoadedEditorAssemblies (5ms)
			BeforeProcessingInitializeOnLoad (125ms)
			ProcessInitializeOnLoadAttributes (339ms)
			ProcessInitializeOnLoadMethodAttributes (117ms)
			AfterProcessingInitializeOnLoad (1ms)
			EditorAssembliesLoaded (0ms)
		ExecutionOrderSort2 (0ms)
		AwakeInstancesAfterBackupRestoration (22ms)
WARNING: Shader Unsupported: 'Universal Render Pipeline/VR/SpatialMapping/Wireframe' - All subshaders removed
WARNING: Shader Did you use #pragma only_renderers and omit this platform?
WARNING: Shader If subshaders removal was intentional, you may have forgotten turning Fallback off?
WARNING: Shader Unsupported: 'Universal Render Pipeline/VR/SpatialMapping/Wireframe' - All subshaders removed
WARNING: Shader Did you use #pragma only_renderers and omit this platform?
WARNING: Shader If subshaders removal was intentional, you may have forgotten turning Fallback off?
Refreshing native plugins compatible for Editor in 1.08 ms, found 4 plugins.
Preloading 0 native plugins for Editor in 0.00 ms.
Unloading 14 Unused Serialized files (Serialized files now loaded: 0)
Unloading 7014 unused Assets / (3.7 MB). Loaded Objects now: 7820.
Memory consumption went from 149.6 MB to 146.0 MB.
Total: 9.065708 ms (FindLiveObjects: 0.733458 ms CreateObjectMapping: 0.405625 ms MarkObjects: 6.206958 ms  DeleteObjects: 1.719250 ms)

Prepare: number of updated asset objects reloaded= 0
========================================================================
Received Prepare
Begin MonoManager ReloadAssembly
Thread 0x16ded7000 may have been prematurely finalized
Symbol file LoadedFromMemory is not a mono symbol file
- Loaded All Assemblies, in  1.027 seconds
'Assets/Photon/Fusion/Runtime/Fusion.Unity.cs' contains partial class of Unity.Object, exactly 1 of the partial classes needs to be in a file with the same filename. This is to know the one that can be referenced from ie. GameObjects
'Assets/Photon/Fusion/Runtime/Fusion.Unity.cs' contains partial class of Unity.Object, exactly 1 of the partial classes needs to be in a file with the same filename. This is to know the one that can be referenced from ie. GameObjects
Refreshing native plugins compatible for Editor in 1.18 ms, found 4 plugins.
Native extension for OSXStandalone target not found
System.Reflection.TargetInvocationException: Exception has been thrown by the target of an invocation. ---> System.NullReferenceException: Object reference not set to an instance of an object
  at Unity.Multiplayer.Playmode.Workflow.Editor.ProjectDataStore..ctor (System.String directory) [0x0006e] in ./Library/PackageCache/com.unity.multiplayer.playmode@3acaa705f0f9/Workflow/Editor/Configuration/ProjectDataStore.cs:55 
  at Unity.Multiplayer.Playmode.Workflow.Editor.ProjectDataStore.GetMain () [0x00000] in ./Library/PackageCache/com.unity.multiplayer.playmode@3acaa705f0f9/Workflow/Editor/Configuration/ProjectDataStore.cs:36 
  at Unity.Multiplayer.Playmode.Workflow.Editor.WorkflowMainEditorContext..ctor (Unity.Multiplayer.Playmode.VirtualProjects.Editor.MainEditorContext mainEditorContext) [0x0002c] in ./Library/PackageCache/com.unity.multiplayer.playmode@3acaa705f0f9/Workflow/Editor/Contexts/WorkflowMainEditorContext.cs:15 
  at Unity.Multiplayer.Playmode.Workflow.Editor.VirtualProjectWorkflow.InitializeMPPMContexts () [0x00018] in ./Library/PackageCache/com.unity.multiplayer.playmode@3acaa705f0f9/Workflow/Editor/Workflow/VirtualProjectWorkflow.cs:204 
  at Unity.Multiplayer.Playmode.Workflow.Editor.VirtualProjectWorkflow+<>c.<.cctor>b__22_0 () [0x00036] in ./Library/PackageCache/com.unity.multiplayer.playmode@3acaa705f0f9/Workflow/Editor/Workflow/VirtualProjectWorkflow.cs:85 
  at Unity.Multiplayer.Playmode.VirtualProjects.Editor.EditorContexts.SendReadyEvent () [0x00038] in ./Library/PackageCache/com.unity.multiplayer.playmode@3acaa705f0f9/VirtualProjects/Editor/Contexts/EditorContexts.cs:56 
  at (wrapper managed-to-native) System.Reflection.RuntimeMethodInfo.InternalInvoke(System.Reflection.RuntimeMethodInfo,object,object[],System.Exception&)
  at System.Reflection.RuntimeMethodInfo.Invoke (System.Object obj, System.Reflection.BindingFlags invokeAttr, System.Reflection.Binder binder, System.Object[] parameters, System.Globalization.CultureInfo culture) [0x0006a] in <c0ef40ba0fc84b3b8725b73e9957d1b5>:0 
   --- End of inner exception stack trace ---
  at System.Reflection.RuntimeMethodInfo.Invoke (System.Object obj, System.Reflection.BindingFlags invokeAttr, System.Reflection.Binder binder, System.Object[] parameters, System.Globalization.CultureInfo culture) [0x00083] in <c0ef40ba0fc84b3b8725b73e9957d1b5>:0 
  at System.Reflection.MethodBase.Invoke (System.Object obj, System.Object[] parameters) [0x00000] in <c0ef40ba0fc84b3b8725b73e9957d1b5>:0 
  at UnityEditor.EditorAssemblies.ProcessInitializeOnLoadMethodAttributes () [0x00087] in /Users/bokken/build/output/unity/unity/Editor/Mono/EditorAssemblies.cs:152 
UnityEngine.Debug:ExtractStackTraceNoAlloc (byte*,int,string)
UnityEngine.StackTraceUtility:ExtractStackTrace () (at /Users/bokken/build/output/unity/unity/Runtime/Export/Scripting/StackTrace.cs:35)
UnityEngine.DebugLogHandler:Internal_Log (UnityEngine.LogType,UnityEngine.LogOption,string,UnityEngine.Object)
UnityEngine.DebugLogHandler:LogFormat (UnityEngine.LogType,UnityEngine.Object,string,object[])
UnityEngine.Logger:Log (UnityEngine.LogType,object)
UnityEngine.Debug:LogError (object)
UnityEditor.EditorAssemblies:ProcessInitializeOnLoadMethodAttributes () (at /Users/bokken/build/output/unity/unity/Editor/Mono/EditorAssemblies.cs:156)

(Filename: /Users/bokken/build/output/unity/unity/Editor/Mono/EditorAssemblies.cs Line: 156)

Mono: successfully reloaded assembly
- Finished resetting the current domain, in  0.805 seconds
Domain Reload Profiling: 1835ms
	BeginReloadAssembly (307ms)
		ExecutionOrderSort (0ms)
		DisableScriptedObjects (34ms)
		BackupInstance (0ms)
		ReleaseScriptingObjects (0ms)
		CreateAndSetChildDomain (116ms)
	RebuildCommonClasses (39ms)
	RebuildNativeTypeToScriptingClass (11ms)
	initialDomainReloadingComplete (26ms)
	LoadAllAssembliesAndSetupDomain (648ms)
		LoadAssemblies (396ms)
		RebuildTransferFunctionScriptingTraits (0ms)
		AnalyzeDomain (325ms)
			TypeCache.Refresh (21ms)
				TypeCache.ScanAssembly (0ms)
			BuildScriptInfoCaches (275ms)
			ResolveRequiredComponents (22ms)
	FinalizeReload (805ms)
		ReleaseScriptCaches (0ms)
		RebuildScriptCaches (0ms)
		SetupLoadedEditorAssemblies (652ms)
			LogAssemblyErrors (0ms)
			InitializePlatformSupportModulesInManaged (4ms)
			SetLoadedEditorAssemblies (8ms)
			BeforeProcessingInitializeOnLoad (171ms)
			ProcessInitializeOnLoadAttributes (349ms)
			ProcessInitializeOnLoadMethodAttributes (119ms)
			AfterProcessingInitializeOnLoad (1ms)
			EditorAssembliesLoaded (0ms)
		ExecutionOrderSort2 (0ms)
		AwakeInstancesAfterBackupRestoration (18ms)
WARNING: Shader Unsupported: 'Universal Render Pipeline/VR/SpatialMapping/Wireframe' - All subshaders removed
WARNING: Shader Did you use #pragma only_renderers and omit this platform?
WARNING: Shader If subshaders removal was intentional, you may have forgotten turning Fallback off?
WARNING: Shader Unsupported: 'Universal Render Pipeline/VR/SpatialMapping/Wireframe' - All subshaders removed
WARNING: Shader Did you use #pragma only_renderers and omit this platform?
WARNING: Shader If subshaders removal was intentional, you may have forgotten turning Fallback off?
Refreshing native plugins compatible for Editor in 1.13 ms, found 4 plugins.
Preloading 0 native plugins for Editor in 0.00 ms.
Unloading 14 Unused Serialized files (Serialized files now loaded: 0)
Unloading 7014 unused Assets / (3.7 MB). Loaded Objects now: 7822.
Memory consumption went from 149.7 MB to 146.0 MB.
Total: 8.644917 ms (FindLiveObjects: 0.653417 ms CreateObjectMapping: 0.281417 ms MarkObjects: 4.637125 ms  DeleteObjects: 3.072625 ms)

Prepare: number of updated asset objects reloaded= 0
========================================================================
Received Prepare
Begin MonoManager ReloadAssembly
Thread 0x16ded7000 may have been prematurely finalized
Symbol file LoadedFromMemory is not a mono symbol file
- Loaded All Assemblies, in  2.780 seconds
'Assets/Photon/Fusion/Runtime/Fusion.Unity.cs' contains partial class of Unity.Object, exactly 1 of the partial classes needs to be in a file with the same filename. This is to know the one that can be referenced from ie. GameObjects
'Assets/Photon/Fusion/Runtime/Fusion.Unity.cs' contains partial class of Unity.Object, exactly 1 of the partial classes needs to be in a file with the same filename. This is to know the one that can be referenced from ie. GameObjects
Refreshing native plugins compatible for Editor in 1.12 ms, found 4 plugins.
Native extension for OSXStandalone target not found
System.Reflection.TargetInvocationException: Exception has been thrown by the target of an invocation. ---> System.NullReferenceException: Object reference not set to an instance of an object
  at Unity.Multiplayer.Playmode.Workflow.Editor.ProjectDataStore..ctor (System.String directory) [0x0006e] in ./Library/PackageCache/com.unity.multiplayer.playmode@3acaa705f0f9/Workflow/Editor/Configuration/ProjectDataStore.cs:55 
  at Unity.Multiplayer.Playmode.Workflow.Editor.ProjectDataStore.GetMain () [0x00000] in ./Library/PackageCache/com.unity.multiplayer.playmode@3acaa705f0f9/Workflow/Editor/Configuration/ProjectDataStore.cs:36 
  at Unity.Multiplayer.Playmode.Workflow.Editor.WorkflowMainEditorContext..ctor (Unity.Multiplayer.Playmode.VirtualProjects.Editor.MainEditorContext mainEditorContext) [0x0002c] in ./Library/PackageCache/com.unity.multiplayer.playmode@3acaa705f0f9/Workflow/Editor/Contexts/WorkflowMainEditorContext.cs:15 
  at Unity.Multiplayer.Playmode.Workflow.Editor.VirtualProjectWorkflow.InitializeMPPMContexts () [0x00018] in ./Library/PackageCache/com.unity.multiplayer.playmode@3acaa705f0f9/Workflow/Editor/Workflow/VirtualProjectWorkflow.cs:204 
  at Unity.Multiplayer.Playmode.Workflow.Editor.VirtualProjectWorkflow+<>c.<.cctor>b__22_0 () [0x00036] in ./Library/PackageCache/com.unity.multiplayer.playmode@3acaa705f0f9/Workflow/Editor/Workflow/VirtualProjectWorkflow.cs:85 
  at Unity.Multiplayer.Playmode.VirtualProjects.Editor.EditorContexts.SendReadyEvent () [0x00038] in ./Library/PackageCache/com.unity.multiplayer.playmode@3acaa705f0f9/VirtualProjects/Editor/Contexts/EditorContexts.cs:56 
  at (wrapper managed-to-native) System.Reflection.RuntimeMethodInfo.InternalInvoke(System.Reflection.RuntimeMethodInfo,object,object[],System.Exception&)
  at System.Reflection.RuntimeMethodInfo.Invoke (System.Object obj, System.Reflection.BindingFlags invokeAttr, System.Reflection.Binder binder, System.Object[] parameters, System.Globalization.CultureInfo culture) [0x0006a] in <c0ef40ba0fc84b3b8725b73e9957d1b5>:0 
   --- End of inner exception stack trace ---
  at System.Reflection.RuntimeMethodInfo.Invoke (System.Object obj, System.Reflection.BindingFlags invokeAttr, System.Reflection.Binder binder, System.Object[] parameters, System.Globalization.CultureInfo culture) [0x00083] in <c0ef40ba0fc84b3b8725b73e9957d1b5>:0 
  at System.Reflection.MethodBase.Invoke (System.Object obj, System.Object[] parameters) [0x00000] in <c0ef40ba0fc84b3b8725b73e9957d1b5>:0 
  at UnityEditor.EditorAssemblies.ProcessInitializeOnLoadMethodAttributes () [0x00087] in /Users/bokken/build/output/unity/unity/Editor/Mono/EditorAssemblies.cs:152 
UnityEngine.Debug:ExtractStackTraceNoAlloc (byte*,int,string)
UnityEngine.StackTraceUtility:ExtractStackTrace () (at /Users/bokken/build/output/unity/unity/Runtime/Export/Scripting/StackTrace.cs:35)
UnityEngine.DebugLogHandler:Internal_Log (UnityEngine.LogType,UnityEngine.LogOption,string,UnityEngine.Object)
UnityEngine.DebugLogHandler:LogFormat (UnityEngine.LogType,UnityEngine.Object,string,object[])
UnityEngine.Logger:Log (UnityEngine.LogType,object)
UnityEngine.Debug:LogError (object)
UnityEditor.EditorAssemblies:ProcessInitializeOnLoadMethodAttributes () (at /Users/bokken/build/output/unity/unity/Editor/Mono/EditorAssemblies.cs:156)

(Filename: /Users/bokken/build/output/unity/unity/Editor/Mono/EditorAssemblies.cs Line: 156)

Mono: successfully reloaded assembly
- Finished resetting the current domain, in  0.861 seconds
Domain Reload Profiling: 3644ms
	BeginReloadAssembly (950ms)
		ExecutionOrderSort (0ms)
		DisableScriptedObjects (157ms)
		BackupInstance (0ms)
		ReleaseScriptingObjects (1ms)
		CreateAndSetChildDomain (276ms)
	RebuildCommonClasses (66ms)
	RebuildNativeTypeToScriptingClass (14ms)
	initialDomainReloadingComplete (39ms)
	LoadAllAssembliesAndSetupDomain (1714ms)
		LoadAssemblies (1548ms)
		RebuildTransferFunctionScriptingTraits (0ms)
		AnalyzeDomain (485ms)
			TypeCache.Refresh (50ms)
				TypeCache.ScanAssembly (0ms)
			BuildScriptInfoCaches (405ms)
			ResolveRequiredComponents (11ms)
	FinalizeReload (861ms)
		ReleaseScriptCaches (0ms)
		RebuildScriptCaches (0ms)
		SetupLoadedEditorAssemblies (666ms)
			LogAssemblyErrors (0ms)
			InitializePlatformSupportModulesInManaged (2ms)
			SetLoadedEditorAssemblies (5ms)
			BeforeProcessingInitializeOnLoad (151ms)
			ProcessInitializeOnLoadAttributes (384ms)
			ProcessInitializeOnLoadMethodAttributes (120ms)
			AfterProcessingInitializeOnLoad (3ms)
			EditorAssembliesLoaded (1ms)
		ExecutionOrderSort2 (0ms)
		AwakeInstancesAfterBackupRestoration (25ms)
WARNING: Shader Unsupported: 'Universal Render Pipeline/VR/SpatialMapping/Wireframe' - All subshaders removed
WARNING: Shader Did you use #pragma only_renderers and omit this platform?
WARNING: Shader If subshaders removal was intentional, you may have forgotten turning Fallback off?
WARNING: Shader Unsupported: 'Universal Render Pipeline/VR/SpatialMapping/Wireframe' - All subshaders removed
WARNING: Shader Did you use #pragma only_renderers and omit this platform?
WARNING: Shader If subshaders removal was intentional, you may have forgotten turning Fallback off?
Refreshing native plugins compatible for Editor in 1.42 ms, found 4 plugins.
Preloading 0 native plugins for Editor in 0.00 ms.
Unloading 14 Unused Serialized files (Serialized files now loaded: 0)
Unloading 7014 unused Assets / (5.4 MB). Loaded Objects now: 7824.
Memory consumption went from 149.7 MB to 144.4 MB.
Total: 69.976625 ms (FindLiveObjects: 12.053667 ms CreateObjectMapping: 1.856333 ms MarkObjects: 50.931375 ms  DeleteObjects: 5.134334 ms)

Prepare: number of updated asset objects reloaded= 0
========================================================================
Received Prepare
Begin MonoManager ReloadAssembly
Thread 0x16ded7000 may have been prematurely finalized
Symbol file LoadedFromMemory is not a mono symbol file
- Loaded All Assemblies, in  1.192 seconds
'Assets/Photon/Fusion/Runtime/Fusion.Unity.cs' contains partial class of Unity.Object, exactly 1 of the partial classes needs to be in a file with the same filename. This is to know the one that can be referenced from ie. GameObjects
'Assets/Photon/Fusion/Runtime/Fusion.Unity.cs' contains partial class of Unity.Object, exactly 1 of the partial classes needs to be in a file with the same filename. This is to know the one that can be referenced from ie. GameObjects
Refreshing native plugins compatible for Editor in 1.19 ms, found 4 plugins.
Native extension for OSXStandalone target not found
System.Reflection.TargetInvocationException: Exception has been thrown by the target of an invocation. ---> System.NullReferenceException: Object reference not set to an instance of an object
  at Unity.Multiplayer.Playmode.Workflow.Editor.ProjectDataStore..ctor (System.String directory) [0x0006e] in ./Library/PackageCache/com.unity.multiplayer.playmode@3acaa705f0f9/Workflow/Editor/Configuration/ProjectDataStore.cs:55 
  at Unity.Multiplayer.Playmode.Workflow.Editor.ProjectDataStore.GetMain () [0x00000] in ./Library/PackageCache/com.unity.multiplayer.playmode@3acaa705f0f9/Workflow/Editor/Configuration/ProjectDataStore.cs:36 
  at Unity.Multiplayer.Playmode.Workflow.Editor.WorkflowMainEditorContext..ctor (Unity.Multiplayer.Playmode.VirtualProjects.Editor.MainEditorContext mainEditorContext) [0x0002c] in ./Library/PackageCache/com.unity.multiplayer.playmode@3acaa705f0f9/Workflow/Editor/Contexts/WorkflowMainEditorContext.cs:15 
  at Unity.Multiplayer.Playmode.Workflow.Editor.VirtualProjectWorkflow.InitializeMPPMContexts () [0x00018] in ./Library/PackageCache/com.unity.multiplayer.playmode@3acaa705f0f9/Workflow/Editor/Workflow/VirtualProjectWorkflow.cs:204 
  at Unity.Multiplayer.Playmode.Workflow.Editor.VirtualProjectWorkflow+<>c.<.cctor>b__22_0 () [0x00036] in ./Library/PackageCache/com.unity.multiplayer.playmode@3acaa705f0f9/Workflow/Editor/Workflow/VirtualProjectWorkflow.cs:85 
  at Unity.Multiplayer.Playmode.VirtualProjects.Editor.EditorContexts.SendReadyEvent () [0x00038] in ./Library/PackageCache/com.unity.multiplayer.playmode@3acaa705f0f9/VirtualProjects/Editor/Contexts/EditorContexts.cs:56 
  at (wrapper managed-to-native) System.Reflection.RuntimeMethodInfo.InternalInvoke(System.Reflection.RuntimeMethodInfo,object,object[],System.Exception&)
  at System.Reflection.RuntimeMethodInfo.Invoke (System.Object obj, System.Reflection.BindingFlags invokeAttr, System.Reflection.Binder binder, System.Object[] parameters, System.Globalization.CultureInfo culture) [0x0006a] in <c0ef40ba0fc84b3b8725b73e9957d1b5>:0 
   --- End of inner exception stack trace ---
  at System.Reflection.RuntimeMethodInfo.Invoke (System.Object obj, System.Reflection.BindingFlags invokeAttr, System.Reflection.Binder binder, System.Object[] parameters, System.Globalization.CultureInfo culture) [0x00083] in <c0ef40ba0fc84b3b8725b73e9957d1b5>:0 
  at System.Reflection.MethodBase.Invoke (System.Object obj, System.Object[] parameters) [0x00000] in <c0ef40ba0fc84b3b8725b73e9957d1b5>:0 
  at UnityEditor.EditorAssemblies.ProcessInitializeOnLoadMethodAttributes () [0x00087] in /Users/bokken/build/output/unity/unity/Editor/Mono/EditorAssemblies.cs:152 
UnityEngine.Debug:ExtractStackTraceNoAlloc (byte*,int,string)
UnityEngine.StackTraceUtility:ExtractStackTrace () (at /Users/bokken/build/output/unity/unity/Runtime/Export/Scripting/StackTrace.cs:35)
UnityEngine.DebugLogHandler:Internal_Log (UnityEngine.LogType,UnityEngine.LogOption,string,UnityEngine.Object)
UnityEngine.DebugLogHandler:LogFormat (UnityEngine.LogType,UnityEngine.Object,string,object[])
UnityEngine.Logger:Log (UnityEngine.LogType,object)
UnityEngine.Debug:LogError (object)
UnityEditor.EditorAssemblies:ProcessInitializeOnLoadMethodAttributes () (at /Users/bokken/build/output/unity/unity/Editor/Mono/EditorAssemblies.cs:156)

(Filename: /Users/bokken/build/output/unity/unity/Editor/Mono/EditorAssemblies.cs Line: 156)

Mono: successfully reloaded assembly
- Finished resetting the current domain, in  1.158 seconds
Domain Reload Profiling: 2356ms
	BeginReloadAssembly (351ms)
		ExecutionOrderSort (0ms)
		DisableScriptedObjects (40ms)
		BackupInstance (0ms)
		ReleaseScriptingObjects (3ms)
		CreateAndSetChildDomain (147ms)
	RebuildCommonClasses (65ms)
	RebuildNativeTypeToScriptingClass (18ms)
	initialDomainReloadingComplete (47ms)
	LoadAllAssembliesAndSetupDomain (716ms)
		LoadAssemblies (429ms)
		RebuildTransferFunctionScriptingTraits (0ms)
		AnalyzeDomain (350ms)
			TypeCache.Refresh (24ms)
				TypeCache.ScanAssembly (0ms)
			BuildScriptInfoCaches (293ms)
			ResolveRequiredComponents (24ms)
	FinalizeReload (1158ms)
		ReleaseScriptCaches (0ms)
		RebuildScriptCaches (0ms)
		SetupLoadedEditorAssemblies (943ms)
			LogAssemblyErrors (0ms)
			InitializePlatformSupportModulesInManaged (2ms)
			SetLoadedEditorAssemblies (6ms)
			BeforeProcessingInitializeOnLoad (223ms)
			ProcessInitializeOnLoadAttributes (519ms)
			ProcessInitializeOnLoadMethodAttributes (191ms)
			AfterProcessingInitializeOnLoad (1ms)
			EditorAssembliesLoaded (1ms)
		ExecutionOrderSort2 (0ms)
		AwakeInstancesAfterBackupRestoration (24ms)
WARNING: Shader Unsupported: 'Universal Render Pipeline/VR/SpatialMapping/Wireframe' - All subshaders removed
WARNING: Shader Did you use #pragma only_renderers and omit this platform?
WARNING: Shader If subshaders removal was intentional, you may have forgotten turning Fallback off?
WARNING: Shader Unsupported: 'Universal Render Pipeline/VR/SpatialMapping/Wireframe' - All subshaders removed
WARNING: Shader Did you use #pragma only_renderers and omit this platform?
WARNING: Shader If subshaders removal was intentional, you may have forgotten turning Fallback off?
Refreshing native plugins compatible for Editor in 1.78 ms, found 4 plugins.
Preloading 0 native plugins for Editor in 0.00 ms.
Unloading 14 Unused Serialized files (Serialized files now loaded: 0)
Unloading 7014 unused Assets / (3.2 MB). Loaded Objects now: 7826.
Memory consumption went from 149.8 MB to 146.5 MB.
Total: 11.246125 ms (FindLiveObjects: 0.627125 ms CreateObjectMapping: 0.462083 ms MarkObjects: 7.831250 ms  DeleteObjects: 2.324792 ms)

Prepare: number of updated asset objects reloaded= 0
========================================================================
Received Prepare
Begin MonoManager ReloadAssembly
Thread 0x16ded7000 may have been prematurely finalized
Symbol file LoadedFromMemory is not a mono symbol file
- Loaded All Assemblies, in  1.691 seconds
'Assets/Photon/Fusion/Runtime/Fusion.Unity.cs' contains partial class of Unity.Object, exactly 1 of the partial classes needs to be in a file with the same filename. This is to know the one that can be referenced from ie. GameObjects
'Assets/Photon/Fusion/Runtime/Fusion.Unity.cs' contains partial class of Unity.Object, exactly 1 of the partial classes needs to be in a file with the same filename. This is to know the one that can be referenced from ie. GameObjects
Refreshing native plugins compatible for Editor in 5.25 ms, found 4 plugins.
Native extension for OSXStandalone target not found
System.Reflection.TargetInvocationException: Exception has been thrown by the target of an invocation. ---> System.NullReferenceException: Object reference not set to an instance of an object
  at Unity.Multiplayer.Playmode.Workflow.Editor.ProjectDataStore..ctor (System.String directory) [0x0006e] in ./Library/PackageCache/com.unity.multiplayer.playmode@3acaa705f0f9/Workflow/Editor/Configuration/ProjectDataStore.cs:55 
  at Unity.Multiplayer.Playmode.Workflow.Editor.ProjectDataStore.GetMain () [0x00000] in ./Library/PackageCache/com.unity.multiplayer.playmode@3acaa705f0f9/Workflow/Editor/Configuration/ProjectDataStore.cs:36 
  at Unity.Multiplayer.Playmode.Workflow.Editor.WorkflowMainEditorContext..ctor (Unity.Multiplayer.Playmode.VirtualProjects.Editor.MainEditorContext mainEditorContext) [0x0002c] in ./Library/PackageCache/com.unity.multiplayer.playmode@3acaa705f0f9/Workflow/Editor/Contexts/WorkflowMainEditorContext.cs:15 
  at Unity.Multiplayer.Playmode.Workflow.Editor.VirtualProjectWorkflow.InitializeMPPMContexts () [0x00018] in ./Library/PackageCache/com.unity.multiplayer.playmode@3acaa705f0f9/Workflow/Editor/Workflow/VirtualProjectWorkflow.cs:204 
  at Unity.Multiplayer.Playmode.Workflow.Editor.VirtualProjectWorkflow+<>c.<.cctor>b__22_0 () [0x00036] in ./Library/PackageCache/com.unity.multiplayer.playmode@3acaa705f0f9/Workflow/Editor/Workflow/VirtualProjectWorkflow.cs:85 
  at Unity.Multiplayer.Playmode.VirtualProjects.Editor.EditorContexts.SendReadyEvent () [0x00038] in ./Library/PackageCache/com.unity.multiplayer.playmode@3acaa705f0f9/VirtualProjects/Editor/Contexts/EditorContexts.cs:56 
  at (wrapper managed-to-native) System.Reflection.RuntimeMethodInfo.InternalInvoke(System.Reflection.RuntimeMethodInfo,object,object[],System.Exception&)
  at System.Reflection.RuntimeMethodInfo.Invoke (System.Object obj, System.Reflection.BindingFlags invokeAttr, System.Reflection.Binder binder, System.Object[] parameters, System.Globalization.CultureInfo culture) [0x0006a] in <c0ef40ba0fc84b3b8725b73e9957d1b5>:0 
   --- End of inner exception stack trace ---
  at System.Reflection.RuntimeMethodInfo.Invoke (System.Object obj, System.Reflection.BindingFlags invokeAttr, System.Reflection.Binder binder, System.Object[] parameters, System.Globalization.CultureInfo culture) [0x00083] in <c0ef40ba0fc84b3b8725b73e9957d1b5>:0 
  at System.Reflection.MethodBase.Invoke (System.Object obj, System.Object[] parameters) [0x00000] in <c0ef40ba0fc84b3b8725b73e9957d1b5>:0 
  at UnityEditor.EditorAssemblies.ProcessInitializeOnLoadMethodAttributes () [0x00087] in /Users/bokken/build/output/unity/unity/Editor/Mono/EditorAssemblies.cs:152 
UnityEngine.Debug:ExtractStackTraceNoAlloc (byte*,int,string)
UnityEngine.StackTraceUtility:ExtractStackTrace () (at /Users/bokken/build/output/unity/unity/Runtime/Export/Scripting/StackTrace.cs:35)
UnityEngine.DebugLogHandler:Internal_Log (UnityEngine.LogType,UnityEngine.LogOption,string,UnityEngine.Object)
UnityEngine.DebugLogHandler:LogFormat (UnityEngine.LogType,UnityEngine.Object,string,object[])
UnityEngine.Logger:Log (UnityEngine.LogType,object)
UnityEngine.Debug:LogError (object)
UnityEditor.EditorAssemblies:ProcessInitializeOnLoadMethodAttributes () (at /Users/bokken/build/output/unity/unity/Editor/Mono/EditorAssemblies.cs:156)

(Filename: /Users/bokken/build/output/unity/unity/Editor/Mono/EditorAssemblies.cs Line: 156)

Mono: successfully reloaded assembly
- Finished resetting the current domain, in  1.229 seconds
Domain Reload Profiling: 2930ms
	BeginReloadAssembly (612ms)
		ExecutionOrderSort (0ms)
		DisableScriptedObjects (77ms)
		BackupInstance (0ms)
		ReleaseScriptingObjects (1ms)
		CreateAndSetChildDomain (239ms)
	RebuildCommonClasses (44ms)
	RebuildNativeTypeToScriptingClass (15ms)
	initialDomainReloadingComplete (33ms)
	LoadAllAssembliesAndSetupDomain (996ms)
		LoadAssemblies (750ms)
		RebuildTransferFunctionScriptingTraits (0ms)
		AnalyzeDomain (422ms)
			TypeCache.Refresh (54ms)
				TypeCache.ScanAssembly (1ms)
			BuildScriptInfoCaches (324ms)
			ResolveRequiredComponents (28ms)
	FinalizeReload (1229ms)
		ReleaseScriptCaches (0ms)
		RebuildScriptCaches (0ms)
		SetupLoadedEditorAssemblies (948ms)
			LogAssemblyErrors (0ms)
			InitializePlatformSupportModulesInManaged (3ms)
			SetLoadedEditorAssemblies (15ms)
			BeforeProcessingInitializeOnLoad (190ms)
			ProcessInitializeOnLoadAttributes (535ms)
			ProcessInitializeOnLoadMethodAttributes (202ms)
			AfterProcessingInitializeOnLoad (1ms)
			EditorAssembliesLoaded (1ms)
		ExecutionOrderSort2 (0ms)
		AwakeInstancesAfterBackupRestoration (28ms)
WARNING: Shader Unsupported: 'Universal Render Pipeline/VR/SpatialMapping/Wireframe' - All subshaders removed
WARNING: Shader Did you use #pragma only_renderers and omit this platform?
WARNING: Shader If subshaders removal was intentional, you may have forgotten turning Fallback off?
WARNING: Shader Unsupported: 'Universal Render Pipeline/VR/SpatialMapping/Wireframe' - All subshaders removed
WARNING: Shader Did you use #pragma only_renderers and omit this platform?
WARNING: Shader If subshaders removal was intentional, you may have forgotten turning Fallback off?
Refreshing native plugins compatible for Editor in 1.27 ms, found 4 plugins.
Preloading 0 native plugins for Editor in 0.00 ms.
Unloading 14 Unused Serialized files (Serialized files now loaded: 0)
Unloading 7015 unused Assets / (2.3 MB). Loaded Objects now: 7827.
Memory consumption went from 149.8 MB to 147.6 MB.
Total: 93.530042 ms (FindLiveObjects: 1.626417 ms CreateObjectMapping: 0.752667 ms MarkObjects: 70.031458 ms  DeleteObjects: 21.118167 ms)

Prepare: number of updated asset objects reloaded= 0
========================================================================
Received Prepare
Begin MonoManager ReloadAssembly
Thread 0x16ded7000 may have been prematurely finalized
Symbol file LoadedFromMemory is not a mono symbol file
- Loaded All Assemblies, in  1.498 seconds
'Assets/Photon/Fusion/Runtime/Fusion.Unity.cs' contains partial class of Unity.Object, exactly 1 of the partial classes needs to be in a file with the same filename. This is to know the one that can be referenced from ie. GameObjects
'Assets/Photon/Fusion/Runtime/Fusion.Unity.cs' contains partial class of Unity.Object, exactly 1 of the partial classes needs to be in a file with the same filename. This is to know the one that can be referenced from ie. GameObjects
Refreshing native plugins compatible for Editor in 5.55 ms, found 4 plugins.
Native extension for OSXStandalone target not found
System.Reflection.TargetInvocationException: Exception has been thrown by the target of an invocation. ---> System.NullReferenceException: Object reference not set to an instance of an object
  at Unity.Multiplayer.Playmode.Workflow.Editor.ProjectDataStore..ctor (System.String directory) [0x0006e] in ./Library/PackageCache/com.unity.multiplayer.playmode@3acaa705f0f9/Workflow/Editor/Configuration/ProjectDataStore.cs:55 
  at Unity.Multiplayer.Playmode.Workflow.Editor.ProjectDataStore.GetMain () [0x00000] in ./Library/PackageCache/com.unity.multiplayer.playmode@3acaa705f0f9/Workflow/Editor/Configuration/ProjectDataStore.cs:36 
  at Unity.Multiplayer.Playmode.Workflow.Editor.WorkflowMainEditorContext..ctor (Unity.Multiplayer.Playmode.VirtualProjects.Editor.MainEditorContext mainEditorContext) [0x0002c] in ./Library/PackageCache/com.unity.multiplayer.playmode@3acaa705f0f9/Workflow/Editor/Contexts/WorkflowMainEditorContext.cs:15 
  at Unity.Multiplayer.Playmode.Workflow.Editor.VirtualProjectWorkflow.InitializeMPPMContexts () [0x00018] in ./Library/PackageCache/com.unity.multiplayer.playmode@3acaa705f0f9/Workflow/Editor/Workflow/VirtualProjectWorkflow.cs:204 
  at Unity.Multiplayer.Playmode.Workflow.Editor.VirtualProjectWorkflow+<>c.<.cctor>b__22_0 () [0x00036] in ./Library/PackageCache/com.unity.multiplayer.playmode@3acaa705f0f9/Workflow/Editor/Workflow/VirtualProjectWorkflow.cs:85 
  at Unity.Multiplayer.Playmode.VirtualProjects.Editor.EditorContexts.SendReadyEvent () [0x00038] in ./Library/PackageCache/com.unity.multiplayer.playmode@3acaa705f0f9/VirtualProjects/Editor/Contexts/EditorContexts.cs:56 
  at (wrapper managed-to-native) System.Reflection.RuntimeMethodInfo.InternalInvoke(System.Reflection.RuntimeMethodInfo,object,object[],System.Exception&)
  at System.Reflection.RuntimeMethodInfo.Invoke (System.Object obj, System.Reflection.BindingFlags invokeAttr, System.Reflection.Binder binder, System.Object[] parameters, System.Globalization.CultureInfo culture) [0x0006a] in <c0ef40ba0fc84b3b8725b73e9957d1b5>:0 
   --- End of inner exception stack trace ---
  at System.Reflection.RuntimeMethodInfo.Invoke (System.Object obj, System.Reflection.BindingFlags invokeAttr, System.Reflection.Binder binder, System.Object[] parameters, System.Globalization.CultureInfo culture) [0x00083] in <c0ef40ba0fc84b3b8725b73e9957d1b5>:0 
  at System.Reflection.MethodBase.Invoke (System.Object obj, System.Object[] parameters) [0x00000] in <c0ef40ba0fc84b3b8725b73e9957d1b5>:0 
  at UnityEditor.EditorAssemblies.ProcessInitializeOnLoadMethodAttributes () [0x00087] in /Users/bokken/build/output/unity/unity/Editor/Mono/EditorAssemblies.cs:152 
UnityEngine.Debug:ExtractStackTraceNoAlloc (byte*,int,string)
UnityEngine.StackTraceUtility:ExtractStackTrace () (at /Users/bokken/build/output/unity/unity/Runtime/Export/Scripting/StackTrace.cs:35)
UnityEngine.DebugLogHandler:Internal_Log (UnityEngine.LogType,UnityEngine.LogOption,string,UnityEngine.Object)
UnityEngine.DebugLogHandler:LogFormat (UnityEngine.LogType,UnityEngine.Object,string,object[])
UnityEngine.Logger:Log (UnityEngine.LogType,object)
UnityEngine.Debug:LogError (object)
UnityEditor.EditorAssemblies:ProcessInitializeOnLoadMethodAttributes () (at /Users/bokken/build/output/unity/unity/Editor/Mono/EditorAssemblies.cs:156)

(Filename: /Users/bokken/build/output/unity/unity/Editor/Mono/EditorAssemblies.cs Line: 156)

Mono: successfully reloaded assembly
- Finished resetting the current domain, in  1.215 seconds
Domain Reload Profiling: 2717ms
	BeginReloadAssembly (411ms)
		ExecutionOrderSort (0ms)
		DisableScriptedObjects (34ms)
		BackupInstance (0ms)
		ReleaseScriptingObjects (1ms)
		CreateAndSetChildDomain (123ms)
	RebuildCommonClasses (48ms)
	RebuildNativeTypeToScriptingClass (12ms)
	initialDomainReloadingComplete (33ms)
	LoadAllAssembliesAndSetupDomain (998ms)
		LoadAssemblies (726ms)
		RebuildTransferFunctionScriptingTraits (0ms)
		AnalyzeDomain (422ms)
			TypeCache.Refresh (21ms)
				TypeCache.ScanAssembly (0ms)
			BuildScriptInfoCaches (372ms)
			ResolveRequiredComponents (15ms)
	FinalizeReload (1215ms)
		ReleaseScriptCaches (0ms)
		RebuildScriptCaches (0ms)
		SetupLoadedEditorAssemblies (999ms)
			LogAssemblyErrors (0ms)
			InitializePlatformSupportModulesInManaged (2ms)
			SetLoadedEditorAssemblies (5ms)
			BeforeProcessingInitializeOnLoad (191ms)
			ProcessInitializeOnLoadAttributes (659ms)
			ProcessInitializeOnLoadMethodAttributes (140ms)
			AfterProcessingInitializeOnLoad (1ms)
			EditorAssembliesLoaded (1ms)
		ExecutionOrderSort2 (0ms)
		AwakeInstancesAfterBackupRestoration (31ms)
WARNING: Shader Unsupported: 'Universal Render Pipeline/VR/SpatialMapping/Wireframe' - All subshaders removed
WARNING: Shader Did you use #pragma only_renderers and omit this platform?
WARNING: Shader If subshaders removal was intentional, you may have forgotten turning Fallback off?
WARNING: Shader Unsupported: 'Universal Render Pipeline/VR/SpatialMapping/Wireframe' - All subshaders removed
WARNING: Shader Did you use #pragma only_renderers and omit this platform?
WARNING: Shader If subshaders removal was intentional, you may have forgotten turning Fallback off?
Refreshing native plugins compatible for Editor in 3.28 ms, found 4 plugins.
Preloading 0 native plugins for Editor in 0.00 ms.
Unloading 14 Unused Serialized files (Serialized files now loaded: 0)
Unloading 7014 unused Assets / (4.1 MB). Loaded Objects now: 7830.
Memory consumption went from 149.9 MB to 145.7 MB.
Total: 62.963416 ms (FindLiveObjects: 23.677458 ms CreateObjectMapping: 0.746833 ms MarkObjects: 30.074417 ms  DeleteObjects: 8.462834 ms)

Prepare: number of updated asset objects reloaded= 0
========================================================================
Received Prepare
Begin MonoManager ReloadAssembly
Thread 0x16ded7000 may have been prematurely finalized
Symbol file LoadedFromMemory is not a mono symbol file
- Loaded All Assemblies, in  1.622 seconds
'Assets/Photon/Fusion/Runtime/Fusion.Unity.cs' contains partial class of Unity.Object, exactly 1 of the partial classes needs to be in a file with the same filename. This is to know the one that can be referenced from ie. GameObjects
'Assets/Photon/Fusion/Runtime/Fusion.Unity.cs' contains partial class of Unity.Object, exactly 1 of the partial classes needs to be in a file with the same filename. This is to know the one that can be referenced from ie. GameObjects
Refreshing native plugins compatible for Editor in 7.43 ms, found 4 plugins.
Native extension for OSXStandalone target not found
System.Reflection.TargetInvocationException: Exception has been thrown by the target of an invocation. ---> System.NullReferenceException: Object reference not set to an instance of an object
  at Unity.Multiplayer.Playmode.Workflow.Editor.ProjectDataStore..ctor (System.String directory) [0x0006e] in ./Library/PackageCache/com.unity.multiplayer.playmode@3acaa705f0f9/Workflow/Editor/Configuration/ProjectDataStore.cs:55 
  at Unity.Multiplayer.Playmode.Workflow.Editor.ProjectDataStore.GetMain () [0x00000] in ./Library/PackageCache/com.unity.multiplayer.playmode@3acaa705f0f9/Workflow/Editor/Configuration/ProjectDataStore.cs:36 
  at Unity.Multiplayer.Playmode.Workflow.Editor.WorkflowMainEditorContext..ctor (Unity.Multiplayer.Playmode.VirtualProjects.Editor.MainEditorContext mainEditorContext) [0x0002c] in ./Library/PackageCache/com.unity.multiplayer.playmode@3acaa705f0f9/Workflow/Editor/Contexts/WorkflowMainEditorContext.cs:15 
  at Unity.Multiplayer.Playmode.Workflow.Editor.VirtualProjectWorkflow.InitializeMPPMContexts () [0x00018] in ./Library/PackageCache/com.unity.multiplayer.playmode@3acaa705f0f9/Workflow/Editor/Workflow/VirtualProjectWorkflow.cs:204 
  at Unity.Multiplayer.Playmode.Workflow.Editor.VirtualProjectWorkflow+<>c.<.cctor>b__22_0 () [0x00036] in ./Library/PackageCache/com.unity.multiplayer.playmode@3acaa705f0f9/Workflow/Editor/Workflow/VirtualProjectWorkflow.cs:85 
  at Unity.Multiplayer.Playmode.VirtualProjects.Editor.EditorContexts.SendReadyEvent () [0x00038] in ./Library/PackageCache/com.unity.multiplayer.playmode@3acaa705f0f9/VirtualProjects/Editor/Contexts/EditorContexts.cs:56 
  at (wrapper managed-to-native) System.Reflection.RuntimeMethodInfo.InternalInvoke(System.Reflection.RuntimeMethodInfo,object,object[],System.Exception&)
  at System.Reflection.RuntimeMethodInfo.Invoke (System.Object obj, System.Reflection.BindingFlags invokeAttr, System.Reflection.Binder binder, System.Object[] parameters, System.Globalization.CultureInfo culture) [0x0006a] in <c0ef40ba0fc84b3b8725b73e9957d1b5>:0 
   --- End of inner exception stack trace ---
  at System.Reflection.RuntimeMethodInfo.Invoke (System.Object obj, System.Reflection.BindingFlags invokeAttr, System.Reflection.Binder binder, System.Object[] parameters, System.Globalization.CultureInfo culture) [0x00083] in <c0ef40ba0fc84b3b8725b73e9957d1b5>:0 
  at System.Reflection.MethodBase.Invoke (System.Object obj, System.Object[] parameters) [0x00000] in <c0ef40ba0fc84b3b8725b73e9957d1b5>:0 
  at UnityEditor.EditorAssemblies.ProcessInitializeOnLoadMethodAttributes () [0x00087] in /Users/bokken/build/output/unity/unity/Editor/Mono/EditorAssemblies.cs:152 
UnityEngine.Debug:ExtractStackTraceNoAlloc (byte*,int,string)
UnityEngine.StackTraceUtility:ExtractStackTrace () (at /Users/bokken/build/output/unity/unity/Runtime/Export/Scripting/StackTrace.cs:35)
UnityEngine.DebugLogHandler:Internal_Log (UnityEngine.LogType,UnityEngine.LogOption,string,UnityEngine.Object)
UnityEngine.DebugLogHandler:LogFormat (UnityEngine.LogType,UnityEngine.Object,string,object[])
UnityEngine.Logger:Log (UnityEngine.LogType,object)
UnityEngine.Debug:LogError (object)
UnityEditor.EditorAssemblies:ProcessInitializeOnLoadMethodAttributes () (at /Users/bokken/build/output/unity/unity/Editor/Mono/EditorAssemblies.cs:156)

(Filename: /Users/bokken/build/output/unity/unity/Editor/Mono/EditorAssemblies.cs Line: 156)

Mono: successfully reloaded assembly
- Finished resetting the current domain, in  0.896 seconds
Domain Reload Profiling: 2525ms
	BeginReloadAssembly (537ms)
		ExecutionOrderSort (2ms)
		DisableScriptedObjects (63ms)
		BackupInstance (0ms)
		ReleaseScriptingObjects (1ms)
		CreateAndSetChildDomain (239ms)
	RebuildCommonClasses (51ms)
	RebuildNativeTypeToScriptingClass (14ms)
	initialDomainReloadingComplete (32ms)
	LoadAllAssembliesAndSetupDomain (994ms)
		LoadAssemblies (671ms)
		RebuildTransferFunctionScriptingTraits (0ms)
		AnalyzeDomain (443ms)
			TypeCache.Refresh (77ms)
				TypeCache.ScanAssembly (0ms)
			BuildScriptInfoCaches (347ms)
			ResolveRequiredComponents (12ms)
	FinalizeReload (897ms)
		ReleaseScriptCaches (0ms)
		RebuildScriptCaches (0ms)
		SetupLoadedEditorAssemblies (718ms)
			LogAssemblyErrors (0ms)
			InitializePlatformSupportModulesInManaged (2ms)
			SetLoadedEditorAssemblies (5ms)
			BeforeProcessingInitializeOnLoad (158ms)
			ProcessInitializeOnLoadAttributes (410ms)
			ProcessInitializeOnLoadMethodAttributes (140ms)
			AfterProcessingInitializeOnLoad (2ms)
			EditorAssembliesLoaded (2ms)
		ExecutionOrderSort2 (0ms)
		AwakeInstancesAfterBackupRestoration (36ms)
WARNING: Shader Unsupported: 'Universal Render Pipeline/VR/SpatialMapping/Wireframe' - All subshaders removed
WARNING: Shader Did you use #pragma only_renderers and omit this platform?
WARNING: Shader If subshaders removal was intentional, you may have forgotten turning Fallback off?
WARNING: Shader Unsupported: 'Universal Render Pipeline/VR/SpatialMapping/Wireframe' - All subshaders removed
WARNING: Shader Did you use #pragma only_renderers and omit this platform?
WARNING: Shader If subshaders removal was intentional, you may have forgotten turning Fallback off?
Refreshing native plugins compatible for Editor in 1.10 ms, found 4 plugins.
Preloading 0 native plugins for Editor in 0.00 ms.
Unloading 14 Unused Serialized files (Serialized files now loaded: 0)
Unloading 7014 unused Assets / (3.6 MB). Loaded Objects now: 7832.
Memory consumption went from 149.9 MB to 146.3 MB.
Total: 38.550042 ms (FindLiveObjects: 0.802625 ms CreateObjectMapping: 0.455083 ms MarkObjects: 31.957958 ms  DeleteObjects: 5.333500 ms)

Prepare: number of updated asset objects reloaded= 0
========================================================================
Received Prepare
Begin MonoManager ReloadAssembly
Thread 0x16ded7000 may have been prematurely finalized
Symbol file LoadedFromMemory is not a mono symbol file
- Loaded All Assemblies, in  2.196 seconds
'Assets/Photon/Fusion/Runtime/Fusion.Unity.cs' contains partial class of Unity.Object, exactly 1 of the partial classes needs to be in a file with the same filename. This is to know the one that can be referenced from ie. GameObjects
'Assets/Photon/Fusion/Runtime/Fusion.Unity.cs' contains partial class of Unity.Object, exactly 1 of the partial classes needs to be in a file with the same filename. This is to know the one that can be referenced from ie. GameObjects
Refreshing native plugins compatible for Editor in 1.15 ms, found 4 plugins.
Native extension for OSXStandalone target not found
System.Reflection.TargetInvocationException: Exception has been thrown by the target of an invocation. ---> System.NullReferenceException: Object reference not set to an instance of an object
  at Unity.Multiplayer.Playmode.Workflow.Editor.ProjectDataStore..ctor (System.String directory) [0x0006e] in ./Library/PackageCache/com.unity.multiplayer.playmode@3acaa705f0f9/Workflow/Editor/Configuration/ProjectDataStore.cs:55 
  at Unity.Multiplayer.Playmode.Workflow.Editor.ProjectDataStore.GetMain () [0x00000] in ./Library/PackageCache/com.unity.multiplayer.playmode@3acaa705f0f9/Workflow/Editor/Configuration/ProjectDataStore.cs:36 
  at Unity.Multiplayer.Playmode.Workflow.Editor.WorkflowMainEditorContext..ctor (Unity.Multiplayer.Playmode.VirtualProjects.Editor.MainEditorContext mainEditorContext) [0x0002c] in ./Library/PackageCache/com.unity.multiplayer.playmode@3acaa705f0f9/Workflow/Editor/Contexts/WorkflowMainEditorContext.cs:15 
  at Unity.Multiplayer.Playmode.Workflow.Editor.VirtualProjectWorkflow.InitializeMPPMContexts () [0x00018] in ./Library/PackageCache/com.unity.multiplayer.playmode@3acaa705f0f9/Workflow/Editor/Workflow/VirtualProjectWorkflow.cs:204 
  at Unity.Multiplayer.Playmode.Workflow.Editor.VirtualProjectWorkflow+<>c.<.cctor>b__22_0 () [0x00036] in ./Library/PackageCache/com.unity.multiplayer.playmode@3acaa705f0f9/Workflow/Editor/Workflow/VirtualProjectWorkflow.cs:85 
  at Unity.Multiplayer.Playmode.VirtualProjects.Editor.EditorContexts.SendReadyEvent () [0x00038] in ./Library/PackageCache/com.unity.multiplayer.playmode@3acaa705f0f9/VirtualProjects/Editor/Contexts/EditorContexts.cs:56 
  at (wrapper managed-to-native) System.Reflection.RuntimeMethodInfo.InternalInvoke(System.Reflection.RuntimeMethodInfo,object,object[],System.Exception&)
  at System.Reflection.RuntimeMethodInfo.Invoke (System.Object obj, System.Reflection.BindingFlags invokeAttr, System.Reflection.Binder binder, System.Object[] parameters, System.Globalization.CultureInfo culture) [0x0006a] in <c0ef40ba0fc84b3b8725b73e9957d1b5>:0 
   --- End of inner exception stack trace ---
  at System.Reflection.RuntimeMethodInfo.Invoke (System.Object obj, System.Reflection.BindingFlags invokeAttr, System.Reflection.Binder binder, System.Object[] parameters, System.Globalization.CultureInfo culture) [0x00083] in <c0ef40ba0fc84b3b8725b73e9957d1b5>:0 
  at System.Reflection.MethodBase.Invoke (System.Object obj, System.Object[] parameters) [0x00000] in <c0ef40ba0fc84b3b8725b73e9957d1b5>:0 
  at UnityEditor.EditorAssemblies.ProcessInitializeOnLoadMethodAttributes () [0x00087] in /Users/bokken/build/output/unity/unity/Editor/Mono/EditorAssemblies.cs:152 
UnityEngine.Debug:ExtractStackTraceNoAlloc (byte*,int,string)
UnityEngine.StackTraceUtility:ExtractStackTrace () (at /Users/bokken/build/output/unity/unity/Runtime/Export/Scripting/StackTrace.cs:35)
UnityEngine.DebugLogHandler:Internal_Log (UnityEngine.LogType,UnityEngine.LogOption,string,UnityEngine.Object)
UnityEngine.DebugLogHandler:LogFormat (UnityEngine.LogType,UnityEngine.Object,string,object[])
UnityEngine.Logger:Log (UnityEngine.LogType,object)
UnityEngine.Debug:LogError (object)
UnityEditor.EditorAssemblies:ProcessInitializeOnLoadMethodAttributes () (at /Users/bokken/build/output/unity/unity/Editor/Mono/EditorAssemblies.cs:156)

(Filename: /Users/bokken/build/output/unity/unity/Editor/Mono/EditorAssemblies.cs Line: 156)

Mono: successfully reloaded assembly
- Finished resetting the current domain, in  0.736 seconds
Domain Reload Profiling: 2936ms
	BeginReloadAssembly (944ms)
		ExecutionOrderSort (0ms)
		DisableScriptedObjects (189ms)
		BackupInstance (0ms)
		ReleaseScriptingObjects (2ms)
		CreateAndSetChildDomain (265ms)
	RebuildCommonClasses (44ms)
	RebuildNativeTypeToScriptingClass (12ms)
	initialDomainReloadingComplete (38ms)
	LoadAllAssembliesAndSetupDomain (1162ms)
		LoadAssemblies (1008ms)
		RebuildTransferFunctionScriptingTraits (0ms)
		AnalyzeDomain (373ms)
			TypeCache.Refresh (39ms)
				TypeCache.ScanAssembly (1ms)
			BuildScriptInfoCaches (298ms)
			ResolveRequiredComponents (25ms)
	FinalizeReload (736ms)
		ReleaseScriptCaches (0ms)
		RebuildScriptCaches (0ms)
		SetupLoadedEditorAssemblies (585ms)
			LogAssemblyErrors (0ms)
			InitializePlatformSupportModulesInManaged (1ms)
			SetLoadedEditorAssemblies (5ms)
			BeforeProcessingInitializeOnLoad (123ms)
			ProcessInitializeOnLoadAttributes (324ms)
			ProcessInitializeOnLoadMethodAttributes (130ms)
			AfterProcessingInitializeOnLoad (1ms)
			EditorAssembliesLoaded (0ms)
		ExecutionOrderSort2 (0ms)
		AwakeInstancesAfterBackupRestoration (19ms)
WARNING: Shader Unsupported: 'Universal Render Pipeline/VR/SpatialMapping/Wireframe' - All subshaders removed
WARNING: Shader Did you use #pragma only_renderers and omit this platform?
WARNING: Shader If subshaders removal was intentional, you may have forgotten turning Fallback off?
WARNING: Shader Unsupported: 'Universal Render Pipeline/VR/SpatialMapping/Wireframe' - All subshaders removed
WARNING: Shader Did you use #pragma only_renderers and omit this platform?
WARNING: Shader If subshaders removal was intentional, you may have forgotten turning Fallback off?
Refreshing native plugins compatible for Editor in 1.12 ms, found 4 plugins.
Preloading 0 native plugins for Editor in 0.00 ms.
Unloading 14 Unused Serialized files (Serialized files now loaded: 0)
Unloading 7015 unused Assets / (6.0 MB). Loaded Objects now: 7833.
Memory consumption went from 150.0 MB to 143.9 MB.
Total: 9.976917 ms (FindLiveObjects: 0.492958 ms CreateObjectMapping: 0.328750 ms MarkObjects: 5.309667 ms  DeleteObjects: 3.845167 ms)

Prepare: number of updated asset objects reloaded= 0
========================================================================
Received Prepare
Begin MonoManager ReloadAssembly
Thread 0x16ded7000 may have been prematurely finalized
Symbol file LoadedFromMemory is not a mono symbol file
- Loaded All Assemblies, in  1.517 seconds
'Assets/Photon/Fusion/Runtime/Fusion.Unity.cs' contains partial class of Unity.Object, exactly 1 of the partial classes needs to be in a file with the same filename. This is to know the one that can be referenced from ie. GameObjects
'Assets/Photon/Fusion/Runtime/Fusion.Unity.cs' contains partial class of Unity.Object, exactly 1 of the partial classes needs to be in a file with the same filename. This is to know the one that can be referenced from ie. GameObjects
Refreshing native plugins compatible for Editor in 2.01 ms, found 4 plugins.
Native extension for OSXStandalone target not found
System.Reflection.TargetInvocationException: Exception has been thrown by the target of an invocation. ---> System.NullReferenceException: Object reference not set to an instance of an object
  at Unity.Multiplayer.Playmode.Workflow.Editor.ProjectDataStore..ctor (System.String directory) [0x0006e] in ./Library/PackageCache/com.unity.multiplayer.playmode@3acaa705f0f9/Workflow/Editor/Configuration/ProjectDataStore.cs:55 
  at Unity.Multiplayer.Playmode.Workflow.Editor.ProjectDataStore.GetMain () [0x00000] in ./Library/PackageCache/com.unity.multiplayer.playmode@3acaa705f0f9/Workflow/Editor/Configuration/ProjectDataStore.cs:36 
  at Unity.Multiplayer.Playmode.Workflow.Editor.WorkflowMainEditorContext..ctor (Unity.Multiplayer.Playmode.VirtualProjects.Editor.MainEditorContext mainEditorContext) [0x0002c] in ./Library/PackageCache/com.unity.multiplayer.playmode@3acaa705f0f9/Workflow/Editor/Contexts/WorkflowMainEditorContext.cs:15 
  at Unity.Multiplayer.Playmode.Workflow.Editor.VirtualProjectWorkflow.InitializeMPPMContexts () [0x00018] in ./Library/PackageCache/com.unity.multiplayer.playmode@3acaa705f0f9/Workflow/Editor/Workflow/VirtualProjectWorkflow.cs:204 
  at Unity.Multiplayer.Playmode.Workflow.Editor.VirtualProjectWorkflow+<>c.<.cctor>b__22_0 () [0x00036] in ./Library/PackageCache/com.unity.multiplayer.playmode@3acaa705f0f9/Workflow/Editor/Workflow/VirtualProjectWorkflow.cs:85 
  at Unity.Multiplayer.Playmode.VirtualProjects.Editor.EditorContexts.SendReadyEvent () [0x00038] in ./Library/PackageCache/com.unity.multiplayer.playmode@3acaa705f0f9/VirtualProjects/Editor/Contexts/EditorContexts.cs:56 
  at (wrapper managed-to-native) System.Reflection.RuntimeMethodInfo.InternalInvoke(System.Reflection.RuntimeMethodInfo,object,object[],System.Exception&)
  at System.Reflection.RuntimeMethodInfo.Invoke (System.Object obj, System.Reflection.BindingFlags invokeAttr, System.Reflection.Binder binder, System.Object[] parameters, System.Globalization.CultureInfo culture) [0x0006a] in <c0ef40ba0fc84b3b8725b73e9957d1b5>:0 
   --- End of inner exception stack trace ---
  at System.Reflection.RuntimeMethodInfo.Invoke (System.Object obj, System.Reflection.BindingFlags invokeAttr, System.Reflection.Binder binder, System.Object[] parameters, System.Globalization.CultureInfo culture) [0x00083] in <c0ef40ba0fc84b3b8725b73e9957d1b5>:0 
  at System.Reflection.MethodBase.Invoke (System.Object obj, System.Object[] parameters) [0x00000] in <c0ef40ba0fc84b3b8725b73e9957d1b5>:0 
  at UnityEditor.EditorAssemblies.ProcessInitializeOnLoadMethodAttributes () [0x00087] in /Users/bokken/build/output/unity/unity/Editor/Mono/EditorAssemblies.cs:152 
UnityEngine.Debug:ExtractStackTraceNoAlloc (byte*,int,string)
UnityEngine.StackTraceUtility:ExtractStackTrace () (at /Users/bokken/build/output/unity/unity/Runtime/Export/Scripting/StackTrace.cs:35)
UnityEngine.DebugLogHandler:Internal_Log (UnityEngine.LogType,UnityEngine.LogOption,string,UnityEngine.Object)
UnityEngine.DebugLogHandler:LogFormat (UnityEngine.LogType,UnityEngine.Object,string,object[])
UnityEngine.Logger:Log (UnityEngine.LogType,object)
UnityEngine.Debug:LogError (object)
UnityEditor.EditorAssemblies:ProcessInitializeOnLoadMethodAttributes () (at /Users/bokken/build/output/unity/unity/Editor/Mono/EditorAssemblies.cs:156)

(Filename: /Users/bokken/build/output/unity/unity/Editor/Mono/EditorAssemblies.cs Line: 156)

Mono: successfully reloaded assembly
- Finished resetting the current domain, in  0.995 seconds
Domain Reload Profiling: 2518ms
	BeginReloadAssembly (442ms)
		ExecutionOrderSort (1ms)
		DisableScriptedObjects (37ms)
		BackupInstance (0ms)
		ReleaseScriptingObjects (4ms)
		CreateAndSetChildDomain (212ms)
	RebuildCommonClasses (46ms)
	RebuildNativeTypeToScriptingClass (13ms)
	initialDomainReloadingComplete (30ms)
	LoadAllAssembliesAndSetupDomain (991ms)
		LoadAssemblies (737ms)
		RebuildTransferFunctionScriptingTraits (0ms)
		AnalyzeDomain (353ms)
			TypeCache.Refresh (23ms)
				TypeCache.ScanAssembly (0ms)
			BuildScriptInfoCaches (311ms)
			ResolveRequiredComponents (12ms)
	FinalizeReload (996ms)
		ReleaseScriptCaches (0ms)
		RebuildScriptCaches (0ms)
		SetupLoadedEditorAssemblies (799ms)
			LogAssemblyErrors (0ms)
			InitializePlatformSupportModulesInManaged (4ms)
			SetLoadedEditorAssemblies (9ms)
			BeforeProcessingInitializeOnLoad (154ms)
			ProcessInitializeOnLoadAttributes (504ms)
			ProcessInitializeOnLoadMethodAttributes (126ms)
			AfterProcessingInitializeOnLoad (1ms)
			EditorAssembliesLoaded (0ms)
		ExecutionOrderSort2 (0ms)
		AwakeInstancesAfterBackupRestoration (24ms)
WARNING: Shader Unsupported: 'Universal Render Pipeline/VR/SpatialMapping/Wireframe' - All subshaders removed
WARNING: Shader Did you use #pragma only_renderers and omit this platform?
WARNING: Shader If subshaders removal was intentional, you may have forgotten turning Fallback off?
WARNING: Shader Unsupported: 'Universal Render Pipeline/VR/SpatialMapping/Wireframe' - All subshaders removed
WARNING: Shader Did you use #pragma only_renderers and omit this platform?
WARNING: Shader If subshaders removal was intentional, you may have forgotten turning Fallback off?
Refreshing native plugins compatible for Editor in 1.11 ms, found 4 plugins.
Preloading 0 native plugins for Editor in 0.00 ms.
Unloading 14 Unused Serialized files (Serialized files now loaded: 0)
Unloading 7014 unused Assets / (7.2 MB). Loaded Objects now: 7836.
Memory consumption went from 150.0 MB to 142.9 MB.
Total: 69.029375 ms (FindLiveObjects: 4.782625 ms CreateObjectMapping: 1.758584 ms MarkObjects: 45.624083 ms  DeleteObjects: 16.863584 ms)

Prepare: number of updated asset objects reloaded= 0
========================================================================
Received Prepare
Begin MonoManager ReloadAssembly
Thread 0x16ded7000 may have been prematurely finalized
Symbol file LoadedFromMemory is not a mono symbol file
- Loaded All Assemblies, in  1.072 seconds
'Assets/Photon/Fusion/Runtime/Fusion.Unity.cs' contains partial class of Unity.Object, exactly 1 of the partial classes needs to be in a file with the same filename. This is to know the one that can be referenced from ie. GameObjects
'Assets/Photon/Fusion/Runtime/Fusion.Unity.cs' contains partial class of Unity.Object, exactly 1 of the partial classes needs to be in a file with the same filename. This is to know the one that can be referenced from ie. GameObjects
Refreshing native plugins compatible for Editor in 1.19 ms, found 4 plugins.
Native extension for OSXStandalone target not found
System.Reflection.TargetInvocationException: Exception has been thrown by the target of an invocation. ---> System.NullReferenceException: Object reference not set to an instance of an object
  at Unity.Multiplayer.Playmode.Workflow.Editor.ProjectDataStore..ctor (System.String directory) [0x0006e] in ./Library/PackageCache/com.unity.multiplayer.playmode@3acaa705f0f9/Workflow/Editor/Configuration/ProjectDataStore.cs:55 
  at Unity.Multiplayer.Playmode.Workflow.Editor.ProjectDataStore.GetMain () [0x00000] in ./Library/PackageCache/com.unity.multiplayer.playmode@3acaa705f0f9/Workflow/Editor/Configuration/ProjectDataStore.cs:36 
  at Unity.Multiplayer.Playmode.Workflow.Editor.WorkflowMainEditorContext..ctor (Unity.Multiplayer.Playmode.VirtualProjects.Editor.MainEditorContext mainEditorContext) [0x0002c] in ./Library/PackageCache/com.unity.multiplayer.playmode@3acaa705f0f9/Workflow/Editor/Contexts/WorkflowMainEditorContext.cs:15 
  at Unity.Multiplayer.Playmode.Workflow.Editor.VirtualProjectWorkflow.InitializeMPPMContexts () [0x00018] in ./Library/PackageCache/com.unity.multiplayer.playmode@3acaa705f0f9/Workflow/Editor/Workflow/VirtualProjectWorkflow.cs:204 
  at Unity.Multiplayer.Playmode.Workflow.Editor.VirtualProjectWorkflow+<>c.<.cctor>b__22_0 () [0x00036] in ./Library/PackageCache/com.unity.multiplayer.playmode@3acaa705f0f9/Workflow/Editor/Workflow/VirtualProjectWorkflow.cs:85 
  at Unity.Multiplayer.Playmode.VirtualProjects.Editor.EditorContexts.SendReadyEvent () [0x00038] in ./Library/PackageCache/com.unity.multiplayer.playmode@3acaa705f0f9/VirtualProjects/Editor/Contexts/EditorContexts.cs:56 
  at (wrapper managed-to-native) System.Reflection.RuntimeMethodInfo.InternalInvoke(System.Reflection.RuntimeMethodInfo,object,object[],System.Exception&)
  at System.Reflection.RuntimeMethodInfo.Invoke (System.Object obj, System.Reflection.BindingFlags invokeAttr, System.Reflection.Binder binder, System.Object[] parameters, System.Globalization.CultureInfo culture) [0x0006a] in <c0ef40ba0fc84b3b8725b73e9957d1b5>:0 
   --- End of inner exception stack trace ---
  at System.Reflection.RuntimeMethodInfo.Invoke (System.Object obj, System.Reflection.BindingFlags invokeAttr, System.Reflection.Binder binder, System.Object[] parameters, System.Globalization.CultureInfo culture) [0x00083] in <c0ef40ba0fc84b3b8725b73e9957d1b5>:0 
  at System.Reflection.MethodBase.Invoke (System.Object obj, System.Object[] parameters) [0x00000] in <c0ef40ba0fc84b3b8725b73e9957d1b5>:0 
  at UnityEditor.EditorAssemblies.ProcessInitializeOnLoadMethodAttributes () [0x00087] in /Users/bokken/build/output/unity/unity/Editor/Mono/EditorAssemblies.cs:152 
UnityEngine.Debug:ExtractStackTraceNoAlloc (byte*,int,string)
UnityEngine.StackTraceUtility:ExtractStackTrace () (at /Users/bokken/build/output/unity/unity/Runtime/Export/Scripting/StackTrace.cs:35)
UnityEngine.DebugLogHandler:Internal_Log (UnityEngine.LogType,UnityEngine.LogOption,string,UnityEngine.Object)
UnityEngine.DebugLogHandler:LogFormat (UnityEngine.LogType,UnityEngine.Object,string,object[])
UnityEngine.Logger:Log (UnityEngine.LogType,object)
UnityEngine.Debug:LogError (object)
UnityEditor.EditorAssemblies:ProcessInitializeOnLoadMethodAttributes () (at /Users/bokken/build/output/unity/unity/Editor/Mono/EditorAssemblies.cs:156)

(Filename: /Users/bokken/build/output/unity/unity/Editor/Mono/EditorAssemblies.cs Line: 156)

Mono: successfully reloaded assembly
- Finished resetting the current domain, in  1.035 seconds
Domain Reload Profiling: 2111ms
	BeginReloadAssembly (315ms)
		ExecutionOrderSort (0ms)
		DisableScriptedObjects (33ms)
		BackupInstance (0ms)
		ReleaseScriptingObjects (0ms)
		CreateAndSetChildDomain (139ms)
	RebuildCommonClasses (40ms)
	RebuildNativeTypeToScriptingClass (21ms)
	initialDomainReloadingComplete (41ms)
	LoadAllAssembliesAndSetupDomain (658ms)
		LoadAssemblies (356ms)
		RebuildTransferFunctionScriptingTraits (0ms)
		AnalyzeDomain (348ms)
			TypeCache.Refresh (32ms)
				TypeCache.ScanAssembly (0ms)
			BuildScriptInfoCaches (300ms)
			ResolveRequiredComponents (11ms)
	FinalizeReload (1035ms)
		ReleaseScriptCaches (0ms)
		RebuildScriptCaches (0ms)
		SetupLoadedEditorAssemblies (875ms)
			LogAssemblyErrors (0ms)
			InitializePlatformSupportModulesInManaged (2ms)
			SetLoadedEditorAssemblies (4ms)
			BeforeProcessingInitializeOnLoad (174ms)
			ProcessInitializeOnLoadAttributes (527ms)
			ProcessInitializeOnLoadMethodAttributes (165ms)
			AfterProcessingInitializeOnLoad (2ms)
			EditorAssembliesLoaded (2ms)
		ExecutionOrderSort2 (0ms)
		AwakeInstancesAfterBackupRestoration (24ms)
WARNING: Shader Unsupported: 'Universal Render Pipeline/VR/SpatialMapping/Wireframe' - All subshaders removed
WARNING: Shader Did you use #pragma only_renderers and omit this platform?
WARNING: Shader If subshaders removal was intentional, you may have forgotten turning Fallback off?
WARNING: Shader Unsupported: 'Universal Render Pipeline/VR/SpatialMapping/Wireframe' - All subshaders removed
WARNING: Shader Did you use #pragma only_renderers and omit this platform?
WARNING: Shader If subshaders removal was intentional, you may have forgotten turning Fallback off?
Refreshing native plugins compatible for Editor in 1.22 ms, found 4 plugins.
Preloading 0 native plugins for Editor in 0.00 ms.
Unloading 14 Unused Serialized files (Serialized files now loaded: 0)
Unloading 7014 unused Assets / (4.0 MB). Loaded Objects now: 7838.
Memory consumption went from 150.1 MB to 146.1 MB.
Total: 9.266875 ms (FindLiveObjects: 0.557625 ms CreateObjectMapping: 0.333167 ms MarkObjects: 5.662542 ms  DeleteObjects: 2.712500 ms)

Prepare: number of updated asset objects reloaded= 0
========================================================================
Received Prepare
Begin MonoManager ReloadAssembly
Thread 0x16ded7000 may have been prematurely finalized
Symbol file LoadedFromMemory is not a mono symbol file
- Loaded All Assemblies, in  2.543 seconds
'Assets/Photon/Fusion/Runtime/Fusion.Unity.cs' contains partial class of Unity.Object, exactly 1 of the partial classes needs to be in a file with the same filename. This is to know the one that can be referenced from ie. GameObjects
'Assets/Photon/Fusion/Runtime/Fusion.Unity.cs' contains partial class of Unity.Object, exactly 1 of the partial classes needs to be in a file with the same filename. This is to know the one that can be referenced from ie. GameObjects
Refreshing native plugins compatible for Editor in 1.10 ms, found 4 plugins.
Native extension for OSXStandalone target not found
System.Reflection.TargetInvocationException: Exception has been thrown by the target of an invocation. ---> System.NullReferenceException: Object reference not set to an instance of an object
  at Unity.Multiplayer.Playmode.Workflow.Editor.ProjectDataStore..ctor (System.String directory) [0x0006e] in ./Library/PackageCache/com.unity.multiplayer.playmode@3acaa705f0f9/Workflow/Editor/Configuration/ProjectDataStore.cs:55 
  at Unity.Multiplayer.Playmode.Workflow.Editor.ProjectDataStore.GetMain () [0x00000] in ./Library/PackageCache/com.unity.multiplayer.playmode@3acaa705f0f9/Workflow/Editor/Configuration/ProjectDataStore.cs:36 
  at Unity.Multiplayer.Playmode.Workflow.Editor.WorkflowMainEditorContext..ctor (Unity.Multiplayer.Playmode.VirtualProjects.Editor.MainEditorContext mainEditorContext) [0x0002c] in ./Library/PackageCache/com.unity.multiplayer.playmode@3acaa705f0f9/Workflow/Editor/Contexts/WorkflowMainEditorContext.cs:15 
  at Unity.Multiplayer.Playmode.Workflow.Editor.VirtualProjectWorkflow.InitializeMPPMContexts () [0x00018] in ./Library/PackageCache/com.unity.multiplayer.playmode@3acaa705f0f9/Workflow/Editor/Workflow/VirtualProjectWorkflow.cs:204 
  at Unity.Multiplayer.Playmode.Workflow.Editor.VirtualProjectWorkflow+<>c.<.cctor>b__22_0 () [0x00036] in ./Library/PackageCache/com.unity.multiplayer.playmode@3acaa705f0f9/Workflow/Editor/Workflow/VirtualProjectWorkflow.cs:85 
  at Unity.Multiplayer.Playmode.VirtualProjects.Editor.EditorContexts.SendReadyEvent () [0x00038] in ./Library/PackageCache/com.unity.multiplayer.playmode@3acaa705f0f9/VirtualProjects/Editor/Contexts/EditorContexts.cs:56 
  at (wrapper managed-to-native) System.Reflection.RuntimeMethodInfo.InternalInvoke(System.Reflection.RuntimeMethodInfo,object,object[],System.Exception&)
  at System.Reflection.RuntimeMethodInfo.Invoke (System.Object obj, System.Reflection.BindingFlags invokeAttr, System.Reflection.Binder binder, System.Object[] parameters, System.Globalization.CultureInfo culture) [0x0006a] in <c0ef40ba0fc84b3b8725b73e9957d1b5>:0 
   --- End of inner exception stack trace ---
  at System.Reflection.RuntimeMethodInfo.Invoke (System.Object obj, System.Reflection.BindingFlags invokeAttr, System.Reflection.Binder binder, System.Object[] parameters, System.Globalization.CultureInfo culture) [0x00083] in <c0ef40ba0fc84b3b8725b73e9957d1b5>:0 
  at System.Reflection.MethodBase.Invoke (System.Object obj, System.Object[] parameters) [0x00000] in <c0ef40ba0fc84b3b8725b73e9957d1b5>:0 
  at UnityEditor.EditorAssemblies.ProcessInitializeOnLoadMethodAttributes () [0x00087] in /Users/bokken/build/output/unity/unity/Editor/Mono/EditorAssemblies.cs:152 
UnityEngine.Debug:ExtractStackTraceNoAlloc (byte*,int,string)
UnityEngine.StackTraceUtility:ExtractStackTrace () (at /Users/bokken/build/output/unity/unity/Runtime/Export/Scripting/StackTrace.cs:35)
UnityEngine.DebugLogHandler:Internal_Log (UnityEngine.LogType,UnityEngine.LogOption,string,UnityEngine.Object)
UnityEngine.DebugLogHandler:LogFormat (UnityEngine.LogType,UnityEngine.Object,string,object[])
UnityEngine.Logger:Log (UnityEngine.LogType,object)
UnityEngine.Debug:LogError (object)
UnityEditor.EditorAssemblies:ProcessInitializeOnLoadMethodAttributes () (at /Users/bokken/build/output/unity/unity/Editor/Mono/EditorAssemblies.cs:156)

(Filename: /Users/bokken/build/output/unity/unity/Editor/Mono/EditorAssemblies.cs Line: 156)

Mono: successfully reloaded assembly
- Finished resetting the current domain, in  0.877 seconds
Domain Reload Profiling: 3425ms
	BeginReloadAssembly (956ms)
		ExecutionOrderSort (0ms)
		DisableScriptedObjects (45ms)
		BackupInstance (0ms)
		ReleaseScriptingObjects (0ms)
		CreateAndSetChildDomain (146ms)
	RebuildCommonClasses (54ms)
	RebuildNativeTypeToScriptingClass (12ms)
	initialDomainReloadingComplete (53ms)
	LoadAllAssembliesAndSetupDomain (1472ms)
		LoadAssemblies (1782ms)
		RebuildTransferFunctionScriptingTraits (0ms)
		AnalyzeDomain (362ms)
			TypeCache.Refresh (91ms)
				TypeCache.ScanAssembly (3ms)
			BuildScriptInfoCaches (252ms)
			ResolveRequiredComponents (13ms)
	FinalizeReload (878ms)
		ReleaseScriptCaches (0ms)
		RebuildScriptCaches (0ms)
		SetupLoadedEditorAssemblies (702ms)
			LogAssemblyErrors (0ms)
			InitializePlatformSupportModulesInManaged (2ms)
			SetLoadedEditorAssemblies (5ms)
			BeforeProcessingInitializeOnLoad (147ms)
			ProcessInitializeOnLoadAttributes (397ms)
			ProcessInitializeOnLoadMethodAttributes (149ms)
			AfterProcessingInitializeOnLoad (1ms)
			EditorAssembliesLoaded (1ms)
		ExecutionOrderSort2 (0ms)
		AwakeInstancesAfterBackupRestoration (24ms)
WARNING: Shader Unsupported: 'Universal Render Pipeline/VR/SpatialMapping/Wireframe' - All subshaders removed
WARNING: Shader Did you use #pragma only_renderers and omit this platform?
WARNING: Shader If subshaders removal was intentional, you may have forgotten turning Fallback off?
WARNING: Shader Unsupported: 'Universal Render Pipeline/VR/SpatialMapping/Wireframe' - All subshaders removed
WARNING: Shader Did you use #pragma only_renderers and omit this platform?
WARNING: Shader If subshaders removal was intentional, you may have forgotten turning Fallback off?
Refreshing native plugins compatible for Editor in 1.22 ms, found 4 plugins.
Preloading 0 native plugins for Editor in 0.00 ms.
Unloading 14 Unused Serialized files (Serialized files now loaded: 0)
Unloading 7015 unused Assets / (4.3 MB). Loaded Objects now: 7839.
Memory consumption went from 150.1 MB to 145.8 MB.
Total: 14.783584 ms (FindLiveObjects: 0.746208 ms CreateObjectMapping: 0.487042 ms MarkObjects: 9.608334 ms  DeleteObjects: 3.941500 ms)

Prepare: number of updated asset objects reloaded= 0
========================================================================
Received Prepare
Begin MonoManager ReloadAssembly
Thread 0x16ded7000 may have been prematurely finalized
Symbol file LoadedFromMemory is not a mono symbol file
- Loaded All Assemblies, in  1.153 seconds
'Assets/Photon/Fusion/Runtime/Fusion.Unity.cs' contains partial class of Unity.Object, exactly 1 of the partial classes needs to be in a file with the same filename. This is to know the one that can be referenced from ie. GameObjects
'Assets/Photon/Fusion/Runtime/Fusion.Unity.cs' contains partial class of Unity.Object, exactly 1 of the partial classes needs to be in a file with the same filename. This is to know the one that can be referenced from ie. GameObjects
Refreshing native plugins compatible for Editor in 9.27 ms, found 4 plugins.
Native extension for OSXStandalone target not found
System.Reflection.TargetInvocationException: Exception has been thrown by the target of an invocation. ---> System.NullReferenceException: Object reference not set to an instance of an object
  at Unity.Multiplayer.Playmode.Workflow.Editor.ProjectDataStore..ctor (System.String directory) [0x0006e] in ./Library/PackageCache/com.unity.multiplayer.playmode@3acaa705f0f9/Workflow/Editor/Configuration/ProjectDataStore.cs:55 
  at Unity.Multiplayer.Playmode.Workflow.Editor.ProjectDataStore.GetMain () [0x00000] in ./Library/PackageCache/com.unity.multiplayer.playmode@3acaa705f0f9/Workflow/Editor/Configuration/ProjectDataStore.cs:36 
  at Unity.Multiplayer.Playmode.Workflow.Editor.WorkflowMainEditorContext..ctor (Unity.Multiplayer.Playmode.VirtualProjects.Editor.MainEditorContext mainEditorContext) [0x0002c] in ./Library/PackageCache/com.unity.multiplayer.playmode@3acaa705f0f9/Workflow/Editor/Contexts/WorkflowMainEditorContext.cs:15 
  at Unity.Multiplayer.Playmode.Workflow.Editor.VirtualProjectWorkflow.InitializeMPPMContexts () [0x00018] in ./Library/PackageCache/com.unity.multiplayer.playmode@3acaa705f0f9/Workflow/Editor/Workflow/VirtualProjectWorkflow.cs:204 
  at Unity.Multiplayer.Playmode.Workflow.Editor.VirtualProjectWorkflow+<>c.<.cctor>b__22_0 () [0x00036] in ./Library/PackageCache/com.unity.multiplayer.playmode@3acaa705f0f9/Workflow/Editor/Workflow/VirtualProjectWorkflow.cs:85 
  at Unity.Multiplayer.Playmode.VirtualProjects.Editor.EditorContexts.SendReadyEvent () [0x00038] in ./Library/PackageCache/com.unity.multiplayer.playmode@3acaa705f0f9/VirtualProjects/Editor/Contexts/EditorContexts.cs:56 
  at (wrapper managed-to-native) System.Reflection.RuntimeMethodInfo.InternalInvoke(System.Reflection.RuntimeMethodInfo,object,object[],System.Exception&)
  at System.Reflection.RuntimeMethodInfo.Invoke (System.Object obj, System.Reflection.BindingFlags invokeAttr, System.Reflection.Binder binder, System.Object[] parameters, System.Globalization.CultureInfo culture) [0x0006a] in <c0ef40ba0fc84b3b8725b73e9957d1b5>:0 
   --- End of inner exception stack trace ---
  at System.Reflection.RuntimeMethodInfo.Invoke (System.Object obj, System.Reflection.BindingFlags invokeAttr, System.Reflection.Binder binder, System.Object[] parameters, System.Globalization.CultureInfo culture) [0x00083] in <c0ef40ba0fc84b3b8725b73e9957d1b5>:0 
  at System.Reflection.MethodBase.Invoke (System.Object obj, System.Object[] parameters) [0x00000] in <c0ef40ba0fc84b3b8725b73e9957d1b5>:0 
  at UnityEditor.EditorAssemblies.ProcessInitializeOnLoadMethodAttributes () [0x00087] in /Users/bokken/build/output/unity/unity/Editor/Mono/EditorAssemblies.cs:152 
UnityEngine.Debug:ExtractStackTraceNoAlloc (byte*,int,string)
UnityEngine.StackTraceUtility:ExtractStackTrace () (at /Users/bokken/build/output/unity/unity/Runtime/Export/Scripting/StackTrace.cs:35)
UnityEngine.DebugLogHandler:Internal_Log (UnityEngine.LogType,UnityEngine.LogOption,string,UnityEngine.Object)
UnityEngine.DebugLogHandler:LogFormat (UnityEngine.LogType,UnityEngine.Object,string,object[])
UnityEngine.Logger:Log (UnityEngine.LogType,object)
UnityEngine.Debug:LogError (object)
UnityEditor.EditorAssemblies:ProcessInitializeOnLoadMethodAttributes () (at /Users/bokken/build/output/unity/unity/Editor/Mono/EditorAssemblies.cs:156)

(Filename: /Users/bokken/build/output/unity/unity/Editor/Mono/EditorAssemblies.cs Line: 156)

Mono: successfully reloaded assembly
- Finished resetting the current domain, in  0.899 seconds
Domain Reload Profiling: 2058ms
	BeginReloadAssembly (360ms)
		ExecutionOrderSort (0ms)
		DisableScriptedObjects (31ms)
		BackupInstance (0ms)
		ReleaseScriptingObjects (0ms)
		CreateAndSetChildDomain (144ms)
	RebuildCommonClasses (51ms)
	RebuildNativeTypeToScriptingClass (11ms)
	initialDomainReloadingComplete (27ms)
	LoadAllAssembliesAndSetupDomain (710ms)
		LoadAssemblies (501ms)
		RebuildTransferFunctionScriptingTraits (0ms)
		AnalyzeDomain (321ms)
			TypeCache.Refresh (29ms)
				TypeCache.ScanAssembly (0ms)
			BuildScriptInfoCaches (272ms)
			ResolveRequiredComponents (12ms)
	FinalizeReload (899ms)
		ReleaseScriptCaches (0ms)
		RebuildScriptCaches (0ms)
		SetupLoadedEditorAssemblies (709ms)
			LogAssemblyErrors (0ms)
			InitializePlatformSupportModulesInManaged (4ms)
			SetLoadedEditorAssemblies (13ms)
			BeforeProcessingInitializeOnLoad (165ms)
			ProcessInitializeOnLoadAttributes (390ms)
			ProcessInitializeOnLoadMethodAttributes (135ms)
			AfterProcessingInitializeOnLoad (1ms)
			EditorAssembliesLoaded (1ms)
		ExecutionOrderSort2 (0ms)
		AwakeInstancesAfterBackupRestoration (22ms)
WARNING: Shader Unsupported: 'Universal Render Pipeline/VR/SpatialMapping/Wireframe' - All subshaders removed
WARNING: Shader Did you use #pragma only_renderers and omit this platform?
WARNING: Shader If subshaders removal was intentional, you may have forgotten turning Fallback off?
WARNING: Shader Unsupported: 'Universal Render Pipeline/VR/SpatialMapping/Wireframe' - All subshaders removed
WARNING: Shader Did you use #pragma only_renderers and omit this platform?
WARNING: Shader If subshaders removal was intentional, you may have forgotten turning Fallback off?
Refreshing native plugins compatible for Editor in 1.33 ms, found 4 plugins.
Preloading 0 native plugins for Editor in 0.00 ms.
Unloading 14 Unused Serialized files (Serialized files now loaded: 0)
Unloading 7014 unused Assets / (3.5 MB). Loaded Objects now: 7842.
Memory consumption went from 150.2 MB to 146.6 MB.
Total: 23.583916 ms (FindLiveObjects: 0.673375 ms CreateObjectMapping: 0.426333 ms MarkObjects: 19.612125 ms  DeleteObjects: 2.870958 ms)

Prepare: number of updated asset objects reloaded= 0
========================================================================
Received Prepare
Begin MonoManager ReloadAssembly
Thread 0x16ded7000 may have been prematurely finalized
Symbol file LoadedFromMemory is not a mono symbol file
- Loaded All Assemblies, in  1.016 seconds
'Assets/Photon/Fusion/Runtime/Fusion.Unity.cs' contains partial class of Unity.Object, exactly 1 of the partial classes needs to be in a file with the same filename. This is to know the one that can be referenced from ie. GameObjects
'Assets/Photon/Fusion/Runtime/Fusion.Unity.cs' contains partial class of Unity.Object, exactly 1 of the partial classes needs to be in a file with the same filename. This is to know the one that can be referenced from ie. GameObjects
Refreshing native plugins compatible for Editor in 3.33 ms, found 4 plugins.
Native extension for OSXStandalone target not found
System.Reflection.TargetInvocationException: Exception has been thrown by the target of an invocation. ---> System.NullReferenceException: Object reference not set to an instance of an object
  at Unity.Multiplayer.Playmode.Workflow.Editor.ProjectDataStore..ctor (System.String directory) [0x0006e] in ./Library/PackageCache/com.unity.multiplayer.playmode@3acaa705f0f9/Workflow/Editor/Configuration/ProjectDataStore.cs:55 
  at Unity.Multiplayer.Playmode.Workflow.Editor.ProjectDataStore.GetMain () [0x00000] in ./Library/PackageCache/com.unity.multiplayer.playmode@3acaa705f0f9/Workflow/Editor/Configuration/ProjectDataStore.cs:36 
  at Unity.Multiplayer.Playmode.Workflow.Editor.WorkflowMainEditorContext..ctor (Unity.Multiplayer.Playmode.VirtualProjects.Editor.MainEditorContext mainEditorContext) [0x0002c] in ./Library/PackageCache/com.unity.multiplayer.playmode@3acaa705f0f9/Workflow/Editor/Contexts/WorkflowMainEditorContext.cs:15 
  at Unity.Multiplayer.Playmode.Workflow.Editor.VirtualProjectWorkflow.InitializeMPPMContexts () [0x00018] in ./Library/PackageCache/com.unity.multiplayer.playmode@3acaa705f0f9/Workflow/Editor/Workflow/VirtualProjectWorkflow.cs:204 
  at Unity.Multiplayer.Playmode.Workflow.Editor.VirtualProjectWorkflow+<>c.<.cctor>b__22_0 () [0x00036] in ./Library/PackageCache/com.unity.multiplayer.playmode@3acaa705f0f9/Workflow/Editor/Workflow/VirtualProjectWorkflow.cs:85 
  at Unity.Multiplayer.Playmode.VirtualProjects.Editor.EditorContexts.SendReadyEvent () [0x00038] in ./Library/PackageCache/com.unity.multiplayer.playmode@3acaa705f0f9/VirtualProjects/Editor/Contexts/EditorContexts.cs:56 
  at (wrapper managed-to-native) System.Reflection.RuntimeMethodInfo.InternalInvoke(System.Reflection.RuntimeMethodInfo,object,object[],System.Exception&)
  at System.Reflection.RuntimeMethodInfo.Invoke (System.Object obj, System.Reflection.BindingFlags invokeAttr, System.Reflection.Binder binder, System.Object[] parameters, System.Globalization.CultureInfo culture) [0x0006a] in <c0ef40ba0fc84b3b8725b73e9957d1b5>:0 
   --- End of inner exception stack trace ---
  at System.Reflection.RuntimeMethodInfo.Invoke (System.Object obj, System.Reflection.BindingFlags invokeAttr, System.Reflection.Binder binder, System.Object[] parameters, System.Globalization.CultureInfo culture) [0x00083] in <c0ef40ba0fc84b3b8725b73e9957d1b5>:0 
  at System.Reflection.MethodBase.Invoke (System.Object obj, System.Object[] parameters) [0x00000] in <c0ef40ba0fc84b3b8725b73e9957d1b5>:0 
  at UnityEditor.EditorAssemblies.ProcessInitializeOnLoadMethodAttributes () [0x00087] in /Users/bokken/build/output/unity/unity/Editor/Mono/EditorAssemblies.cs:152 
UnityEngine.Debug:ExtractStackTraceNoAlloc (byte*,int,string)
UnityEngine.StackTraceUtility:ExtractStackTrace () (at /Users/bokken/build/output/unity/unity/Runtime/Export/Scripting/StackTrace.cs:35)
UnityEngine.DebugLogHandler:Internal_Log (UnityEngine.LogType,UnityEngine.LogOption,string,UnityEngine.Object)
UnityEngine.DebugLogHandler:LogFormat (UnityEngine.LogType,UnityEngine.Object,string,object[])
UnityEngine.Logger:Log (UnityEngine.LogType,object)
UnityEngine.Debug:LogError (object)
UnityEditor.EditorAssemblies:ProcessInitializeOnLoadMethodAttributes () (at /Users/bokken/build/output/unity/unity/Editor/Mono/EditorAssemblies.cs:156)

(Filename: /Users/bokken/build/output/unity/unity/Editor/Mono/EditorAssemblies.cs Line: 156)

Mono: successfully reloaded assembly
- Finished resetting the current domain, in  0.968 seconds
Domain Reload Profiling: 1987ms
	BeginReloadAssembly (300ms)
		ExecutionOrderSort (0ms)
		DisableScriptedObjects (22ms)
		BackupInstance (0ms)
		ReleaseScriptingObjects (0ms)
		CreateAndSetChildDomain (133ms)
	RebuildCommonClasses (38ms)
	RebuildNativeTypeToScriptingClass (12ms)
	initialDomainReloadingComplete (24ms)
	LoadAllAssembliesAndSetupDomain (645ms)
		LoadAssemblies (386ms)
		RebuildTransferFunctionScriptingTraits (0ms)
		AnalyzeDomain (327ms)
			TypeCache.Refresh (53ms)
				TypeCache.ScanAssembly (0ms)
			BuildScriptInfoCaches (261ms)
			ResolveRequiredComponents (11ms)
	FinalizeReload (968ms)
		ReleaseScriptCaches (0ms)
		RebuildScriptCaches (0ms)
		SetupLoadedEditorAssemblies (795ms)
			LogAssemblyErrors (0ms)
			InitializePlatformSupportModulesInManaged (2ms)
			SetLoadedEditorAssemblies (5ms)
			BeforeProcessingInitializeOnLoad (154ms)
			ProcessInitializeOnLoadAttributes (489ms)
			ProcessInitializeOnLoadMethodAttributes (143ms)
			AfterProcessingInitializeOnLoad (1ms)
			EditorAssembliesLoaded (1ms)
		ExecutionOrderSort2 (0ms)
		AwakeInstancesAfterBackupRestoration (23ms)
WARNING: Shader Unsupported: 'Universal Render Pipeline/VR/SpatialMapping/Wireframe' - All subshaders removed
WARNING: Shader Did you use #pragma only_renderers and omit this platform?
WARNING: Shader If subshaders removal was intentional, you may have forgotten turning Fallback off?
WARNING: Shader Unsupported: 'Universal Render Pipeline/VR/SpatialMapping/Wireframe' - All subshaders removed
WARNING: Shader Did you use #pragma only_renderers and omit this platform?
WARNING: Shader If subshaders removal was intentional, you may have forgotten turning Fallback off?
Refreshing native plugins compatible for Editor in 1.29 ms, found 4 plugins.
Preloading 0 native plugins for Editor in 0.00 ms.
Unloading 14 Unused Serialized files (Serialized files now loaded: 0)
Unloading 7014 unused Assets / (4.6 MB). Loaded Objects now: 7844.
Memory consumption went from 150.2 MB to 145.6 MB.
Total: 9.480167 ms (FindLiveObjects: 0.550000 ms CreateObjectMapping: 0.382667 ms MarkObjects: 5.614792 ms  DeleteObjects: 2.931500 ms)

Prepare: number of updated asset objects reloaded= 0
========================================================================
Received Prepare
Begin MonoManager ReloadAssembly
Thread 0x16ded7000 may have been prematurely finalized
Symbol file LoadedFromMemory is not a mono symbol file
- Loaded All Assemblies, in  1.674 seconds
'Assets/Photon/Fusion/Runtime/Fusion.Unity.cs' contains partial class of Unity.Object, exactly 1 of the partial classes needs to be in a file with the same filename. This is to know the one that can be referenced from ie. GameObjects
'Assets/Photon/Fusion/Runtime/Fusion.Unity.cs' contains partial class of Unity.Object, exactly 1 of the partial classes needs to be in a file with the same filename. This is to know the one that can be referenced from ie. GameObjects
Refreshing native plugins compatible for Editor in 1.39 ms, found 4 plugins.
Native extension for OSXStandalone target not found
System.Reflection.TargetInvocationException: Exception has been thrown by the target of an invocation. ---> System.NullReferenceException: Object reference not set to an instance of an object
  at Unity.Multiplayer.Playmode.Workflow.Editor.ProjectDataStore..ctor (System.String directory) [0x0006e] in ./Library/PackageCache/com.unity.multiplayer.playmode@3acaa705f0f9/Workflow/Editor/Configuration/ProjectDataStore.cs:55 
  at Unity.Multiplayer.Playmode.Workflow.Editor.ProjectDataStore.GetMain () [0x00000] in ./Library/PackageCache/com.unity.multiplayer.playmode@3acaa705f0f9/Workflow/Editor/Configuration/ProjectDataStore.cs:36 
  at Unity.Multiplayer.Playmode.Workflow.Editor.WorkflowMainEditorContext..ctor (Unity.Multiplayer.Playmode.VirtualProjects.Editor.MainEditorContext mainEditorContext) [0x0002c] in ./Library/PackageCache/com.unity.multiplayer.playmode@3acaa705f0f9/Workflow/Editor/Contexts/WorkflowMainEditorContext.cs:15 
  at Unity.Multiplayer.Playmode.Workflow.Editor.VirtualProjectWorkflow.InitializeMPPMContexts () [0x00018] in ./Library/PackageCache/com.unity.multiplayer.playmode@3acaa705f0f9/Workflow/Editor/Workflow/VirtualProjectWorkflow.cs:204 
  at Unity.Multiplayer.Playmode.Workflow.Editor.VirtualProjectWorkflow+<>c.<.cctor>b__22_0 () [0x00036] in ./Library/PackageCache/com.unity.multiplayer.playmode@3acaa705f0f9/Workflow/Editor/Workflow/VirtualProjectWorkflow.cs:85 
  at Unity.Multiplayer.Playmode.VirtualProjects.Editor.EditorContexts.SendReadyEvent () [0x00038] in ./Library/PackageCache/com.unity.multiplayer.playmode@3acaa705f0f9/VirtualProjects/Editor/Contexts/EditorContexts.cs:56 
  at (wrapper managed-to-native) System.Reflection.RuntimeMethodInfo.InternalInvoke(System.Reflection.RuntimeMethodInfo,object,object[],System.Exception&)
  at System.Reflection.RuntimeMethodInfo.Invoke (System.Object obj, System.Reflection.BindingFlags invokeAttr, System.Reflection.Binder binder, System.Object[] parameters, System.Globalization.CultureInfo culture) [0x0006a] in <c0ef40ba0fc84b3b8725b73e9957d1b5>:0 
   --- End of inner exception stack trace ---
  at System.Reflection.RuntimeMethodInfo.Invoke (System.Object obj, System.Reflection.BindingFlags invokeAttr, System.Reflection.Binder binder, System.Object[] parameters, System.Globalization.CultureInfo culture) [0x00083] in <c0ef40ba0fc84b3b8725b73e9957d1b5>:0 
  at System.Reflection.MethodBase.Invoke (System.Object obj, System.Object[] parameters) [0x00000] in <c0ef40ba0fc84b3b8725b73e9957d1b5>:0 
  at UnityEditor.EditorAssemblies.ProcessInitializeOnLoadMethodAttributes () [0x00087] in /Users/bokken/build/output/unity/unity/Editor/Mono/EditorAssemblies.cs:152 
UnityEngine.Debug:ExtractStackTraceNoAlloc (byte*,int,string)
UnityEngine.StackTraceUtility:ExtractStackTrace () (at /Users/bokken/build/output/unity/unity/Runtime/Export/Scripting/StackTrace.cs:35)
UnityEngine.DebugLogHandler:Internal_Log (UnityEngine.LogType,UnityEngine.LogOption,string,UnityEngine.Object)
UnityEngine.DebugLogHandler:LogFormat (UnityEngine.LogType,UnityEngine.Object,string,object[])
UnityEngine.Logger:Log (UnityEngine.LogType,object)
UnityEngine.Debug:LogError (object)
UnityEditor.EditorAssemblies:ProcessInitializeOnLoadMethodAttributes () (at /Users/bokken/build/output/unity/unity/Editor/Mono/EditorAssemblies.cs:156)

(Filename: /Users/bokken/build/output/unity/unity/Editor/Mono/EditorAssemblies.cs Line: 156)

Mono: successfully reloaded assembly
- Finished resetting the current domain, in  1.114 seconds
Domain Reload Profiling: 2795ms
	BeginReloadAssembly (586ms)
		ExecutionOrderSort (0ms)
		DisableScriptedObjects (88ms)
		BackupInstance (0ms)
		ReleaseScriptingObjects (1ms)
		CreateAndSetChildDomain (197ms)
	RebuildCommonClasses (58ms)
	RebuildNativeTypeToScriptingClass (20ms)
	initialDomainReloadingComplete (70ms)
	LoadAllAssembliesAndSetupDomain (945ms)
		LoadAssemblies (695ms)
		RebuildTransferFunctionScriptingTraits (0ms)
		AnalyzeDomain (390ms)
			TypeCache.Refresh (42ms)
				TypeCache.ScanAssembly (0ms)
			BuildScriptInfoCaches (325ms)
			ResolveRequiredComponents (13ms)
	FinalizeReload (1115ms)
		ReleaseScriptCaches (0ms)
		RebuildScriptCaches (0ms)
		SetupLoadedEditorAssemblies (912ms)
			LogAssemblyErrors (0ms)
			InitializePlatformSupportModulesInManaged (4ms)
			SetLoadedEditorAssemblies (7ms)
			BeforeProcessingInitializeOnLoad (218ms)
			ProcessInitializeOnLoadAttributes (498ms)
			ProcessInitializeOnLoadMethodAttributes (181ms)
			AfterProcessingInitializeOnLoad (2ms)
			EditorAssembliesLoaded (1ms)
		ExecutionOrderSort2 (0ms)
		AwakeInstancesAfterBackupRestoration (35ms)
WARNING: Shader Unsupported: 'Universal Render Pipeline/VR/SpatialMapping/Wireframe' - All subshaders removed
WARNING: Shader Did you use #pragma only_renderers and omit this platform?
WARNING: Shader If subshaders removal was intentional, you may have forgotten turning Fallback off?
WARNING: Shader Unsupported: 'Universal Render Pipeline/VR/SpatialMapping/Wireframe' - All subshaders removed
WARNING: Shader Did you use #pragma only_renderers and omit this platform?
WARNING: Shader If subshaders removal was intentional, you may have forgotten turning Fallback off?
Refreshing native plugins compatible for Editor in 1.12 ms, found 4 plugins.
Preloading 0 native plugins for Editor in 0.00 ms.
Unloading 14 Unused Serialized files (Serialized files now loaded: 0)
Unloading 7014 unused Assets / (3.4 MB). Loaded Objects now: 7846.
Memory consumption went from 150.3 MB to 146.9 MB.
Total: 28.466333 ms (FindLiveObjects: 2.258292 ms CreateObjectMapping: 2.709958 ms MarkObjects: 20.229917 ms  DeleteObjects: 3.262167 ms)

Prepare: number of updated asset objects reloaded= 0
========================================================================
Received Prepare
Begin MonoManager ReloadAssembly
Thread 0x16ded7000 may have been prematurely finalized
Symbol file LoadedFromMemory is not a mono symbol file
- Loaded All Assemblies, in  1.227 seconds
'Assets/Photon/Fusion/Runtime/Fusion.Unity.cs' contains partial class of Unity.Object, exactly 1 of the partial classes needs to be in a file with the same filename. This is to know the one that can be referenced from ie. GameObjects
'Assets/Photon/Fusion/Runtime/Fusion.Unity.cs' contains partial class of Unity.Object, exactly 1 of the partial classes needs to be in a file with the same filename. This is to know the one that can be referenced from ie. GameObjects
Refreshing native plugins compatible for Editor in 3.21 ms, found 4 plugins.
Native extension for OSXStandalone target not found
System.Reflection.TargetInvocationException: Exception has been thrown by the target of an invocation. ---> System.NullReferenceException: Object reference not set to an instance of an object
  at Unity.Multiplayer.Playmode.Workflow.Editor.ProjectDataStore..ctor (System.String directory) [0x0006e] in ./Library/PackageCache/com.unity.multiplayer.playmode@3acaa705f0f9/Workflow/Editor/Configuration/ProjectDataStore.cs:55 
  at Unity.Multiplayer.Playmode.Workflow.Editor.ProjectDataStore.GetMain () [0x00000] in ./Library/PackageCache/com.unity.multiplayer.playmode@3acaa705f0f9/Workflow/Editor/Configuration/ProjectDataStore.cs:36 
  at Unity.Multiplayer.Playmode.Workflow.Editor.WorkflowMainEditorContext..ctor (Unity.Multiplayer.Playmode.VirtualProjects.Editor.MainEditorContext mainEditorContext) [0x0002c] in ./Library/PackageCache/com.unity.multiplayer.playmode@3acaa705f0f9/Workflow/Editor/Contexts/WorkflowMainEditorContext.cs:15 
  at Unity.Multiplayer.Playmode.Workflow.Editor.VirtualProjectWorkflow.InitializeMPPMContexts () [0x00018] in ./Library/PackageCache/com.unity.multiplayer.playmode@3acaa705f0f9/Workflow/Editor/Workflow/VirtualProjectWorkflow.cs:204 
  at Unity.Multiplayer.Playmode.Workflow.Editor.VirtualProjectWorkflow+<>c.<.cctor>b__22_0 () [0x00036] in ./Library/PackageCache/com.unity.multiplayer.playmode@3acaa705f0f9/Workflow/Editor/Workflow/VirtualProjectWorkflow.cs:85 
  at Unity.Multiplayer.Playmode.VirtualProjects.Editor.EditorContexts.SendReadyEvent () [0x00038] in ./Library/PackageCache/com.unity.multiplayer.playmode@3acaa705f0f9/VirtualProjects/Editor/Contexts/EditorContexts.cs:56 
  at (wrapper managed-to-native) System.Reflection.RuntimeMethodInfo.InternalInvoke(System.Reflection.RuntimeMethodInfo,object,object[],System.Exception&)
  at System.Reflection.RuntimeMethodInfo.Invoke (System.Object obj, System.Reflection.BindingFlags invokeAttr, System.Reflection.Binder binder, System.Object[] parameters, System.Globalization.CultureInfo culture) [0x0006a] in <c0ef40ba0fc84b3b8725b73e9957d1b5>:0 
   --- End of inner exception stack trace ---
  at System.Reflection.RuntimeMethodInfo.Invoke (System.Object obj, System.Reflection.BindingFlags invokeAttr, System.Reflection.Binder binder, System.Object[] parameters, System.Globalization.CultureInfo culture) [0x00083] in <c0ef40ba0fc84b3b8725b73e9957d1b5>:0 
  at System.Reflection.MethodBase.Invoke (System.Object obj, System.Object[] parameters) [0x00000] in <c0ef40ba0fc84b3b8725b73e9957d1b5>:0 
  at UnityEditor.EditorAssemblies.ProcessInitializeOnLoadMethodAttributes () [0x00087] in /Users/bokken/build/output/unity/unity/Editor/Mono/EditorAssemblies.cs:152 
UnityEngine.Debug:ExtractStackTraceNoAlloc (byte*,int,string)
UnityEngine.StackTraceUtility:ExtractStackTrace () (at /Users/bokken/build/output/unity/unity/Runtime/Export/Scripting/StackTrace.cs:35)
UnityEngine.DebugLogHandler:Internal_Log (UnityEngine.LogType,UnityEngine.LogOption,string,UnityEngine.Object)
UnityEngine.DebugLogHandler:LogFormat (UnityEngine.LogType,UnityEngine.Object,string,object[])
UnityEngine.Logger:Log (UnityEngine.LogType,object)
UnityEngine.Debug:LogError (object)
UnityEditor.EditorAssemblies:ProcessInitializeOnLoadMethodAttributes () (at /Users/bokken/build/output/unity/unity/Editor/Mono/EditorAssemblies.cs:156)

(Filename: /Users/bokken/build/output/unity/unity/Editor/Mono/EditorAssemblies.cs Line: 156)

Mono: successfully reloaded assembly
- Finished resetting the current domain, in  1.081 seconds
Domain Reload Profiling: 2312ms
	BeginReloadAssembly (333ms)
		ExecutionOrderSort (0ms)
		DisableScriptedObjects (31ms)
		BackupInstance (0ms)
		ReleaseScriptingObjects (1ms)
		CreateAndSetChildDomain (141ms)
	RebuildCommonClasses (68ms)
	RebuildNativeTypeToScriptingClass (26ms)
	initialDomainReloadingComplete (46ms)
	LoadAllAssembliesAndSetupDomain (758ms)
		LoadAssemblies (435ms)
		RebuildTransferFunctionScriptingTraits (0ms)
		AnalyzeDomain (411ms)
			TypeCache.Refresh (39ms)
				TypeCache.ScanAssembly (0ms)
			BuildScriptInfoCaches (343ms)
			ResolveRequiredComponents (14ms)
	FinalizeReload (1081ms)
		ReleaseScriptCaches (0ms)
		RebuildScriptCaches (0ms)
		SetupLoadedEditorAssemblies (815ms)
			LogAssemblyErrors (0ms)
			InitializePlatformSupportModulesInManaged (2ms)
			SetLoadedEditorAssemblies (6ms)
			BeforeProcessingInitializeOnLoad (194ms)
			ProcessInitializeOnLoadAttributes (440ms)
			ProcessInitializeOnLoadMethodAttributes (168ms)
			AfterProcessingInitializeOnLoad (2ms)
			EditorAssembliesLoaded (1ms)
		ExecutionOrderSort2 (0ms)
		AwakeInstancesAfterBackupRestoration (27ms)
WARNING: Shader Unsupported: 'Universal Render Pipeline/VR/SpatialMapping/Wireframe' - All subshaders removed
WARNING: Shader Did you use #pragma only_renderers and omit this platform?
WARNING: Shader If subshaders removal was intentional, you may have forgotten turning Fallback off?
WARNING: Shader Unsupported: 'Universal Render Pipeline/VR/SpatialMapping/Wireframe' - All subshaders removed
WARNING: Shader Did you use #pragma only_renderers and omit this platform?
WARNING: Shader If subshaders removal was intentional, you may have forgotten turning Fallback off?
Refreshing native plugins compatible for Editor in 1.55 ms, found 4 plugins.
Preloading 0 native plugins for Editor in 0.00 ms.
Unloading 14 Unused Serialized files (Serialized files now loaded: 0)
Unloading 7014 unused Assets / (6.1 MB). Loaded Objects now: 7848.
Memory consumption went from 150.3 MB to 144.3 MB.
Total: 16.313167 ms (FindLiveObjects: 1.117500 ms CreateObjectMapping: 0.575333 ms MarkObjects: 10.733709 ms  DeleteObjects: 3.882958 ms)

Prepare: number of updated asset objects reloaded= 0
========================================================================
Received Prepare
Begin MonoManager ReloadAssembly
Thread 0x16ded7000 may have been prematurely finalized
Symbol file LoadedFromMemory is not a mono symbol file
- Loaded All Assemblies, in  1.621 seconds
'Assets/Photon/Fusion/Runtime/Fusion.Unity.cs' contains partial class of Unity.Object, exactly 1 of the partial classes needs to be in a file with the same filename. This is to know the one that can be referenced from ie. GameObjects
'Assets/Photon/Fusion/Runtime/Fusion.Unity.cs' contains partial class of Unity.Object, exactly 1 of the partial classes needs to be in a file with the same filename. This is to know the one that can be referenced from ie. GameObjects
Refreshing native plugins compatible for Editor in 1.26 ms, found 4 plugins.
Native extension for OSXStandalone target not found
System.Reflection.TargetInvocationException: Exception has been thrown by the target of an invocation. ---> System.NullReferenceException: Object reference not set to an instance of an object
  at Unity.Multiplayer.Playmode.Workflow.Editor.ProjectDataStore..ctor (System.String directory) [0x0006e] in ./Library/PackageCache/com.unity.multiplayer.playmode@3acaa705f0f9/Workflow/Editor/Configuration/ProjectDataStore.cs:55 
  at Unity.Multiplayer.Playmode.Workflow.Editor.ProjectDataStore.GetMain () [0x00000] in ./Library/PackageCache/com.unity.multiplayer.playmode@3acaa705f0f9/Workflow/Editor/Configuration/ProjectDataStore.cs:36 
  at Unity.Multiplayer.Playmode.Workflow.Editor.WorkflowMainEditorContext..ctor (Unity.Multiplayer.Playmode.VirtualProjects.Editor.MainEditorContext mainEditorContext) [0x0002c] in ./Library/PackageCache/com.unity.multiplayer.playmode@3acaa705f0f9/Workflow/Editor/Contexts/WorkflowMainEditorContext.cs:15 
  at Unity.Multiplayer.Playmode.Workflow.Editor.VirtualProjectWorkflow.InitializeMPPMContexts () [0x00018] in ./Library/PackageCache/com.unity.multiplayer.playmode@3acaa705f0f9/Workflow/Editor/Workflow/VirtualProjectWorkflow.cs:204 
  at Unity.Multiplayer.Playmode.Workflow.Editor.VirtualProjectWorkflow+<>c.<.cctor>b__22_0 () [0x00036] in ./Library/PackageCache/com.unity.multiplayer.playmode@3acaa705f0f9/Workflow/Editor/Workflow/VirtualProjectWorkflow.cs:85 
  at Unity.Multiplayer.Playmode.VirtualProjects.Editor.EditorContexts.SendReadyEvent () [0x00038] in ./Library/PackageCache/com.unity.multiplayer.playmode@3acaa705f0f9/VirtualProjects/Editor/Contexts/EditorContexts.cs:56 
  at (wrapper managed-to-native) System.Reflection.RuntimeMethodInfo.InternalInvoke(System.Reflection.RuntimeMethodInfo,object,object[],System.Exception&)
  at System.Reflection.RuntimeMethodInfo.Invoke (System.Object obj, System.Reflection.BindingFlags invokeAttr, System.Reflection.Binder binder, System.Object[] parameters, System.Globalization.CultureInfo culture) [0x0006a] in <c0ef40ba0fc84b3b8725b73e9957d1b5>:0 
   --- End of inner exception stack trace ---
  at System.Reflection.RuntimeMethodInfo.Invoke (System.Object obj, System.Reflection.BindingFlags invokeAttr, System.Reflection.Binder binder, System.Object[] parameters, System.Globalization.CultureInfo culture) [0x00083] in <c0ef40ba0fc84b3b8725b73e9957d1b5>:0 
  at System.Reflection.MethodBase.Invoke (System.Object obj, System.Object[] parameters) [0x00000] in <c0ef40ba0fc84b3b8725b73e9957d1b5>:0 
  at UnityEditor.EditorAssemblies.ProcessInitializeOnLoadMethodAttributes () [0x00087] in /Users/bokken/build/output/unity/unity/Editor/Mono/EditorAssemblies.cs:152 
UnityEngine.Debug:ExtractStackTraceNoAlloc (byte*,int,string)
UnityEngine.StackTraceUtility:ExtractStackTrace () (at /Users/bokken/build/output/unity/unity/Runtime/Export/Scripting/StackTrace.cs:35)
UnityEngine.DebugLogHandler:Internal_Log (UnityEngine.LogType,UnityEngine.LogOption,string,UnityEngine.Object)
UnityEngine.DebugLogHandler:LogFormat (UnityEngine.LogType,UnityEngine.Object,string,object[])
UnityEngine.Logger:Log (UnityEngine.LogType,object)
UnityEngine.Debug:LogError (object)
UnityEditor.EditorAssemblies:ProcessInitializeOnLoadMethodAttributes () (at /Users/bokken/build/output/unity/unity/Editor/Mono/EditorAssemblies.cs:156)

(Filename: /Users/bokken/build/output/unity/unity/Editor/Mono/EditorAssemblies.cs Line: 156)

Mono: successfully reloaded assembly
- Finished resetting the current domain, in  0.890 seconds
Domain Reload Profiling: 2517ms
	BeginReloadAssembly (798ms)
		ExecutionOrderSort (0ms)
		DisableScriptedObjects (57ms)
		BackupInstance (0ms)
		ReleaseScriptingObjects (1ms)
		CreateAndSetChildDomain (338ms)
	RebuildCommonClasses (68ms)
	RebuildNativeTypeToScriptingClass (14ms)
	initialDomainReloadingComplete (49ms)
	LoadAllAssembliesAndSetupDomain (698ms)
		LoadAssemblies (577ms)
		RebuildTransferFunctionScriptingTraits (0ms)
		AnalyzeDomain (392ms)
			TypeCache.Refresh (21ms)
				TypeCache.ScanAssembly (0ms)
			BuildScriptInfoCaches (332ms)
			ResolveRequiredComponents (15ms)
	FinalizeReload (890ms)
		ReleaseScriptCaches (0ms)
		RebuildScriptCaches (0ms)
		SetupLoadedEditorAssemblies (709ms)
			LogAssemblyErrors (0ms)
			InitializePlatformSupportModulesInManaged (2ms)
			SetLoadedEditorAssemblies (5ms)
			BeforeProcessingInitializeOnLoad (146ms)
			ProcessInitializeOnLoadAttributes (413ms)
			ProcessInitializeOnLoadMethodAttributes (141ms)
			AfterProcessingInitializeOnLoad (1ms)
			EditorAssembliesLoaded (1ms)
		ExecutionOrderSort2 (0ms)
		AwakeInstancesAfterBackupRestoration (23ms)
WARNING: Shader Unsupported: 'Universal Render Pipeline/VR/SpatialMapping/Wireframe' - All subshaders removed
WARNING: Shader Did you use #pragma only_renderers and omit this platform?
WARNING: Shader If subshaders removal was intentional, you may have forgotten turning Fallback off?
WARNING: Shader Unsupported: 'Universal Render Pipeline/VR/SpatialMapping/Wireframe' - All subshaders removed
WARNING: Shader Did you use #pragma only_renderers and omit this platform?
WARNING: Shader If subshaders removal was intentional, you may have forgotten turning Fallback off?
Refreshing native plugins compatible for Editor in 1.14 ms, found 4 plugins.
Preloading 0 native plugins for Editor in 0.00 ms.
Unloading 14 Unused Serialized files (Serialized files now loaded: 0)
Unloading 7014 unused Assets / (7.4 MB). Loaded Objects now: 7850.
Memory consumption went from 150.4 MB to 142.9 MB.
Total: 13.496334 ms (FindLiveObjects: 0.948209 ms CreateObjectMapping: 0.429000 ms MarkObjects: 7.527334 ms  DeleteObjects: 4.590583 ms)

Prepare: number of updated asset objects reloaded= 0
========================================================================
Received Prepare
Begin MonoManager ReloadAssembly
Thread 0x16ded7000 may have been prematurely finalized
Symbol file LoadedFromMemory is not a mono symbol file
- Loaded All Assemblies, in  1.292 seconds
'Assets/Photon/Fusion/Runtime/Fusion.Unity.cs' contains partial class of Unity.Object, exactly 1 of the partial classes needs to be in a file with the same filename. This is to know the one that can be referenced from ie. GameObjects
'Assets/Photon/Fusion/Runtime/Fusion.Unity.cs' contains partial class of Unity.Object, exactly 1 of the partial classes needs to be in a file with the same filename. This is to know the one that can be referenced from ie. GameObjects
Refreshing native plugins compatible for Editor in 1.24 ms, found 4 plugins.
Native extension for OSXStandalone target not found
System.Reflection.TargetInvocationException: Exception has been thrown by the target of an invocation. ---> System.NullReferenceException: Object reference not set to an instance of an object
  at Unity.Multiplayer.Playmode.Workflow.Editor.ProjectDataStore..ctor (System.String directory) [0x0006e] in ./Library/PackageCache/com.unity.multiplayer.playmode@3acaa705f0f9/Workflow/Editor/Configuration/ProjectDataStore.cs:55 
  at Unity.Multiplayer.Playmode.Workflow.Editor.ProjectDataStore.GetMain () [0x00000] in ./Library/PackageCache/com.unity.multiplayer.playmode@3acaa705f0f9/Workflow/Editor/Configuration/ProjectDataStore.cs:36 
  at Unity.Multiplayer.Playmode.Workflow.Editor.WorkflowMainEditorContext..ctor (Unity.Multiplayer.Playmode.VirtualProjects.Editor.MainEditorContext mainEditorContext) [0x0002c] in ./Library/PackageCache/com.unity.multiplayer.playmode@3acaa705f0f9/Workflow/Editor/Contexts/WorkflowMainEditorContext.cs:15 
  at Unity.Multiplayer.Playmode.Workflow.Editor.VirtualProjectWorkflow.InitializeMPPMContexts () [0x00018] in ./Library/PackageCache/com.unity.multiplayer.playmode@3acaa705f0f9/Workflow/Editor/Workflow/VirtualProjectWorkflow.cs:204 
  at Unity.Multiplayer.Playmode.Workflow.Editor.VirtualProjectWorkflow+<>c.<.cctor>b__22_0 () [0x00036] in ./Library/PackageCache/com.unity.multiplayer.playmode@3acaa705f0f9/Workflow/Editor/Workflow/VirtualProjectWorkflow.cs:85 
  at Unity.Multiplayer.Playmode.VirtualProjects.Editor.EditorContexts.SendReadyEvent () [0x00038] in ./Library/PackageCache/com.unity.multiplayer.playmode@3acaa705f0f9/VirtualProjects/Editor/Contexts/EditorContexts.cs:56 
  at (wrapper managed-to-native) System.Reflection.RuntimeMethodInfo.InternalInvoke(System.Reflection.RuntimeMethodInfo,object,object[],System.Exception&)
  at System.Reflection.RuntimeMethodInfo.Invoke (System.Object obj, System.Reflection.BindingFlags invokeAttr, System.Reflection.Binder binder, System.Object[] parameters, System.Globalization.CultureInfo culture) [0x0006a] in <c0ef40ba0fc84b3b8725b73e9957d1b5>:0 
   --- End of inner exception stack trace ---
  at System.Reflection.RuntimeMethodInfo.Invoke (System.Object obj, System.Reflection.BindingFlags invokeAttr, System.Reflection.Binder binder, System.Object[] parameters, System.Globalization.CultureInfo culture) [0x00083] in <c0ef40ba0fc84b3b8725b73e9957d1b5>:0 
  at System.Reflection.MethodBase.Invoke (System.Object obj, System.Object[] parameters) [0x00000] in <c0ef40ba0fc84b3b8725b73e9957d1b5>:0 
  at UnityEditor.EditorAssemblies.ProcessInitializeOnLoadMethodAttributes () [0x00087] in /Users/bokken/build/output/unity/unity/Editor/Mono/EditorAssemblies.cs:152 
UnityEngine.Debug:ExtractStackTraceNoAlloc (byte*,int,string)
UnityEngine.StackTraceUtility:ExtractStackTrace () (at /Users/bokken/build/output/unity/unity/Runtime/Export/Scripting/StackTrace.cs:35)
UnityEngine.DebugLogHandler:Internal_Log (UnityEngine.LogType,UnityEngine.LogOption,string,UnityEngine.Object)
UnityEngine.DebugLogHandler:LogFormat (UnityEngine.LogType,UnityEngine.Object,string,object[])
UnityEngine.Logger:Log (UnityEngine.LogType,object)
UnityEngine.Debug:LogError (object)
UnityEditor.EditorAssemblies:ProcessInitializeOnLoadMethodAttributes () (at /Users/bokken/build/output/unity/unity/Editor/Mono/EditorAssemblies.cs:156)

(Filename: /Users/bokken/build/output/unity/unity/Editor/Mono/EditorAssemblies.cs Line: 156)

Mono: successfully reloaded assembly
- Finished resetting the current domain, in  1.139 seconds
Domain Reload Profiling: 2441ms
	BeginReloadAssembly (375ms)
		ExecutionOrderSort (0ms)
		DisableScriptedObjects (42ms)
		BackupInstance (0ms)
		ReleaseScriptingObjects (0ms)
		CreateAndSetChildDomain (188ms)
	RebuildCommonClasses (52ms)
	RebuildNativeTypeToScriptingClass (22ms)
	initialDomainReloadingComplete (47ms)
	LoadAllAssembliesAndSetupDomain (806ms)
		LoadAssemblies (412ms)
		RebuildTransferFunctionScriptingTraits (0ms)
		AnalyzeDomain (449ms)
			TypeCache.Refresh (39ms)
				TypeCache.ScanAssembly (0ms)
			BuildScriptInfoCaches (387ms)
			ResolveRequiredComponents (11ms)
	FinalizeReload (1140ms)
		ReleaseScriptCaches (0ms)
		RebuildScriptCaches (0ms)
		SetupLoadedEditorAssemblies (925ms)
			LogAssemblyErrors (0ms)
			InitializePlatformSupportModulesInManaged (2ms)
			SetLoadedEditorAssemblies (7ms)
			BeforeProcessingInitializeOnLoad (191ms)
			ProcessInitializeOnLoadAttributes (516ms)
			ProcessInitializeOnLoadMethodAttributes (207ms)
			AfterProcessingInitializeOnLoad (1ms)
			EditorAssembliesLoaded (2ms)
		ExecutionOrderSort2 (0ms)
		AwakeInstancesAfterBackupRestoration (36ms)
WARNING: Shader Unsupported: 'Universal Render Pipeline/VR/SpatialMapping/Wireframe' - All subshaders removed
WARNING: Shader Did you use #pragma only_renderers and omit this platform?
WARNING: Shader If subshaders removal was intentional, you may have forgotten turning Fallback off?
WARNING: Shader Unsupported: 'Universal Render Pipeline/VR/SpatialMapping/Wireframe' - All subshaders removed
WARNING: Shader Did you use #pragma only_renderers and omit this platform?
WARNING: Shader If subshaders removal was intentional, you may have forgotten turning Fallback off?
Refreshing native plugins compatible for Editor in 1.40 ms, found 4 plugins.
Preloading 0 native plugins for Editor in 0.00 ms.
Unloading 14 Unused Serialized files (Serialized files now loaded: 0)
Unloading 7014 unused Assets / (4.6 MB). Loaded Objects now: 7852.
Memory consumption went from 150.4 MB to 145.8 MB.
Total: 11.394500 ms (FindLiveObjects: 0.559667 ms CreateObjectMapping: 0.523959 ms MarkObjects: 7.341584 ms  DeleteObjects: 2.968458 ms)

Prepare: number of updated asset objects reloaded= 0
========================================================================
Received Prepare
Begin MonoManager ReloadAssembly
Thread 0x16ded7000 may have been prematurely finalized
Symbol file LoadedFromMemory is not a mono symbol file
- Loaded All Assemblies, in  1.655 seconds
'Assets/Photon/Fusion/Runtime/Fusion.Unity.cs' contains partial class of Unity.Object, exactly 1 of the partial classes needs to be in a file with the same filename. This is to know the one that can be referenced from ie. GameObjects
'Assets/Photon/Fusion/Runtime/Fusion.Unity.cs' contains partial class of Unity.Object, exactly 1 of the partial classes needs to be in a file with the same filename. This is to know the one that can be referenced from ie. GameObjects
Refreshing native plugins compatible for Editor in 3.12 ms, found 4 plugins.
Native extension for OSXStandalone target not found
System.Reflection.TargetInvocationException: Exception has been thrown by the target of an invocation. ---> System.NullReferenceException: Object reference not set to an instance of an object
  at Unity.Multiplayer.Playmode.Workflow.Editor.ProjectDataStore..ctor (System.String directory) [0x0006e] in ./Library/PackageCache/com.unity.multiplayer.playmode@3acaa705f0f9/Workflow/Editor/Configuration/ProjectDataStore.cs:55 
  at Unity.Multiplayer.Playmode.Workflow.Editor.ProjectDataStore.GetMain () [0x00000] in ./Library/PackageCache/com.unity.multiplayer.playmode@3acaa705f0f9/Workflow/Editor/Configuration/ProjectDataStore.cs:36 
  at Unity.Multiplayer.Playmode.Workflow.Editor.WorkflowMainEditorContext..ctor (Unity.Multiplayer.Playmode.VirtualProjects.Editor.MainEditorContext mainEditorContext) [0x0002c] in ./Library/PackageCache/com.unity.multiplayer.playmode@3acaa705f0f9/Workflow/Editor/Contexts/WorkflowMainEditorContext.cs:15 
  at Unity.Multiplayer.Playmode.Workflow.Editor.VirtualProjectWorkflow.InitializeMPPMContexts () [0x00018] in ./Library/PackageCache/com.unity.multiplayer.playmode@3acaa705f0f9/Workflow/Editor/Workflow/VirtualProjectWorkflow.cs:204 
  at Unity.Multiplayer.Playmode.Workflow.Editor.VirtualProjectWorkflow+<>c.<.cctor>b__22_0 () [0x00036] in ./Library/PackageCache/com.unity.multiplayer.playmode@3acaa705f0f9/Workflow/Editor/Workflow/VirtualProjectWorkflow.cs:85 
  at Unity.Multiplayer.Playmode.VirtualProjects.Editor.EditorContexts.SendReadyEvent () [0x00038] in ./Library/PackageCache/com.unity.multiplayer.playmode@3acaa705f0f9/VirtualProjects/Editor/Contexts/EditorContexts.cs:56 
  at (wrapper managed-to-native) System.Reflection.RuntimeMethodInfo.InternalInvoke(System.Reflection.RuntimeMethodInfo,object,object[],System.Exception&)
  at System.Reflection.RuntimeMethodInfo.Invoke (System.Object obj, System.Reflection.BindingFlags invokeAttr, System.Reflection.Binder binder, System.Object[] parameters, System.Globalization.CultureInfo culture) [0x0006a] in <c0ef40ba0fc84b3b8725b73e9957d1b5>:0 
   --- End of inner exception stack trace ---
  at System.Reflection.RuntimeMethodInfo.Invoke (System.Object obj, System.Reflection.BindingFlags invokeAttr, System.Reflection.Binder binder, System.Object[] parameters, System.Globalization.CultureInfo culture) [0x00083] in <c0ef40ba0fc84b3b8725b73e9957d1b5>:0 
  at System.Reflection.MethodBase.Invoke (System.Object obj, System.Object[] parameters) [0x00000] in <c0ef40ba0fc84b3b8725b73e9957d1b5>:0 
  at UnityEditor.EditorAssemblies.ProcessInitializeOnLoadMethodAttributes () [0x00087] in /Users/bokken/build/output/unity/unity/Editor/Mono/EditorAssemblies.cs:152 
UnityEngine.Debug:ExtractStackTraceNoAlloc (byte*,int,string)
UnityEngine.StackTraceUtility:ExtractStackTrace () (at /Users/bokken/build/output/unity/unity/Runtime/Export/Scripting/StackTrace.cs:35)
UnityEngine.DebugLogHandler:Internal_Log (UnityEngine.LogType,UnityEngine.LogOption,string,UnityEngine.Object)
UnityEngine.DebugLogHandler:LogFormat (UnityEngine.LogType,UnityEngine.Object,string,object[])
UnityEngine.Logger:Log (UnityEngine.LogType,object)
UnityEngine.Debug:LogError (object)
UnityEditor.EditorAssemblies:ProcessInitializeOnLoadMethodAttributes () (at /Users/bokken/build/output/unity/unity/Editor/Mono/EditorAssemblies.cs:156)

(Filename: /Users/bokken/build/output/unity/unity/Editor/Mono/EditorAssemblies.cs Line: 156)

Mono: successfully reloaded assembly
- Finished resetting the current domain, in  1.061 seconds
Domain Reload Profiling: 2720ms
	BeginReloadAssembly (546ms)
		ExecutionOrderSort (0ms)
		DisableScriptedObjects (76ms)
		BackupInstance (0ms)
		ReleaseScriptingObjects (1ms)
		CreateAndSetChildDomain (163ms)
	RebuildCommonClasses (65ms)
	RebuildNativeTypeToScriptingClass (15ms)
	initialDomainReloadingComplete (37ms)
	LoadAllAssembliesAndSetupDomain (996ms)
		LoadAssemblies (798ms)
		RebuildTransferFunctionScriptingTraits (0ms)
		AnalyzeDomain (368ms)
			TypeCache.Refresh (29ms)
				TypeCache.ScanAssembly (0ms)
			BuildScriptInfoCaches (320ms)
			ResolveRequiredComponents (14ms)
	FinalizeReload (1061ms)
		ReleaseScriptCaches (0ms)
		RebuildScriptCaches (0ms)
		SetupLoadedEditorAssemblies (851ms)
			LogAssemblyErrors (0ms)
			InitializePlatformSupportModulesInManaged (3ms)
			SetLoadedEditorAssemblies (7ms)
			BeforeProcessingInitializeOnLoad (200ms)
			ProcessInitializeOnLoadAttributes (470ms)
			ProcessInitializeOnLoadMethodAttributes (169ms)
			AfterProcessingInitializeOnLoad (1ms)
			EditorAssembliesLoaded (1ms)
		ExecutionOrderSort2 (0ms)
		AwakeInstancesAfterBackupRestoration (25ms)
WARNING: Shader Unsupported: 'Universal Render Pipeline/VR/SpatialMapping/Wireframe' - All subshaders removed
WARNING: Shader Did you use #pragma only_renderers and omit this platform?
WARNING: Shader If subshaders removal was intentional, you may have forgotten turning Fallback off?
WARNING: Shader Unsupported: 'Universal Render Pipeline/VR/SpatialMapping/Wireframe' - All subshaders removed
WARNING: Shader Did you use #pragma only_renderers and omit this platform?
WARNING: Shader If subshaders removal was intentional, you may have forgotten turning Fallback off?
Refreshing native plugins compatible for Editor in 1.79 ms, found 4 plugins.
Preloading 0 native plugins for Editor in 0.00 ms.
Unloading 14 Unused Serialized files (Serialized files now loaded: 0)
Unloading 7014 unused Assets / (2.4 MB). Loaded Objects now: 7854.
Memory consumption went from 150.5 MB to 148.0 MB.
Total: 27.192833 ms (FindLiveObjects: 1.976583 ms CreateObjectMapping: 0.888417 ms MarkObjects: 20.512209 ms  DeleteObjects: 3.814875 ms)

Prepare: number of updated asset objects reloaded= 0
========================================================================
Received Prepare
Begin MonoManager ReloadAssembly
Thread 0x16ded7000 may have been prematurely finalized
Symbol file LoadedFromMemory is not a mono symbol file
- Loaded All Assemblies, in  1.435 seconds
'Assets/Photon/Fusion/Runtime/Fusion.Unity.cs' contains partial class of Unity.Object, exactly 1 of the partial classes needs to be in a file with the same filename. This is to know the one that can be referenced from ie. GameObjects
'Assets/Photon/Fusion/Runtime/Fusion.Unity.cs' contains partial class of Unity.Object, exactly 1 of the partial classes needs to be in a file with the same filename. This is to know the one that can be referenced from ie. GameObjects
Refreshing native plugins compatible for Editor in 2.45 ms, found 4 plugins.
Native extension for OSXStandalone target not found
System.Reflection.TargetInvocationException: Exception has been thrown by the target of an invocation. ---> System.NullReferenceException: Object reference not set to an instance of an object
  at Unity.Multiplayer.Playmode.Workflow.Editor.ProjectDataStore..ctor (System.String directory) [0x0006e] in ./Library/PackageCache/com.unity.multiplayer.playmode@3acaa705f0f9/Workflow/Editor/Configuration/ProjectDataStore.cs:55 
  at Unity.Multiplayer.Playmode.Workflow.Editor.ProjectDataStore.GetMain () [0x00000] in ./Library/PackageCache/com.unity.multiplayer.playmode@3acaa705f0f9/Workflow/Editor/Configuration/ProjectDataStore.cs:36 
  at Unity.Multiplayer.Playmode.Workflow.Editor.WorkflowMainEditorContext..ctor (Unity.Multiplayer.Playmode.VirtualProjects.Editor.MainEditorContext mainEditorContext) [0x0002c] in ./Library/PackageCache/com.unity.multiplayer.playmode@3acaa705f0f9/Workflow/Editor/Contexts/WorkflowMainEditorContext.cs:15 
  at Unity.Multiplayer.Playmode.Workflow.Editor.VirtualProjectWorkflow.InitializeMPPMContexts () [0x00018] in ./Library/PackageCache/com.unity.multiplayer.playmode@3acaa705f0f9/Workflow/Editor/Workflow/VirtualProjectWorkflow.cs:204 
  at Unity.Multiplayer.Playmode.Workflow.Editor.VirtualProjectWorkflow+<>c.<.cctor>b__22_0 () [0x00036] in ./Library/PackageCache/com.unity.multiplayer.playmode@3acaa705f0f9/Workflow/Editor/Workflow/VirtualProjectWorkflow.cs:85 
  at Unity.Multiplayer.Playmode.VirtualProjects.Editor.EditorContexts.SendReadyEvent () [0x00038] in ./Library/PackageCache/com.unity.multiplayer.playmode@3acaa705f0f9/VirtualProjects/Editor/Contexts/EditorContexts.cs:56 
  at (wrapper managed-to-native) System.Reflection.RuntimeMethodInfo.InternalInvoke(System.Reflection.RuntimeMethodInfo,object,object[],System.Exception&)
  at System.Reflection.RuntimeMethodInfo.Invoke (System.Object obj, System.Reflection.BindingFlags invokeAttr, System.Reflection.Binder binder, System.Object[] parameters, System.Globalization.CultureInfo culture) [0x0006a] in <c0ef40ba0fc84b3b8725b73e9957d1b5>:0 
   --- End of inner exception stack trace ---
  at System.Reflection.RuntimeMethodInfo.Invoke (System.Object obj, System.Reflection.BindingFlags invokeAttr, System.Reflection.Binder binder, System.Object[] parameters, System.Globalization.CultureInfo culture) [0x00083] in <c0ef40ba0fc84b3b8725b73e9957d1b5>:0 
  at System.Reflection.MethodBase.Invoke (System.Object obj, System.Object[] parameters) [0x00000] in <c0ef40ba0fc84b3b8725b73e9957d1b5>:0 
  at UnityEditor.EditorAssemblies.ProcessInitializeOnLoadMethodAttributes () [0x00087] in /Users/bokken/build/output/unity/unity/Editor/Mono/EditorAssemblies.cs:152 
UnityEngine.Debug:ExtractStackTraceNoAlloc (byte*,int,string)
UnityEngine.StackTraceUtility:ExtractStackTrace () (at /Users/bokken/build/output/unity/unity/Runtime/Export/Scripting/StackTrace.cs:35)
UnityEngine.DebugLogHandler:Internal_Log (UnityEngine.LogType,UnityEngine.LogOption,string,UnityEngine.Object)
UnityEngine.DebugLogHandler:LogFormat (UnityEngine.LogType,UnityEngine.Object,string,object[])
UnityEngine.Logger:Log (UnityEngine.LogType,object)
UnityEngine.Debug:LogError (object)
UnityEditor.EditorAssemblies:ProcessInitializeOnLoadMethodAttributes () (at /Users/bokken/build/output/unity/unity/Editor/Mono/EditorAssemblies.cs:156)

(Filename: /Users/bokken/build/output/unity/unity/Editor/Mono/EditorAssemblies.cs Line: 156)

Mono: successfully reloaded assembly
- Finished resetting the current domain, in  1.230 seconds
Domain Reload Profiling: 2671ms
	BeginReloadAssembly (438ms)
		ExecutionOrderSort (0ms)
		DisableScriptedObjects (35ms)
		BackupInstance (0ms)
		ReleaseScriptingObjects (1ms)
		CreateAndSetChildDomain (210ms)
	RebuildCommonClasses (61ms)
	RebuildNativeTypeToScriptingClass (23ms)
	initialDomainReloadingComplete (45ms)
	LoadAllAssembliesAndSetupDomain (873ms)
		LoadAssemblies (528ms)
		RebuildTransferFunctionScriptingTraits (0ms)
		AnalyzeDomain (426ms)
			TypeCache.Refresh (48ms)
				TypeCache.ScanAssembly (0ms)
			BuildScriptInfoCaches (352ms)
			ResolveRequiredComponents (18ms)
	FinalizeReload (1231ms)
		ReleaseScriptCaches (0ms)
		RebuildScriptCaches (0ms)
		SetupLoadedEditorAssemblies (1001ms)
			LogAssemblyErrors (0ms)
			InitializePlatformSupportModulesInManaged (2ms)
			SetLoadedEditorAssemblies (10ms)
			BeforeProcessingInitializeOnLoad (243ms)
			ProcessInitializeOnLoadAttributes (556ms)
			ProcessInitializeOnLoadMethodAttributes (186ms)
			AfterProcessingInitializeOnLoad (1ms)
			EditorAssembliesLoaded (2ms)
		ExecutionOrderSort2 (0ms)
		AwakeInstancesAfterBackupRestoration (43ms)
WARNING: Shader Unsupported: 'Universal Render Pipeline/VR/SpatialMapping/Wireframe' - All subshaders removed
WARNING: Shader Did you use #pragma only_renderers and omit this platform?
WARNING: Shader If subshaders removal was intentional, you may have forgotten turning Fallback off?
WARNING: Shader Unsupported: 'Universal Render Pipeline/VR/SpatialMapping/Wireframe' - All subshaders removed
WARNING: Shader Did you use #pragma only_renderers and omit this platform?
WARNING: Shader If subshaders removal was intentional, you may have forgotten turning Fallback off?
Refreshing native plugins compatible for Editor in 1.63 ms, found 4 plugins.
Preloading 0 native plugins for Editor in 0.00 ms.
Unloading 14 Unused Serialized files (Serialized files now loaded: 0)
Unloading 7014 unused Assets / (3.1 MB). Loaded Objects now: 7856.
Memory consumption went from 150.5 MB to 147.4 MB.
Total: 14.603833 ms (FindLiveObjects: 1.025208 ms CreateObjectMapping: 0.694833 ms MarkObjects: 8.773167 ms  DeleteObjects: 4.109500 ms)

Prepare: number of updated asset objects reloaded= 0
========================================================================
Received Prepare
Begin MonoManager ReloadAssembly
Thread 0x16ded7000 may have been prematurely finalized
Symbol file LoadedFromMemory is not a mono symbol file
- Loaded All Assemblies, in  5.757 seconds
'Assets/Photon/Fusion/Runtime/Fusion.Unity.cs' contains partial class of Unity.Object, exactly 1 of the partial classes needs to be in a file with the same filename. This is to know the one that can be referenced from ie. GameObjects
'Assets/Photon/Fusion/Runtime/Fusion.Unity.cs' contains partial class of Unity.Object, exactly 1 of the partial classes needs to be in a file with the same filename. This is to know the one that can be referenced from ie. GameObjects
Refreshing native plugins compatible for Editor in 2.46 ms, found 4 plugins.
Native extension for OSXStandalone target not found
System.Reflection.TargetInvocationException: Exception has been thrown by the target of an invocation. ---> System.NullReferenceException: Object reference not set to an instance of an object
  at Unity.Multiplayer.Playmode.Workflow.Editor.ProjectDataStore..ctor (System.String directory) [0x0006e] in ./Library/PackageCache/com.unity.multiplayer.playmode@3acaa705f0f9/Workflow/Editor/Configuration/ProjectDataStore.cs:55 
  at Unity.Multiplayer.Playmode.Workflow.Editor.ProjectDataStore.GetMain () [0x00000] in ./Library/PackageCache/com.unity.multiplayer.playmode@3acaa705f0f9/Workflow/Editor/Configuration/ProjectDataStore.cs:36 
  at Unity.Multiplayer.Playmode.Workflow.Editor.WorkflowMainEditorContext..ctor (Unity.Multiplayer.Playmode.VirtualProjects.Editor.MainEditorContext mainEditorContext) [0x0002c] in ./Library/PackageCache/com.unity.multiplayer.playmode@3acaa705f0f9/Workflow/Editor/Contexts/WorkflowMainEditorContext.cs:15 
  at Unity.Multiplayer.Playmode.Workflow.Editor.VirtualProjectWorkflow.InitializeMPPMContexts () [0x00018] in ./Library/PackageCache/com.unity.multiplayer.playmode@3acaa705f0f9/Workflow/Editor/Workflow/VirtualProjectWorkflow.cs:204 
  at Unity.Multiplayer.Playmode.Workflow.Editor.VirtualProjectWorkflow+<>c.<.cctor>b__22_0 () [0x00036] in ./Library/PackageCache/com.unity.multiplayer.playmode@3acaa705f0f9/Workflow/Editor/Workflow/VirtualProjectWorkflow.cs:85 
  at Unity.Multiplayer.Playmode.VirtualProjects.Editor.EditorContexts.SendReadyEvent () [0x00038] in ./Library/PackageCache/com.unity.multiplayer.playmode@3acaa705f0f9/VirtualProjects/Editor/Contexts/EditorContexts.cs:56 
  at (wrapper managed-to-native) System.Reflection.RuntimeMethodInfo.InternalInvoke(System.Reflection.RuntimeMethodInfo,object,object[],System.Exception&)
  at System.Reflection.RuntimeMethodInfo.Invoke (System.Object obj, System.Reflection.BindingFlags invokeAttr, System.Reflection.Binder binder, System.Object[] parameters, System.Globalization.CultureInfo culture) [0x0006a] in <c0ef40ba0fc84b3b8725b73e9957d1b5>:0 
   --- End of inner exception stack trace ---
  at System.Reflection.RuntimeMethodInfo.Invoke (System.Object obj, System.Reflection.BindingFlags invokeAttr, System.Reflection.Binder binder, System.Object[] parameters, System.Globalization.CultureInfo culture) [0x00083] in <c0ef40ba0fc84b3b8725b73e9957d1b5>:0 
  at System.Reflection.MethodBase.Invoke (System.Object obj, System.Object[] parameters) [0x00000] in <c0ef40ba0fc84b3b8725b73e9957d1b5>:0 
  at UnityEditor.EditorAssemblies.ProcessInitializeOnLoadMethodAttributes () [0x00087] in /Users/bokken/build/output/unity/unity/Editor/Mono/EditorAssemblies.cs:152 
UnityEngine.Debug:ExtractStackTraceNoAlloc (byte*,int,string)
UnityEngine.StackTraceUtility:ExtractStackTrace () (at /Users/bokken/build/output/unity/unity/Runtime/Export/Scripting/StackTrace.cs:35)
UnityEngine.DebugLogHandler:Internal_Log (UnityEngine.LogType,UnityEngine.LogOption,string,UnityEngine.Object)
UnityEngine.DebugLogHandler:LogFormat (UnityEngine.LogType,UnityEngine.Object,string,object[])
UnityEngine.Logger:Log (UnityEngine.LogType,object)
UnityEngine.Debug:LogError (object)
UnityEditor.EditorAssemblies:ProcessInitializeOnLoadMethodAttributes () (at /Users/bokken/build/output/unity/unity/Editor/Mono/EditorAssemblies.cs:156)

(Filename: /Users/bokken/build/output/unity/unity/Editor/Mono/EditorAssemblies.cs Line: 156)

Mono: successfully reloaded assembly
- Finished resetting the current domain, in  1.400 seconds
Domain Reload Profiling: 7177ms
	BeginReloadAssembly (1832ms)
		ExecutionOrderSort (1ms)
		DisableScriptedObjects (242ms)
		BackupInstance (0ms)
		ReleaseScriptingObjects (5ms)
		CreateAndSetChildDomain (573ms)
	RebuildCommonClasses (115ms)
	RebuildNativeTypeToScriptingClass (29ms)
	initialDomainReloadingComplete (95ms)
	LoadAllAssembliesAndSetupDomain (3704ms)
		LoadAssemblies (2440ms)
		RebuildTransferFunctionScriptingTraits (0ms)
		AnalyzeDomain (1763ms)
			TypeCache.Refresh (579ms)
				TypeCache.ScanAssembly (0ms)
			BuildScriptInfoCaches (1070ms)
			ResolveRequiredComponents (41ms)
	FinalizeReload (1401ms)
		ReleaseScriptCaches (0ms)
		RebuildScriptCaches (0ms)
		SetupLoadedEditorAssemblies (1126ms)
			LogAssemblyErrors (1ms)
			InitializePlatformSupportModulesInManaged (4ms)
			SetLoadedEditorAssemblies (6ms)
			BeforeProcessingInitializeOnLoad (230ms)
			ProcessInitializeOnLoadAttributes (674ms)
			ProcessInitializeOnLoadMethodAttributes (207ms)
			AfterProcessingInitializeOnLoad (2ms)
			EditorAssembliesLoaded (2ms)
		ExecutionOrderSort2 (0ms)
		AwakeInstancesAfterBackupRestoration (42ms)
WARNING: Shader Unsupported: 'Universal Render Pipeline/VR/SpatialMapping/Wireframe' - All subshaders removed
WARNING: Shader Did you use #pragma only_renderers and omit this platform?
WARNING: Shader If subshaders removal was intentional, you may have forgotten turning Fallback off?
WARNING: Shader Unsupported: 'Universal Render Pipeline/VR/SpatialMapping/Wireframe' - All subshaders removed
WARNING: Shader Did you use #pragma only_renderers and omit this platform?
WARNING: Shader If subshaders removal was intentional, you may have forgotten turning Fallback off?
Refreshing native plugins compatible for Editor in 13.23 ms, found 4 plugins.
Preloading 0 native plugins for Editor in 0.00 ms.
Unloading 14 Unused Serialized files (Serialized files now loaded: 0)
Unloading 7015 unused Assets / (2.2 MB). Loaded Objects now: 7857.
Memory consumption went from 150.6 MB to 148.4 MB.
Total: 319.915458 ms (FindLiveObjects: 56.341041 ms CreateObjectMapping: 4.417000 ms MarkObjects: 220.265417 ms  DeleteObjects: 38.886750 ms)

Prepare: number of updated asset objects reloaded= 0
========================================================================
Received Prepare
Begin MonoManager ReloadAssembly
Thread 0x16ded7000 may have been prematurely finalized
Symbol file LoadedFromMemory is not a mono symbol file
- Loaded All Assemblies, in  3.523 seconds
'Assets/Photon/Fusion/Runtime/Fusion.Unity.cs' contains partial class of Unity.Object, exactly 1 of the partial classes needs to be in a file with the same filename. This is to know the one that can be referenced from ie. GameObjects
'Assets/Photon/Fusion/Runtime/Fusion.Unity.cs' contains partial class of Unity.Object, exactly 1 of the partial classes needs to be in a file with the same filename. This is to know the one that can be referenced from ie. GameObjects
Refreshing native plugins compatible for Editor in 10.75 ms, found 4 plugins.
Native extension for OSXStandalone target not found
System.Reflection.TargetInvocationException: Exception has been thrown by the target of an invocation. ---> System.NullReferenceException: Object reference not set to an instance of an object
  at Unity.Multiplayer.Playmode.Workflow.Editor.ProjectDataStore..ctor (System.String directory) [0x0006e] in ./Library/PackageCache/com.unity.multiplayer.playmode@3acaa705f0f9/Workflow/Editor/Configuration/ProjectDataStore.cs:55 
  at Unity.Multiplayer.Playmode.Workflow.Editor.ProjectDataStore.GetMain () [0x00000] in ./Library/PackageCache/com.unity.multiplayer.playmode@3acaa705f0f9/Workflow/Editor/Configuration/ProjectDataStore.cs:36 
  at Unity.Multiplayer.Playmode.Workflow.Editor.WorkflowMainEditorContext..ctor (Unity.Multiplayer.Playmode.VirtualProjects.Editor.MainEditorContext mainEditorContext) [0x0002c] in ./Library/PackageCache/com.unity.multiplayer.playmode@3acaa705f0f9/Workflow/Editor/Contexts/WorkflowMainEditorContext.cs:15 
  at Unity.Multiplayer.Playmode.Workflow.Editor.VirtualProjectWorkflow.InitializeMPPMContexts () [0x00018] in ./Library/PackageCache/com.unity.multiplayer.playmode@3acaa705f0f9/Workflow/Editor/Workflow/VirtualProjectWorkflow.cs:204 
  at Unity.Multiplayer.Playmode.Workflow.Editor.VirtualProjectWorkflow+<>c.<.cctor>b__22_0 () [0x00036] in ./Library/PackageCache/com.unity.multiplayer.playmode@3acaa705f0f9/Workflow/Editor/Workflow/VirtualProjectWorkflow.cs:85 
  at Unity.Multiplayer.Playmode.VirtualProjects.Editor.EditorContexts.SendReadyEvent () [0x00038] in ./Library/PackageCache/com.unity.multiplayer.playmode@3acaa705f0f9/VirtualProjects/Editor/Contexts/EditorContexts.cs:56 
  at (wrapper managed-to-native) System.Reflection.RuntimeMethodInfo.InternalInvoke(System.Reflection.RuntimeMethodInfo,object,object[],System.Exception&)
  at System.Reflection.RuntimeMethodInfo.Invoke (System.Object obj, System.Reflection.BindingFlags invokeAttr, System.Reflection.Binder binder, System.Object[] parameters, System.Globalization.CultureInfo culture) [0x0006a] in <c0ef40ba0fc84b3b8725b73e9957d1b5>:0 
   --- End of inner exception stack trace ---
  at System.Reflection.RuntimeMethodInfo.Invoke (System.Object obj, System.Reflection.BindingFlags invokeAttr, System.Reflection.Binder binder, System.Object[] parameters, System.Globalization.CultureInfo culture) [0x00083] in <c0ef40ba0fc84b3b8725b73e9957d1b5>:0 
  at System.Reflection.MethodBase.Invoke (System.Object obj, System.Object[] parameters) [0x00000] in <c0ef40ba0fc84b3b8725b73e9957d1b5>:0 
  at UnityEditor.EditorAssemblies.ProcessInitializeOnLoadMethodAttributes () [0x00087] in /Users/bokken/build/output/unity/unity/Editor/Mono/EditorAssemblies.cs:152 
UnityEngine.Debug:ExtractStackTraceNoAlloc (byte*,int,string)
UnityEngine.StackTraceUtility:ExtractStackTrace () (at /Users/bokken/build/output/unity/unity/Runtime/Export/Scripting/StackTrace.cs:35)
UnityEngine.DebugLogHandler:Internal_Log (UnityEngine.LogType,UnityEngine.LogOption,string,UnityEngine.Object)
UnityEngine.DebugLogHandler:LogFormat (UnityEngine.LogType,UnityEngine.Object,string,object[])
UnityEngine.Logger:Log (UnityEngine.LogType,object)
UnityEngine.Debug:LogError (object)
UnityEditor.EditorAssemblies:ProcessInitializeOnLoadMethodAttributes () (at /Users/bokken/build/output/unity/unity/Editor/Mono/EditorAssemblies.cs:156)

(Filename: /Users/bokken/build/output/unity/unity/Editor/Mono/EditorAssemblies.cs Line: 156)

Mono: successfully reloaded assembly
- Finished resetting the current domain, in  2.806 seconds
Domain Reload Profiling: 7233ms
	BeginReloadAssembly (1918ms)
		ExecutionOrderSort (2ms)
		DisableScriptedObjects (230ms)
		BackupInstance (0ms)
		ReleaseScriptingObjects (3ms)
		CreateAndSetChildDomain (815ms)
	RebuildCommonClasses (90ms)
	RebuildNativeTypeToScriptingClass (25ms)
	initialDomainReloadingComplete (111ms)
	LoadAllAssembliesAndSetupDomain (2263ms)
		LoadAssemblies (1057ms)
		RebuildTransferFunctionScriptingTraits (0ms)
		AnalyzeDomain (783ms)
			TypeCache.Refresh (146ms)
				TypeCache.ScanAssembly (0ms)
			BuildScriptInfoCaches (585ms)
			ResolveRequiredComponents (26ms)
	FinalizeReload (2827ms)
		ReleaseScriptCaches (0ms)
		RebuildScriptCaches (0ms)
		SetupLoadedEditorAssemblies (2182ms)
			LogAssemblyErrors (1ms)
			InitializePlatformSupportModulesInManaged (6ms)
			SetLoadedEditorAssemblies (35ms)
			BeforeProcessingInitializeOnLoad (337ms)
			ProcessInitializeOnLoadAttributes (1223ms)
			ProcessInitializeOnLoadMethodAttributes (551ms)
			AfterProcessingInitializeOnLoad (9ms)
			EditorAssembliesLoaded (22ms)
		ExecutionOrderSort2 (3ms)
		AwakeInstancesAfterBackupRestoration (107ms)
WARNING: Shader Unsupported: 'Universal Render Pipeline/VR/SpatialMapping/Wireframe' - All subshaders removed
WARNING: Shader Did you use #pragma only_renderers and omit this platform?
WARNING: Shader If subshaders removal was intentional, you may have forgotten turning Fallback off?
WARNING: Shader Unsupported: 'Universal Render Pipeline/VR/SpatialMapping/Wireframe' - All subshaders removed
WARNING: Shader Did you use #pragma only_renderers and omit this platform?
WARNING: Shader If subshaders removal was intentional, you may have forgotten turning Fallback off?
Refreshing native plugins compatible for Editor in 6.59 ms, found 4 plugins.
Preloading 0 native plugins for Editor in 0.00 ms.
Unloading 14 Unused Serialized files (Serialized files now loaded: 0)
Unloading 7013 unused Assets / (2.5 MB). Loaded Objects now: 7859.
Memory consumption went from 150.6 MB to 148.1 MB.
Total: 313.395708 ms (FindLiveObjects: 26.998959 ms CreateObjectMapping: 9.511625 ms MarkObjects: 242.572291 ms  DeleteObjects: 34.307750 ms)

Prepare: number of updated asset objects reloaded= 0
========================================================================
Received Prepare
Begin MonoManager ReloadAssembly
Thread 0x16ded7000 may have been prematurely finalized
Symbol file LoadedFromMemory is not a mono symbol file
- Loaded All Assemblies, in  1.760 seconds
'Assets/Photon/Fusion/Runtime/Fusion.Unity.cs' contains partial class of Unity.Object, exactly 1 of the partial classes needs to be in a file with the same filename. This is to know the one that can be referenced from ie. GameObjects
'Assets/Photon/Fusion/Runtime/Fusion.Unity.cs' contains partial class of Unity.Object, exactly 1 of the partial classes needs to be in a file with the same filename. This is to know the one that can be referenced from ie. GameObjects
Refreshing native plugins compatible for Editor in 2.34 ms, found 4 plugins.
Native extension for OSXStandalone target not found
System.Reflection.TargetInvocationException: Exception has been thrown by the target of an invocation. ---> System.NullReferenceException: Object reference not set to an instance of an object
  at Unity.Multiplayer.Playmode.Workflow.Editor.ProjectDataStore..ctor (System.String directory) [0x0006e] in ./Library/PackageCache/com.unity.multiplayer.playmode@3acaa705f0f9/Workflow/Editor/Configuration/ProjectDataStore.cs:55 
  at Unity.Multiplayer.Playmode.Workflow.Editor.ProjectDataStore.GetMain () [0x00000] in ./Library/PackageCache/com.unity.multiplayer.playmode@3acaa705f0f9/Workflow/Editor/Configuration/ProjectDataStore.cs:36 
  at Unity.Multiplayer.Playmode.Workflow.Editor.WorkflowMainEditorContext..ctor (Unity.Multiplayer.Playmode.VirtualProjects.Editor.MainEditorContext mainEditorContext) [0x0002c] in ./Library/PackageCache/com.unity.multiplayer.playmode@3acaa705f0f9/Workflow/Editor/Contexts/WorkflowMainEditorContext.cs:15 
  at Unity.Multiplayer.Playmode.Workflow.Editor.VirtualProjectWorkflow.InitializeMPPMContexts () [0x00018] in ./Library/PackageCache/com.unity.multiplayer.playmode@3acaa705f0f9/Workflow/Editor/Workflow/VirtualProjectWorkflow.cs:204 
  at Unity.Multiplayer.Playmode.Workflow.Editor.VirtualProjectWorkflow+<>c.<.cctor>b__22_0 () [0x00036] in ./Library/PackageCache/com.unity.multiplayer.playmode@3acaa705f0f9/Workflow/Editor/Workflow/VirtualProjectWorkflow.cs:85 
  at Unity.Multiplayer.Playmode.VirtualProjects.Editor.EditorContexts.SendReadyEvent () [0x00038] in ./Library/PackageCache/com.unity.multiplayer.playmode@3acaa705f0f9/VirtualProjects/Editor/Contexts/EditorContexts.cs:56 
  at (wrapper managed-to-native) System.Reflection.RuntimeMethodInfo.InternalInvoke(System.Reflection.RuntimeMethodInfo,object,object[],System.Exception&)
  at System.Reflection.RuntimeMethodInfo.Invoke (System.Object obj, System.Reflection.BindingFlags invokeAttr, System.Reflection.Binder binder, System.Object[] parameters, System.Globalization.CultureInfo culture) [0x0006a] in <c0ef40ba0fc84b3b8725b73e9957d1b5>:0 
   --- End of inner exception stack trace ---
  at System.Reflection.RuntimeMethodInfo.Invoke (System.Object obj, System.Reflection.BindingFlags invokeAttr, System.Reflection.Binder binder, System.Object[] parameters, System.Globalization.CultureInfo culture) [0x00083] in <c0ef40ba0fc84b3b8725b73e9957d1b5>:0 
  at System.Reflection.MethodBase.Invoke (System.Object obj, System.Object[] parameters) [0x00000] in <c0ef40ba0fc84b3b8725b73e9957d1b5>:0 
  at UnityEditor.EditorAssemblies.ProcessInitializeOnLoadMethodAttributes () [0x00087] in /Users/bokken/build/output/unity/unity/Editor/Mono/EditorAssemblies.cs:152 
UnityEngine.Debug:ExtractStackTraceNoAlloc (byte*,int,string)
UnityEngine.StackTraceUtility:ExtractStackTrace () (at /Users/bokken/build/output/unity/unity/Runtime/Export/Scripting/StackTrace.cs:35)
UnityEngine.DebugLogHandler:Internal_Log (UnityEngine.LogType,UnityEngine.LogOption,string,UnityEngine.Object)
UnityEngine.DebugLogHandler:LogFormat (UnityEngine.LogType,UnityEngine.Object,string,object[])
UnityEngine.Logger:Log (UnityEngine.LogType,object)
UnityEngine.Debug:LogError (object)
UnityEditor.EditorAssemblies:ProcessInitializeOnLoadMethodAttributes () (at /Users/bokken/build/output/unity/unity/Editor/Mono/EditorAssemblies.cs:156)

(Filename: /Users/bokken/build/output/unity/unity/Editor/Mono/EditorAssemblies.cs Line: 156)

Mono: successfully reloaded assembly
- Finished resetting the current domain, in  0.769 seconds
Domain Reload Profiling: 2533ms
	BeginReloadAssembly (830ms)
		ExecutionOrderSort (0ms)
		DisableScriptedObjects (105ms)
		BackupInstance (0ms)
		ReleaseScriptingObjects (2ms)
		CreateAndSetChildDomain (278ms)
	RebuildCommonClasses (41ms)
	RebuildNativeTypeToScriptingClass (12ms)
	initialDomainReloadingComplete (34ms)
	LoadAllAssembliesAndSetupDomain (846ms)
		LoadAssemblies (724ms)
		RebuildTransferFunctionScriptingTraits (0ms)
		AnalyzeDomain (394ms)
			TypeCache.Refresh (69ms)
				TypeCache.ScanAssembly (1ms)
			BuildScriptInfoCaches (306ms)
			ResolveRequiredComponents (11ms)
	FinalizeReload (769ms)
		ReleaseScriptCaches (0ms)
		RebuildScriptCaches (0ms)
		SetupLoadedEditorAssemblies (615ms)
			LogAssemblyErrors (0ms)
			InitializePlatformSupportModulesInManaged (2ms)
			SetLoadedEditorAssemblies (5ms)
			BeforeProcessingInitializeOnLoad (137ms)
			ProcessInitializeOnLoadAttributes (351ms)
			ProcessInitializeOnLoadMethodAttributes (120ms)
			AfterProcessingInitializeOnLoad (1ms)
			EditorAssembliesLoaded (0ms)
		ExecutionOrderSort2 (0ms)
		AwakeInstancesAfterBackupRestoration (19ms)
WARNING: Shader Unsupported: 'Universal Render Pipeline/VR/SpatialMapping/Wireframe' - All subshaders removed
WARNING: Shader Did you use #pragma only_renderers and omit this platform?
WARNING: Shader If subshaders removal was intentional, you may have forgotten turning Fallback off?
WARNING: Shader Unsupported: 'Universal Render Pipeline/VR/SpatialMapping/Wireframe' - All subshaders removed
WARNING: Shader Did you use #pragma only_renderers and omit this platform?
WARNING: Shader If subshaders removal was intentional, you may have forgotten turning Fallback off?
Refreshing native plugins compatible for Editor in 1.15 ms, found 4 plugins.
Preloading 0 native plugins for Editor in 0.00 ms.
Unloading 14 Unused Serialized files (Serialized files now loaded: 0)
Unloading 7013 unused Assets / (5.7 MB). Loaded Objects now: 7861.
Memory consumption went from 150.6 MB to 144.9 MB.
Total: 11.161583 ms (FindLiveObjects: 1.062583 ms CreateObjectMapping: 0.454209 ms MarkObjects: 6.385333 ms  DeleteObjects: 3.258958 ms)

Prepare: number of updated asset objects reloaded= 0
========================================================================
Received Prepare
Begin MonoManager ReloadAssembly
Thread 0x16ded7000 may have been prematurely finalized
Symbol file LoadedFromMemory is not a mono symbol file
- Loaded All Assemblies, in  2.471 seconds
'Assets/Photon/Fusion/Runtime/Fusion.Unity.cs' contains partial class of Unity.Object, exactly 1 of the partial classes needs to be in a file with the same filename. This is to know the one that can be referenced from ie. GameObjects
'Assets/Photon/Fusion/Runtime/Fusion.Unity.cs' contains partial class of Unity.Object, exactly 1 of the partial classes needs to be in a file with the same filename. This is to know the one that can be referenced from ie. GameObjects
Refreshing native plugins compatible for Editor in 2.28 ms, found 4 plugins.
Native extension for OSXStandalone target not found
System.Reflection.TargetInvocationException: Exception has been thrown by the target of an invocation. ---> System.NullReferenceException: Object reference not set to an instance of an object
  at Unity.Multiplayer.Playmode.Workflow.Editor.ProjectDataStore..ctor (System.String directory) [0x0006e] in ./Library/PackageCache/com.unity.multiplayer.playmode@3acaa705f0f9/Workflow/Editor/Configuration/ProjectDataStore.cs:55 
  at Unity.Multiplayer.Playmode.Workflow.Editor.ProjectDataStore.GetMain () [0x00000] in ./Library/PackageCache/com.unity.multiplayer.playmode@3acaa705f0f9/Workflow/Editor/Configuration/ProjectDataStore.cs:36 
  at Unity.Multiplayer.Playmode.Workflow.Editor.WorkflowMainEditorContext..ctor (Unity.Multiplayer.Playmode.VirtualProjects.Editor.MainEditorContext mainEditorContext) [0x0002c] in ./Library/PackageCache/com.unity.multiplayer.playmode@3acaa705f0f9/Workflow/Editor/Contexts/WorkflowMainEditorContext.cs:15 
  at Unity.Multiplayer.Playmode.Workflow.Editor.VirtualProjectWorkflow.InitializeMPPMContexts () [0x00018] in ./Library/PackageCache/com.unity.multiplayer.playmode@3acaa705f0f9/Workflow/Editor/Workflow/VirtualProjectWorkflow.cs:204 
  at Unity.Multiplayer.Playmode.Workflow.Editor.VirtualProjectWorkflow+<>c.<.cctor>b__22_0 () [0x00036] in ./Library/PackageCache/com.unity.multiplayer.playmode@3acaa705f0f9/Workflow/Editor/Workflow/VirtualProjectWorkflow.cs:85 
  at Unity.Multiplayer.Playmode.VirtualProjects.Editor.EditorContexts.SendReadyEvent () [0x00038] in ./Library/PackageCache/com.unity.multiplayer.playmode@3acaa705f0f9/VirtualProjects/Editor/Contexts/EditorContexts.cs:56 
  at (wrapper managed-to-native) System.Reflection.RuntimeMethodInfo.InternalInvoke(System.Reflection.RuntimeMethodInfo,object,object[],System.Exception&)
  at System.Reflection.RuntimeMethodInfo.Invoke (System.Object obj, System.Reflection.BindingFlags invokeAttr, System.Reflection.Binder binder, System.Object[] parameters, System.Globalization.CultureInfo culture) [0x0006a] in <c0ef40ba0fc84b3b8725b73e9957d1b5>:0 
   --- End of inner exception stack trace ---
  at System.Reflection.RuntimeMethodInfo.Invoke (System.Object obj, System.Reflection.BindingFlags invokeAttr, System.Reflection.Binder binder, System.Object[] parameters, System.Globalization.CultureInfo culture) [0x00083] in <c0ef40ba0fc84b3b8725b73e9957d1b5>:0 
  at System.Reflection.MethodBase.Invoke (System.Object obj, System.Object[] parameters) [0x00000] in <c0ef40ba0fc84b3b8725b73e9957d1b5>:0 
  at UnityEditor.EditorAssemblies.ProcessInitializeOnLoadMethodAttributes () [0x00087] in /Users/bokken/build/output/unity/unity/Editor/Mono/EditorAssemblies.cs:152 
UnityEngine.Debug:ExtractStackTraceNoAlloc (byte*,int,string)
UnityEngine.StackTraceUtility:ExtractStackTrace () (at /Users/bokken/build/output/unity/unity/Runtime/Export/Scripting/StackTrace.cs:35)
UnityEngine.DebugLogHandler:Internal_Log (UnityEngine.LogType,UnityEngine.LogOption,string,UnityEngine.Object)
UnityEngine.DebugLogHandler:LogFormat (UnityEngine.LogType,UnityEngine.Object,string,object[])
UnityEngine.Logger:Log (UnityEngine.LogType,object)
UnityEngine.Debug:LogError (object)
UnityEditor.EditorAssemblies:ProcessInitializeOnLoadMethodAttributes () (at /Users/bokken/build/output/unity/unity/Editor/Mono/EditorAssemblies.cs:156)

(Filename: /Users/bokken/build/output/unity/unity/Editor/Mono/EditorAssemblies.cs Line: 156)

Mono: successfully reloaded assembly
- Finished resetting the current domain, in  1.269 seconds
Domain Reload Profiling: 3748ms
	BeginReloadAssembly (1097ms)
		ExecutionOrderSort (0ms)
		DisableScriptedObjects (156ms)
		BackupInstance (0ms)
		ReleaseScriptingObjects (3ms)
		CreateAndSetChildDomain (425ms)
	RebuildCommonClasses (87ms)
	RebuildNativeTypeToScriptingClass (25ms)
	initialDomainReloadingComplete (53ms)
	LoadAllAssembliesAndSetupDomain (1216ms)
		LoadAssemblies (964ms)
		RebuildTransferFunctionScriptingTraits (0ms)
		AnalyzeDomain (542ms)
			TypeCache.Refresh (39ms)
				TypeCache.ScanAssembly (0ms)
			BuildScriptInfoCaches (470ms)
			ResolveRequiredComponents (21ms)
	FinalizeReload (1270ms)
		ReleaseScriptCaches (0ms)
		RebuildScriptCaches (0ms)
		SetupLoadedEditorAssemblies (1005ms)
			LogAssemblyErrors (0ms)
			InitializePlatformSupportModulesInManaged (2ms)
			SetLoadedEditorAssemblies (13ms)
			BeforeProcessingInitializeOnLoad (172ms)
			ProcessInitializeOnLoadAttributes (623ms)
			ProcessInitializeOnLoadMethodAttributes (193ms)
			AfterProcessingInitializeOnLoad (1ms)
			EditorAssembliesLoaded (1ms)
		ExecutionOrderSort2 (0ms)
		AwakeInstancesAfterBackupRestoration (32ms)
WARNING: Shader Unsupported: 'Universal Render Pipeline/VR/SpatialMapping/Wireframe' - All subshaders removed
WARNING: Shader Did you use #pragma only_renderers and omit this platform?
WARNING: Shader If subshaders removal was intentional, you may have forgotten turning Fallback off?
WARNING: Shader Unsupported: 'Universal Render Pipeline/VR/SpatialMapping/Wireframe' - All subshaders removed
WARNING: Shader Did you use #pragma only_renderers and omit this platform?
WARNING: Shader If subshaders removal was intentional, you may have forgotten turning Fallback off?
Refreshing native plugins compatible for Editor in 1.16 ms, found 4 plugins.
Preloading 0 native plugins for Editor in 0.00 ms.
Unloading 14 Unused Serialized files (Serialized files now loaded: 0)
Unloading 7013 unused Assets / (3.3 MB). Loaded Objects now: 7863.
Memory consumption went from 150.7 MB to 147.4 MB.
Total: 34.197333 ms (FindLiveObjects: 0.979084 ms CreateObjectMapping: 0.566666 ms MarkObjects: 28.990500 ms  DeleteObjects: 3.659167 ms)

Prepare: number of updated asset objects reloaded= 0
========================================================================
Received Prepare
Begin MonoManager ReloadAssembly
Thread 0x16ded7000 may have been prematurely finalized
Symbol file LoadedFromMemory is not a mono symbol file
- Loaded All Assemblies, in  1.579 seconds
'Assets/Photon/Fusion/Runtime/Fusion.Unity.cs' contains partial class of Unity.Object, exactly 1 of the partial classes needs to be in a file with the same filename. This is to know the one that can be referenced from ie. GameObjects
'Assets/Photon/Fusion/Runtime/Fusion.Unity.cs' contains partial class of Unity.Object, exactly 1 of the partial classes needs to be in a file with the same filename. This is to know the one that can be referenced from ie. GameObjects
Refreshing native plugins compatible for Editor in 1.61 ms, found 4 plugins.
Native extension for OSXStandalone target not found
System.Reflection.TargetInvocationException: Exception has been thrown by the target of an invocation. ---> System.NullReferenceException: Object reference not set to an instance of an object
  at Unity.Multiplayer.Playmode.Workflow.Editor.ProjectDataStore..ctor (System.String directory) [0x0006e] in ./Library/PackageCache/com.unity.multiplayer.playmode@3acaa705f0f9/Workflow/Editor/Configuration/ProjectDataStore.cs:55 
  at Unity.Multiplayer.Playmode.Workflow.Editor.ProjectDataStore.GetMain () [0x00000] in ./Library/PackageCache/com.unity.multiplayer.playmode@3acaa705f0f9/Workflow/Editor/Configuration/ProjectDataStore.cs:36 
  at Unity.Multiplayer.Playmode.Workflow.Editor.WorkflowMainEditorContext..ctor (Unity.Multiplayer.Playmode.VirtualProjects.Editor.MainEditorContext mainEditorContext) [0x0002c] in ./Library/PackageCache/com.unity.multiplayer.playmode@3acaa705f0f9/Workflow/Editor/Contexts/WorkflowMainEditorContext.cs:15 
  at Unity.Multiplayer.Playmode.Workflow.Editor.VirtualProjectWorkflow.InitializeMPPMContexts () [0x00018] in ./Library/PackageCache/com.unity.multiplayer.playmode@3acaa705f0f9/Workflow/Editor/Workflow/VirtualProjectWorkflow.cs:204 
  at Unity.Multiplayer.Playmode.Workflow.Editor.VirtualProjectWorkflow+<>c.<.cctor>b__22_0 () [0x00036] in ./Library/PackageCache/com.unity.multiplayer.playmode@3acaa705f0f9/Workflow/Editor/Workflow/VirtualProjectWorkflow.cs:85 
  at Unity.Multiplayer.Playmode.VirtualProjects.Editor.EditorContexts.SendReadyEvent () [0x00038] in ./Library/PackageCache/com.unity.multiplayer.playmode@3acaa705f0f9/VirtualProjects/Editor/Contexts/EditorContexts.cs:56 
  at (wrapper managed-to-native) System.Reflection.RuntimeMethodInfo.InternalInvoke(System.Reflection.RuntimeMethodInfo,object,object[],System.Exception&)
  at System.Reflection.RuntimeMethodInfo.Invoke (System.Object obj, System.Reflection.BindingFlags invokeAttr, System.Reflection.Binder binder, System.Object[] parameters, System.Globalization.CultureInfo culture) [0x0006a] in <c0ef40ba0fc84b3b8725b73e9957d1b5>:0 
   --- End of inner exception stack trace ---
  at System.Reflection.RuntimeMethodInfo.Invoke (System.Object obj, System.Reflection.BindingFlags invokeAttr, System.Reflection.Binder binder, System.Object[] parameters, System.Globalization.CultureInfo culture) [0x00083] in <c0ef40ba0fc84b3b8725b73e9957d1b5>:0 
  at System.Reflection.MethodBase.Invoke (System.Object obj, System.Object[] parameters) [0x00000] in <c0ef40ba0fc84b3b8725b73e9957d1b5>:0 
  at UnityEditor.EditorAssemblies.ProcessInitializeOnLoadMethodAttributes () [0x00087] in /Users/bokken/build/output/unity/unity/Editor/Mono/EditorAssemblies.cs:152 
UnityEngine.Debug:ExtractStackTraceNoAlloc (byte*,int,string)
UnityEngine.StackTraceUtility:ExtractStackTrace () (at /Users/bokken/build/output/unity/unity/Runtime/Export/Scripting/StackTrace.cs:35)
UnityEngine.DebugLogHandler:Internal_Log (UnityEngine.LogType,UnityEngine.LogOption,string,UnityEngine.Object)
UnityEngine.DebugLogHandler:LogFormat (UnityEngine.LogType,UnityEngine.Object,string,object[])
UnityEngine.Logger:Log (UnityEngine.LogType,object)
UnityEngine.Debug:LogError (object)
UnityEditor.EditorAssemblies:ProcessInitializeOnLoadMethodAttributes () (at /Users/bokken/build/output/unity/unity/Editor/Mono/EditorAssemblies.cs:156)

(Filename: /Users/bokken/build/output/unity/unity/Editor/Mono/EditorAssemblies.cs Line: 156)

Mono: successfully reloaded assembly
- Finished resetting the current domain, in  0.831 seconds
Domain Reload Profiling: 2415ms
	BeginReloadAssembly (523ms)
		ExecutionOrderSort (0ms)
		DisableScriptedObjects (47ms)
		BackupInstance (0ms)
		ReleaseScriptingObjects (1ms)
		CreateAndSetChildDomain (202ms)
	RebuildCommonClasses (66ms)
	RebuildNativeTypeToScriptingClass (12ms)
	initialDomainReloadingComplete (31ms)
	LoadAllAssembliesAndSetupDomain (953ms)
		LoadAssemblies (765ms)
		RebuildTransferFunctionScriptingTraits (0ms)
		AnalyzeDomain (359ms)
			TypeCache.Refresh (24ms)
				TypeCache.ScanAssembly (0ms)
			BuildScriptInfoCaches (309ms)
			ResolveRequiredComponents (12ms)
	FinalizeReload (831ms)
		ReleaseScriptCaches (0ms)
		RebuildScriptCaches (0ms)
		SetupLoadedEditorAssemblies (665ms)
			LogAssemblyErrors (0ms)
			InitializePlatformSupportModulesInManaged (2ms)
			SetLoadedEditorAssemblies (8ms)
			BeforeProcessingInitializeOnLoad (141ms)
			ProcessInitializeOnLoadAttributes (388ms)
			ProcessInitializeOnLoadMethodAttributes (124ms)
			AfterProcessingInitializeOnLoad (1ms)
			EditorAssembliesLoaded (1ms)
		ExecutionOrderSort2 (0ms)
		AwakeInstancesAfterBackupRestoration (20ms)
WARNING: Shader Unsupported: 'Universal Render Pipeline/VR/SpatialMapping/Wireframe' - All subshaders removed
WARNING: Shader Did you use #pragma only_renderers and omit this platform?
WARNING: Shader If subshaders removal was intentional, you may have forgotten turning Fallback off?
WARNING: Shader Unsupported: 'Universal Render Pipeline/VR/SpatialMapping/Wireframe' - All subshaders removed
WARNING: Shader Did you use #pragma only_renderers and omit this platform?
WARNING: Shader If subshaders removal was intentional, you may have forgotten turning Fallback off?
Refreshing native plugins compatible for Editor in 1.12 ms, found 4 plugins.
Preloading 0 native plugins for Editor in 0.00 ms.
Unloading 14 Unused Serialized files (Serialized files now loaded: 0)
Unloading 7014 unused Assets / (2.9 MB). Loaded Objects now: 7866.
Memory consumption went from 150.7 MB to 147.8 MB.
Total: 39.829584 ms (FindLiveObjects: 1.065875 ms CreateObjectMapping: 3.402000 ms MarkObjects: 23.014208 ms  DeleteObjects: 12.346958 ms)

Prepare: number of updated asset objects reloaded= 0
========================================================================
Received Prepare
Begin MonoManager ReloadAssembly
Thread 0x16ded7000 may have been prematurely finalized
Symbol file LoadedFromMemory is not a mono symbol file
- Loaded All Assemblies, in  1.127 seconds
'Assets/Photon/Fusion/Runtime/Fusion.Unity.cs' contains partial class of Unity.Object, exactly 1 of the partial classes needs to be in a file with the same filename. This is to know the one that can be referenced from ie. GameObjects
'Assets/Photon/Fusion/Runtime/Fusion.Unity.cs' contains partial class of Unity.Object, exactly 1 of the partial classes needs to be in a file with the same filename. This is to know the one that can be referenced from ie. GameObjects
Refreshing native plugins compatible for Editor in 1.24 ms, found 4 plugins.
Native extension for OSXStandalone target not found
System.Reflection.TargetInvocationException: Exception has been thrown by the target of an invocation. ---> System.NullReferenceException: Object reference not set to an instance of an object
  at Unity.Multiplayer.Playmode.Workflow.Editor.ProjectDataStore..ctor (System.String directory) [0x0006e] in ./Library/PackageCache/com.unity.multiplayer.playmode@3acaa705f0f9/Workflow/Editor/Configuration/ProjectDataStore.cs:55 
  at Unity.Multiplayer.Playmode.Workflow.Editor.ProjectDataStore.GetMain () [0x00000] in ./Library/PackageCache/com.unity.multiplayer.playmode@3acaa705f0f9/Workflow/Editor/Configuration/ProjectDataStore.cs:36 
  at Unity.Multiplayer.Playmode.Workflow.Editor.WorkflowMainEditorContext..ctor (Unity.Multiplayer.Playmode.VirtualProjects.Editor.MainEditorContext mainEditorContext) [0x0002c] in ./Library/PackageCache/com.unity.multiplayer.playmode@3acaa705f0f9/Workflow/Editor/Contexts/WorkflowMainEditorContext.cs:15 
  at Unity.Multiplayer.Playmode.Workflow.Editor.VirtualProjectWorkflow.InitializeMPPMContexts () [0x00018] in ./Library/PackageCache/com.unity.multiplayer.playmode@3acaa705f0f9/Workflow/Editor/Workflow/VirtualProjectWorkflow.cs:204 
  at Unity.Multiplayer.Playmode.Workflow.Editor.VirtualProjectWorkflow+<>c.<.cctor>b__22_0 () [0x00036] in ./Library/PackageCache/com.unity.multiplayer.playmode@3acaa705f0f9/Workflow/Editor/Workflow/VirtualProjectWorkflow.cs:85 
  at Unity.Multiplayer.Playmode.VirtualProjects.Editor.EditorContexts.SendReadyEvent () [0x00038] in ./Library/PackageCache/com.unity.multiplayer.playmode@3acaa705f0f9/VirtualProjects/Editor/Contexts/EditorContexts.cs:56 
  at (wrapper managed-to-native) System.Reflection.RuntimeMethodInfo.InternalInvoke(System.Reflection.RuntimeMethodInfo,object,object[],System.Exception&)
  at System.Reflection.RuntimeMethodInfo.Invoke (System.Object obj, System.Reflection.BindingFlags invokeAttr, System.Reflection.Binder binder, System.Object[] parameters, System.Globalization.CultureInfo culture) [0x0006a] in <c0ef40ba0fc84b3b8725b73e9957d1b5>:0 
   --- End of inner exception stack trace ---
  at System.Reflection.RuntimeMethodInfo.Invoke (System.Object obj, System.Reflection.BindingFlags invokeAttr, System.Reflection.Binder binder, System.Object[] parameters, System.Globalization.CultureInfo culture) [0x00083] in <c0ef40ba0fc84b3b8725b73e9957d1b5>:0 
  at System.Reflection.MethodBase.Invoke (System.Object obj, System.Object[] parameters) [0x00000] in <c0ef40ba0fc84b3b8725b73e9957d1b5>:0 
  at UnityEditor.EditorAssemblies.ProcessInitializeOnLoadMethodAttributes () [0x00087] in /Users/bokken/build/output/unity/unity/Editor/Mono/EditorAssemblies.cs:152 
UnityEngine.Debug:ExtractStackTraceNoAlloc (byte*,int,string)
UnityEngine.StackTraceUtility:ExtractStackTrace () (at /Users/bokken/build/output/unity/unity/Runtime/Export/Scripting/StackTrace.cs:35)
UnityEngine.DebugLogHandler:Internal_Log (UnityEngine.LogType,UnityEngine.LogOption,string,UnityEngine.Object)
UnityEngine.DebugLogHandler:LogFormat (UnityEngine.LogType,UnityEngine.Object,string,object[])
UnityEngine.Logger:Log (UnityEngine.LogType,object)
UnityEngine.Debug:LogError (object)
UnityEditor.EditorAssemblies:ProcessInitializeOnLoadMethodAttributes () (at /Users/bokken/build/output/unity/unity/Editor/Mono/EditorAssemblies.cs:156)

(Filename: /Users/bokken/build/output/unity/unity/Editor/Mono/EditorAssemblies.cs Line: 156)

Mono: successfully reloaded assembly
- Finished resetting the current domain, in  1.078 seconds
Domain Reload Profiling: 2211ms
	BeginReloadAssembly (360ms)
		ExecutionOrderSort (0ms)
		DisableScriptedObjects (30ms)
		BackupInstance (0ms)
		ReleaseScriptingObjects (1ms)
		CreateAndSetChildDomain (182ms)
	RebuildCommonClasses (57ms)
	RebuildNativeTypeToScriptingClass (18ms)
	initialDomainReloadingComplete (61ms)
	LoadAllAssembliesAndSetupDomain (634ms)
		LoadAssemblies (377ms)
		RebuildTransferFunctionScriptingTraits (0ms)
		AnalyzeDomain (318ms)
			TypeCache.Refresh (29ms)
				TypeCache.ScanAssembly (0ms)
			BuildScriptInfoCaches (274ms)
			ResolveRequiredComponents (11ms)
	FinalizeReload (1080ms)
		ReleaseScriptCaches (0ms)
		RebuildScriptCaches (0ms)
		SetupLoadedEditorAssemblies (865ms)
			LogAssemblyErrors (0ms)
			InitializePlatformSupportModulesInManaged (1ms)
			SetLoadedEditorAssemblies (4ms)
			BeforeProcessingInitializeOnLoad (164ms)
			ProcessInitializeOnLoadAttributes (427ms)
			ProcessInitializeOnLoadMethodAttributes (259ms)
			AfterProcessingInitializeOnLoad (8ms)
			EditorAssembliesLoaded (2ms)
		ExecutionOrderSort2 (0ms)
		AwakeInstancesAfterBackupRestoration (51ms)
WARNING: Shader Unsupported: 'Universal Render Pipeline/VR/SpatialMapping/Wireframe' - All subshaders removed
WARNING: Shader Did you use #pragma only_renderers and omit this platform?
WARNING: Shader If subshaders removal was intentional, you may have forgotten turning Fallback off?
WARNING: Shader Unsupported: 'Universal Render Pipeline/VR/SpatialMapping/Wireframe' - All subshaders removed
WARNING: Shader Did you use #pragma only_renderers and omit this platform?
WARNING: Shader If subshaders removal was intentional, you may have forgotten turning Fallback off?
Refreshing native plugins compatible for Editor in 2.58 ms, found 4 plugins.
Preloading 0 native plugins for Editor in 0.00 ms.
Unloading 14 Unused Serialized files (Serialized files now loaded: 0)
Unloading 7014 unused Assets / (7.2 MB). Loaded Objects now: 7868.
Memory consumption went from 150.8 MB to 143.6 MB.
Total: 38.356333 ms (FindLiveObjects: 1.433250 ms CreateObjectMapping: 0.730917 ms MarkObjects: 28.065250 ms  DeleteObjects: 8.125958 ms)

Prepare: number of updated asset objects reloaded= 0
========================================================================
Received Prepare
'Assets/Photon/Fusion/Runtime/Fusion.Unity.cs' contains partial class of Unity.Object, exactly 1 of the partial classes needs to be in a file with the same filename. This is to know the one that can be referenced from ie. GameObjects
'Assets/Photon/Fusion/Runtime/Fusion.Unity.cs' contains partial class of Unity.Object, exactly 1 of the partial classes needs to be in a file with the same filename. This is to know the one that can be referenced from ie. GameObjects
WARNING: Shader Unsupported: 'Universal Render Pipeline/VR/SpatialMapping/Wireframe' - All subshaders removed
WARNING: Shader Did you use #pragma only_renderers and omit this platform?
WARNING: Shader If subshaders removal was intentional, you may have forgotten turning Fallback off?
WARNING: Shader Unsupported: 'Universal Render Pipeline/VR/SpatialMapping/Wireframe' - All subshaders removed
WARNING: Shader Did you use #pragma only_renderers and omit this platform?
WARNING: Shader If subshaders removal was intentional, you may have forgotten turning Fallback off?
Refreshing native plugins compatible for Editor in 1.13 ms, found 4 plugins.
Preloading 0 native plugins for Editor in 0.00 ms.
Unloading 14 Unused Serialized files (Serialized files now loaded: 0)
Unloading 6989 unused Assets / (5.5 MB). Loaded Objects now: 7868.
Memory consumption went from 142.5 MB to 137.0 MB.
Total: 71.815542 ms (FindLiveObjects: 17.305542 ms CreateObjectMapping: 0.589250 ms MarkObjects: 41.689250 ms  DeleteObjects: 12.230458 ms)

Prepare: number of updated asset objects reloaded= 0
========================================================================
Received Prepare
Begin MonoManager ReloadAssembly
Thread 0x16ded7000 may have been prematurely finalized
Symbol file LoadedFromMemory is not a mono symbol file
- Loaded All Assemblies, in  1.915 seconds
'Assets/Photon/Fusion/Runtime/Fusion.Unity.cs' contains partial class of Unity.Object, exactly 1 of the partial classes needs to be in a file with the same filename. This is to know the one that can be referenced from ie. GameObjects
'Assets/Photon/Fusion/Runtime/Fusion.Unity.cs' contains partial class of Unity.Object, exactly 1 of the partial classes needs to be in a file with the same filename. This is to know the one that can be referenced from ie. GameObjects
Refreshing native plugins compatible for Editor in 1.03 ms, found 4 plugins.
Native extension for OSXStandalone target not found
System.Reflection.TargetInvocationException: Exception has been thrown by the target of an invocation. ---> System.NullReferenceException: Object reference not set to an instance of an object
  at Unity.Multiplayer.Playmode.Workflow.Editor.ProjectDataStore..ctor (System.String directory) [0x0006e] in ./Library/PackageCache/com.unity.multiplayer.playmode@3acaa705f0f9/Workflow/Editor/Configuration/ProjectDataStore.cs:55 
  at Unity.Multiplayer.Playmode.Workflow.Editor.ProjectDataStore.GetMain () [0x00000] in ./Library/PackageCache/com.unity.multiplayer.playmode@3acaa705f0f9/Workflow/Editor/Configuration/ProjectDataStore.cs:36 
  at Unity.Multiplayer.Playmode.Workflow.Editor.WorkflowMainEditorContext..ctor (Unity.Multiplayer.Playmode.VirtualProjects.Editor.MainEditorContext mainEditorContext) [0x0002c] in ./Library/PackageCache/com.unity.multiplayer.playmode@3acaa705f0f9/Workflow/Editor/Contexts/WorkflowMainEditorContext.cs:15 
  at Unity.Multiplayer.Playmode.Workflow.Editor.VirtualProjectWorkflow.InitializeMPPMContexts () [0x00018] in ./Library/PackageCache/com.unity.multiplayer.playmode@3acaa705f0f9/Workflow/Editor/Workflow/VirtualProjectWorkflow.cs:204 
  at Unity.Multiplayer.Playmode.Workflow.Editor.VirtualProjectWorkflow+<>c.<.cctor>b__22_0 () [0x00036] in ./Library/PackageCache/com.unity.multiplayer.playmode@3acaa705f0f9/Workflow/Editor/Workflow/VirtualProjectWorkflow.cs:85 
  at Unity.Multiplayer.Playmode.VirtualProjects.Editor.EditorContexts.SendReadyEvent () [0x00038] in ./Library/PackageCache/com.unity.multiplayer.playmode@3acaa705f0f9/VirtualProjects/Editor/Contexts/EditorContexts.cs:56 
  at (wrapper managed-to-native) System.Reflection.RuntimeMethodInfo.InternalInvoke(System.Reflection.RuntimeMethodInfo,object,object[],System.Exception&)
  at System.Reflection.RuntimeMethodInfo.Invoke (System.Object obj, System.Reflection.BindingFlags invokeAttr, System.Reflection.Binder binder, System.Object[] parameters, System.Globalization.CultureInfo culture) [0x0006a] in <c0ef40ba0fc84b3b8725b73e9957d1b5>:0 
   --- End of inner exception stack trace ---
  at System.Reflection.RuntimeMethodInfo.Invoke (System.Object obj, System.Reflection.BindingFlags invokeAttr, System.Reflection.Binder binder, System.Object[] parameters, System.Globalization.CultureInfo culture) [0x00083] in <c0ef40ba0fc84b3b8725b73e9957d1b5>:0 
  at System.Reflection.MethodBase.Invoke (System.Object obj, System.Object[] parameters) [0x00000] in <c0ef40ba0fc84b3b8725b73e9957d1b5>:0 
  at UnityEditor.EditorAssemblies.ProcessInitializeOnLoadMethodAttributes () [0x00087] in /Users/bokken/build/output/unity/unity/Editor/Mono/EditorAssemblies.cs:152 
UnityEngine.Debug:ExtractStackTraceNoAlloc (byte*,int,string)
UnityEngine.StackTraceUtility:ExtractStackTrace () (at /Users/bokken/build/output/unity/unity/Runtime/Export/Scripting/StackTrace.cs:35)
UnityEngine.DebugLogHandler:Internal_Log (UnityEngine.LogType,UnityEngine.LogOption,string,UnityEngine.Object)
UnityEngine.DebugLogHandler:LogFormat (UnityEngine.LogType,UnityEngine.Object,string,object[])
UnityEngine.Logger:Log (UnityEngine.LogType,object)
UnityEngine.Debug:LogError (object)
UnityEditor.EditorAssemblies:ProcessInitializeOnLoadMethodAttributes () (at /Users/bokken/build/output/unity/unity/Editor/Mono/EditorAssemblies.cs:156)

(Filename: /Users/bokken/build/output/unity/unity/Editor/Mono/EditorAssemblies.cs Line: 156)

Mono: successfully reloaded assembly
- Finished resetting the current domain, in  0.686 seconds
Domain Reload Profiling: 2604ms
	BeginReloadAssembly (895ms)
		ExecutionOrderSort (0ms)
		DisableScriptedObjects (164ms)
		BackupInstance (0ms)
		ReleaseScriptingObjects (1ms)
		CreateAndSetChildDomain (246ms)
	RebuildCommonClasses (48ms)
	RebuildNativeTypeToScriptingClass (18ms)
	initialDomainReloadingComplete (39ms)
	LoadAllAssembliesAndSetupDomain (917ms)
		LoadAssemblies (811ms)
		RebuildTransferFunctionScriptingTraits (0ms)
		AnalyzeDomain (310ms)
			TypeCache.Refresh (44ms)
				TypeCache.ScanAssembly (2ms)
			BuildScriptInfoCaches (248ms)
			ResolveRequiredComponents (12ms)
	FinalizeReload (687ms)
		ReleaseScriptCaches (0ms)
		RebuildScriptCaches (0ms)
		SetupLoadedEditorAssemblies (548ms)
			LogAssemblyErrors (0ms)
			InitializePlatformSupportModulesInManaged (1ms)
			SetLoadedEditorAssemblies (4ms)
			BeforeProcessingInitializeOnLoad (117ms)
			ProcessInitializeOnLoadAttributes (317ms)
			ProcessInitializeOnLoadMethodAttributes (107ms)
			AfterProcessingInitializeOnLoad (1ms)
			EditorAssembliesLoaded (0ms)
		ExecutionOrderSort2 (0ms)
		AwakeInstancesAfterBackupRestoration (18ms)
WARNING: Shader Unsupported: 'Universal Render Pipeline/VR/SpatialMapping/Wireframe' - All subshaders removed
WARNING: Shader Did you use #pragma only_renderers and omit this platform?
WARNING: Shader If subshaders removal was intentional, you may have forgotten turning Fallback off?
WARNING: Shader Unsupported: 'Universal Render Pipeline/VR/SpatialMapping/Wireframe' - All subshaders removed
WARNING: Shader Did you use #pragma only_renderers and omit this platform?
WARNING: Shader If subshaders removal was intentional, you may have forgotten turning Fallback off?
Refreshing native plugins compatible for Editor in 1.08 ms, found 4 plugins.
Preloading 0 native plugins for Editor in 0.00 ms.
Unloading 14 Unused Serialized files (Serialized files now loaded: 0)
Unloading 7014 unused Assets / (5.0 MB). Loaded Objects now: 7870.
Memory consumption went from 150.8 MB to 145.8 MB.
Total: 8.678917 ms (FindLiveObjects: 0.493875 ms CreateObjectMapping: 0.349750 ms MarkObjects: 5.349041 ms  DeleteObjects: 2.485417 ms)

Prepare: number of updated asset objects reloaded= 0
========================================================================
Received Prepare
Begin MonoManager ReloadAssembly
Thread 0x16ded7000 may have been prematurely finalized
Symbol file LoadedFromMemory is not a mono symbol file
- Loaded All Assemblies, in  1.512 seconds
'Assets/Photon/Fusion/Runtime/Fusion.Unity.cs' contains partial class of Unity.Object, exactly 1 of the partial classes needs to be in a file with the same filename. This is to know the one that can be referenced from ie. GameObjects
'Assets/Photon/Fusion/Runtime/Fusion.Unity.cs' contains partial class of Unity.Object, exactly 1 of the partial classes needs to be in a file with the same filename. This is to know the one that can be referenced from ie. GameObjects
Refreshing native plugins compatible for Editor in 1.21 ms, found 4 plugins.
Native extension for OSXStandalone target not found
System.Reflection.TargetInvocationException: Exception has been thrown by the target of an invocation. ---> System.NullReferenceException: Object reference not set to an instance of an object
  at Unity.Multiplayer.Playmode.Workflow.Editor.ProjectDataStore..ctor (System.String directory) [0x0006e] in ./Library/PackageCache/com.unity.multiplayer.playmode@3acaa705f0f9/Workflow/Editor/Configuration/ProjectDataStore.cs:55 
  at Unity.Multiplayer.Playmode.Workflow.Editor.ProjectDataStore.GetMain () [0x00000] in ./Library/PackageCache/com.unity.multiplayer.playmode@3acaa705f0f9/Workflow/Editor/Configuration/ProjectDataStore.cs:36 
  at Unity.Multiplayer.Playmode.Workflow.Editor.WorkflowMainEditorContext..ctor (Unity.Multiplayer.Playmode.VirtualProjects.Editor.MainEditorContext mainEditorContext) [0x0002c] in ./Library/PackageCache/com.unity.multiplayer.playmode@3acaa705f0f9/Workflow/Editor/Contexts/WorkflowMainEditorContext.cs:15 
  at Unity.Multiplayer.Playmode.Workflow.Editor.VirtualProjectWorkflow.InitializeMPPMContexts () [0x00018] in ./Library/PackageCache/com.unity.multiplayer.playmode@3acaa705f0f9/Workflow/Editor/Workflow/VirtualProjectWorkflow.cs:204 
  at Unity.Multiplayer.Playmode.Workflow.Editor.VirtualProjectWorkflow+<>c.<.cctor>b__22_0 () [0x00036] in ./Library/PackageCache/com.unity.multiplayer.playmode@3acaa705f0f9/Workflow/Editor/Workflow/VirtualProjectWorkflow.cs:85 
  at Unity.Multiplayer.Playmode.VirtualProjects.Editor.EditorContexts.SendReadyEvent () [0x00038] in ./Library/PackageCache/com.unity.multiplayer.playmode@3acaa705f0f9/VirtualProjects/Editor/Contexts/EditorContexts.cs:56 
  at (wrapper managed-to-native) System.Reflection.RuntimeMethodInfo.InternalInvoke(System.Reflection.RuntimeMethodInfo,object,object[],System.Exception&)
  at System.Reflection.RuntimeMethodInfo.Invoke (System.Object obj, System.Reflection.BindingFlags invokeAttr, System.Reflection.Binder binder, System.Object[] parameters, System.Globalization.CultureInfo culture) [0x0006a] in <c0ef40ba0fc84b3b8725b73e9957d1b5>:0 
   --- End of inner exception stack trace ---
  at System.Reflection.RuntimeMethodInfo.Invoke (System.Object obj, System.Reflection.BindingFlags invokeAttr, System.Reflection.Binder binder, System.Object[] parameters, System.Globalization.CultureInfo culture) [0x00083] in <c0ef40ba0fc84b3b8725b73e9957d1b5>:0 
  at System.Reflection.MethodBase.Invoke (System.Object obj, System.Object[] parameters) [0x00000] in <c0ef40ba0fc84b3b8725b73e9957d1b5>:0 
  at UnityEditor.EditorAssemblies.ProcessInitializeOnLoadMethodAttributes () [0x00087] in /Users/bokken/build/output/unity/unity/Editor/Mono/EditorAssemblies.cs:152 
UnityEngine.Debug:ExtractStackTraceNoAlloc (byte*,int,string)
UnityEngine.StackTraceUtility:ExtractStackTrace () (at /Users/bokken/build/output/unity/unity/Runtime/Export/Scripting/StackTrace.cs:35)
UnityEngine.DebugLogHandler:Internal_Log (UnityEngine.LogType,UnityEngine.LogOption,string,UnityEngine.Object)
UnityEngine.DebugLogHandler:LogFormat (UnityEngine.LogType,UnityEngine.Object,string,object[])
UnityEngine.Logger:Log (UnityEngine.LogType,object)
UnityEngine.Debug:LogError (object)
UnityEditor.EditorAssemblies:ProcessInitializeOnLoadMethodAttributes () (at /Users/bokken/build/output/unity/unity/Editor/Mono/EditorAssemblies.cs:156)

(Filename: /Users/bokken/build/output/unity/unity/Editor/Mono/EditorAssemblies.cs Line: 156)

Mono: successfully reloaded assembly
- Finished resetting the current domain, in  0.656 seconds
Domain Reload Profiling: 2171ms
	BeginReloadAssembly (809ms)
		ExecutionOrderSort (0ms)
		DisableScriptedObjects (97ms)
		BackupInstance (0ms)
		ReleaseScriptingObjects (1ms)
		CreateAndSetChildDomain (235ms)
	RebuildCommonClasses (36ms)
	RebuildNativeTypeToScriptingClass (11ms)
	initialDomainReloadingComplete (39ms)
	LoadAllAssembliesAndSetupDomain (620ms)
		LoadAssemblies (665ms)
		RebuildTransferFunctionScriptingTraits (0ms)
		AnalyzeDomain (232ms)
			TypeCache.Refresh (26ms)
				TypeCache.ScanAssembly (1ms)
			BuildScriptInfoCaches (194ms)
			ResolveRequiredComponents (10ms)
	FinalizeReload (656ms)
		ReleaseScriptCaches (0ms)
		RebuildScriptCaches (0ms)
		SetupLoadedEditorAssemblies (519ms)
			LogAssemblyErrors (0ms)
			InitializePlatformSupportModulesInManaged (2ms)
			SetLoadedEditorAssemblies (4ms)
			BeforeProcessingInitializeOnLoad (111ms)
			ProcessInitializeOnLoadAttributes (295ms)
			ProcessInitializeOnLoadMethodAttributes (106ms)
			AfterProcessingInitializeOnLoad (1ms)
			EditorAssembliesLoaded (0ms)
		ExecutionOrderSort2 (0ms)
		AwakeInstancesAfterBackupRestoration (18ms)
WARNING: Shader Unsupported: 'Universal Render Pipeline/VR/SpatialMapping/Wireframe' - All subshaders removed
WARNING: Shader Did you use #pragma only_renderers and omit this platform?
WARNING: Shader If subshaders removal was intentional, you may have forgotten turning Fallback off?
WARNING: Shader Unsupported: 'Universal Render Pipeline/VR/SpatialMapping/Wireframe' - All subshaders removed
WARNING: Shader Did you use #pragma only_renderers and omit this platform?
WARNING: Shader If subshaders removal was intentional, you may have forgotten turning Fallback off?
Refreshing native plugins compatible for Editor in 1.06 ms, found 4 plugins.
Preloading 0 native plugins for Editor in 0.00 ms.
Unloading 14 Unused Serialized files (Serialized files now loaded: 0)
Unloading 7014 unused Assets / (5.9 MB). Loaded Objects now: 7872.
Memory consumption went from 150.9 MB to 144.9 MB.
Total: 11.685834 ms (FindLiveObjects: 0.503917 ms CreateObjectMapping: 0.296166 ms MarkObjects: 6.497542 ms  DeleteObjects: 4.387375 ms)

Prepare: number of updated asset objects reloaded= 0
========================================================================
Received Prepare
Begin MonoManager ReloadAssembly
Thread 0x16ded7000 may have been prematurely finalized
Symbol file LoadedFromMemory is not a mono symbol file
- Loaded All Assemblies, in  1.664 seconds
'Assets/Photon/Fusion/Runtime/Fusion.Unity.cs' contains partial class of Unity.Object, exactly 1 of the partial classes needs to be in a file with the same filename. This is to know the one that can be referenced from ie. GameObjects
'Assets/Photon/Fusion/Runtime/Fusion.Unity.cs' contains partial class of Unity.Object, exactly 1 of the partial classes needs to be in a file with the same filename. This is to know the one that can be referenced from ie. GameObjects
Refreshing native plugins compatible for Editor in 1.42 ms, found 4 plugins.
Native extension for OSXStandalone target not found
System.Reflection.TargetInvocationException: Exception has been thrown by the target of an invocation. ---> System.NullReferenceException: Object reference not set to an instance of an object
  at Unity.Multiplayer.Playmode.Workflow.Editor.ProjectDataStore..ctor (System.String directory) [0x0006e] in ./Library/PackageCache/com.unity.multiplayer.playmode@3acaa705f0f9/Workflow/Editor/Configuration/ProjectDataStore.cs:55 
  at Unity.Multiplayer.Playmode.Workflow.Editor.ProjectDataStore.GetMain () [0x00000] in ./Library/PackageCache/com.unity.multiplayer.playmode@3acaa705f0f9/Workflow/Editor/Configuration/ProjectDataStore.cs:36 
  at Unity.Multiplayer.Playmode.Workflow.Editor.WorkflowMainEditorContext..ctor (Unity.Multiplayer.Playmode.VirtualProjects.Editor.MainEditorContext mainEditorContext) [0x0002c] in ./Library/PackageCache/com.unity.multiplayer.playmode@3acaa705f0f9/Workflow/Editor/Contexts/WorkflowMainEditorContext.cs:15 
  at Unity.Multiplayer.Playmode.Workflow.Editor.VirtualProjectWorkflow.InitializeMPPMContexts () [0x00018] in ./Library/PackageCache/com.unity.multiplayer.playmode@3acaa705f0f9/Workflow/Editor/Workflow/VirtualProjectWorkflow.cs:204 
  at Unity.Multiplayer.Playmode.Workflow.Editor.VirtualProjectWorkflow+<>c.<.cctor>b__22_0 () [0x00036] in ./Library/PackageCache/com.unity.multiplayer.playmode@3acaa705f0f9/Workflow/Editor/Workflow/VirtualProjectWorkflow.cs:85 
  at Unity.Multiplayer.Playmode.VirtualProjects.Editor.EditorContexts.SendReadyEvent () [0x00038] in ./Library/PackageCache/com.unity.multiplayer.playmode@3acaa705f0f9/VirtualProjects/Editor/Contexts/EditorContexts.cs:56 
  at (wrapper managed-to-native) System.Reflection.RuntimeMethodInfo.InternalInvoke(System.Reflection.RuntimeMethodInfo,object,object[],System.Exception&)
  at System.Reflection.RuntimeMethodInfo.Invoke (System.Object obj, System.Reflection.BindingFlags invokeAttr, System.Reflection.Binder binder, System.Object[] parameters, System.Globalization.CultureInfo culture) [0x0006a] in <c0ef40ba0fc84b3b8725b73e9957d1b5>:0 
   --- End of inner exception stack trace ---
  at System.Reflection.RuntimeMethodInfo.Invoke (System.Object obj, System.Reflection.BindingFlags invokeAttr, System.Reflection.Binder binder, System.Object[] parameters, System.Globalization.CultureInfo culture) [0x00083] in <c0ef40ba0fc84b3b8725b73e9957d1b5>:0 
  at System.Reflection.MethodBase.Invoke (System.Object obj, System.Object[] parameters) [0x00000] in <c0ef40ba0fc84b3b8725b73e9957d1b5>:0 
  at UnityEditor.EditorAssemblies.ProcessInitializeOnLoadMethodAttributes () [0x00087] in /Users/bokken/build/output/unity/unity/Editor/Mono/EditorAssemblies.cs:152 
UnityEngine.Debug:ExtractStackTraceNoAlloc (byte*,int,string)
UnityEngine.StackTraceUtility:ExtractStackTrace () (at /Users/bokken/build/output/unity/unity/Runtime/Export/Scripting/StackTrace.cs:35)
UnityEngine.DebugLogHandler:Internal_Log (UnityEngine.LogType,UnityEngine.LogOption,string,UnityEngine.Object)
UnityEngine.DebugLogHandler:LogFormat (UnityEngine.LogType,UnityEngine.Object,string,object[])
UnityEngine.Logger:Log (UnityEngine.LogType,object)
UnityEngine.Debug:LogError (object)
UnityEditor.EditorAssemblies:ProcessInitializeOnLoadMethodAttributes () (at /Users/bokken/build/output/unity/unity/Editor/Mono/EditorAssemblies.cs:156)

(Filename: /Users/bokken/build/output/unity/unity/Editor/Mono/EditorAssemblies.cs Line: 156)

Mono: successfully reloaded assembly
- Finished resetting the current domain, in  0.849 seconds
Domain Reload Profiling: 2517ms
	BeginReloadAssembly (739ms)
		ExecutionOrderSort (0ms)
		DisableScriptedObjects (70ms)
		BackupInstance (0ms)
		ReleaseScriptingObjects (0ms)
		CreateAndSetChildDomain (239ms)
	RebuildCommonClasses (50ms)
	RebuildNativeTypeToScriptingClass (15ms)
	initialDomainReloadingComplete (42ms)
	LoadAllAssembliesAndSetupDomain (821ms)
		LoadAssemblies (748ms)
		RebuildTransferFunctionScriptingTraits (0ms)
		AnalyzeDomain (339ms)
			TypeCache.Refresh (32ms)
				TypeCache.ScanAssembly (2ms)
			BuildScriptInfoCaches (292ms)
			ResolveRequiredComponents (11ms)
	FinalizeReload (849ms)
		ReleaseScriptCaches (0ms)
		RebuildScriptCaches (0ms)
		SetupLoadedEditorAssemblies (681ms)
			LogAssemblyErrors (0ms)
			InitializePlatformSupportModulesInManaged (1ms)
			SetLoadedEditorAssemblies (5ms)
			BeforeProcessingInitializeOnLoad (155ms)
			ProcessInitializeOnLoadAttributes (393ms)
			ProcessInitializeOnLoadMethodAttributes (125ms)
			AfterProcessingInitializeOnLoad (1ms)
			EditorAssembliesLoaded (1ms)
		ExecutionOrderSort2 (0ms)
		AwakeInstancesAfterBackupRestoration (21ms)
WARNING: Shader Unsupported: 'Universal Render Pipeline/VR/SpatialMapping/Wireframe' - All subshaders removed
WARNING: Shader Did you use #pragma only_renderers and omit this platform?
WARNING: Shader If subshaders removal was intentional, you may have forgotten turning Fallback off?
WARNING: Shader Unsupported: 'Universal Render Pipeline/VR/SpatialMapping/Wireframe' - All subshaders removed
WARNING: Shader Did you use #pragma only_renderers and omit this platform?
WARNING: Shader If subshaders removal was intentional, you may have forgotten turning Fallback off?
Refreshing native plugins compatible for Editor in 1.16 ms, found 4 plugins.
Preloading 0 native plugins for Editor in 0.00 ms.
Unloading 14 Unused Serialized files (Serialized files now loaded: 0)
Unloading 7014 unused Assets / (4.4 MB). Loaded Objects now: 7874.
Memory consumption went from 150.9 MB to 146.5 MB.
Total: 18.827417 ms (FindLiveObjects: 0.907666 ms CreateObjectMapping: 0.438750 ms MarkObjects: 11.489625 ms  DeleteObjects: 5.990583 ms)

Prepare: number of updated asset objects reloaded= 0
========================================================================
Received Prepare
Begin MonoManager ReloadAssembly
Thread 0x16ded7000 may have been prematurely finalized
Symbol file LoadedFromMemory is not a mono symbol file
- Loaded All Assemblies, in  1.266 seconds
'Assets/Photon/Fusion/Runtime/Fusion.Unity.cs' contains partial class of Unity.Object, exactly 1 of the partial classes needs to be in a file with the same filename. This is to know the one that can be referenced from ie. GameObjects
'Assets/Photon/Fusion/Runtime/Fusion.Unity.cs' contains partial class of Unity.Object, exactly 1 of the partial classes needs to be in a file with the same filename. This is to know the one that can be referenced from ie. GameObjects
Refreshing native plugins compatible for Editor in 6.06 ms, found 4 plugins.
Native extension for OSXStandalone target not found
System.Reflection.TargetInvocationException: Exception has been thrown by the target of an invocation. ---> System.NullReferenceException: Object reference not set to an instance of an object
  at Unity.Multiplayer.Playmode.Workflow.Editor.ProjectDataStore..ctor (System.String directory) [0x0006e] in ./Library/PackageCache/com.unity.multiplayer.playmode@3acaa705f0f9/Workflow/Editor/Configuration/ProjectDataStore.cs:55 
  at Unity.Multiplayer.Playmode.Workflow.Editor.ProjectDataStore.GetMain () [0x00000] in ./Library/PackageCache/com.unity.multiplayer.playmode@3acaa705f0f9/Workflow/Editor/Configuration/ProjectDataStore.cs:36 
  at Unity.Multiplayer.Playmode.Workflow.Editor.WorkflowMainEditorContext..ctor (Unity.Multiplayer.Playmode.VirtualProjects.Editor.MainEditorContext mainEditorContext) [0x0002c] in ./Library/PackageCache/com.unity.multiplayer.playmode@3acaa705f0f9/Workflow/Editor/Contexts/WorkflowMainEditorContext.cs:15 
  at Unity.Multiplayer.Playmode.Workflow.Editor.VirtualProjectWorkflow.InitializeMPPMContexts () [0x00018] in ./Library/PackageCache/com.unity.multiplayer.playmode@3acaa705f0f9/Workflow/Editor/Workflow/VirtualProjectWorkflow.cs:204 
  at Unity.Multiplayer.Playmode.Workflow.Editor.VirtualProjectWorkflow+<>c.<.cctor>b__22_0 () [0x00036] in ./Library/PackageCache/com.unity.multiplayer.playmode@3acaa705f0f9/Workflow/Editor/Workflow/VirtualProjectWorkflow.cs:85 
  at Unity.Multiplayer.Playmode.VirtualProjects.Editor.EditorContexts.SendReadyEvent () [0x00038] in ./Library/PackageCache/com.unity.multiplayer.playmode@3acaa705f0f9/VirtualProjects/Editor/Contexts/EditorContexts.cs:56 
  at (wrapper managed-to-native) System.Reflection.RuntimeMethodInfo.InternalInvoke(System.Reflection.RuntimeMethodInfo,object,object[],System.Exception&)
  at System.Reflection.RuntimeMethodInfo.Invoke (System.Object obj, System.Reflection.BindingFlags invokeAttr, System.Reflection.Binder binder, System.Object[] parameters, System.Globalization.CultureInfo culture) [0x0006a] in <c0ef40ba0fc84b3b8725b73e9957d1b5>:0 
   --- End of inner exception stack trace ---
  at System.Reflection.RuntimeMethodInfo.Invoke (System.Object obj, System.Reflection.BindingFlags invokeAttr, System.Reflection.Binder binder, System.Object[] parameters, System.Globalization.CultureInfo culture) [0x00083] in <c0ef40ba0fc84b3b8725b73e9957d1b5>:0 
  at System.Reflection.MethodBase.Invoke (System.Object obj, System.Object[] parameters) [0x00000] in <c0ef40ba0fc84b3b8725b73e9957d1b5>:0 
  at UnityEditor.EditorAssemblies.ProcessInitializeOnLoadMethodAttributes () [0x00087] in /Users/bokken/build/output/unity/unity/Editor/Mono/EditorAssemblies.cs:152 
UnityEngine.Debug:ExtractStackTraceNoAlloc (byte*,int,string)
UnityEngine.StackTraceUtility:ExtractStackTrace () (at /Users/bokken/build/output/unity/unity/Runtime/Export/Scripting/StackTrace.cs:35)
UnityEngine.DebugLogHandler:Internal_Log (UnityEngine.LogType,UnityEngine.LogOption,string,UnityEngine.Object)
UnityEngine.DebugLogHandler:LogFormat (UnityEngine.LogType,UnityEngine.Object,string,object[])
UnityEngine.Logger:Log (UnityEngine.LogType,object)
UnityEngine.Debug:LogError (object)
UnityEditor.EditorAssemblies:ProcessInitializeOnLoadMethodAttributes () (at /Users/bokken/build/output/unity/unity/Editor/Mono/EditorAssemblies.cs:156)

(Filename: /Users/bokken/build/output/unity/unity/Editor/Mono/EditorAssemblies.cs Line: 156)

Mono: successfully reloaded assembly
- Finished resetting the current domain, in  0.829 seconds
Domain Reload Profiling: 2099ms
	BeginReloadAssembly (366ms)
		ExecutionOrderSort (0ms)
		DisableScriptedObjects (35ms)
		BackupInstance (0ms)
		ReleaseScriptingObjects (0ms)
		CreateAndSetChildDomain (161ms)
	RebuildCommonClasses (37ms)
	RebuildNativeTypeToScriptingClass (22ms)
	initialDomainReloadingComplete (39ms)
	LoadAllAssembliesAndSetupDomain (805ms)
		LoadAssemblies (539ms)
		RebuildTransferFunctionScriptingTraits (0ms)
		AnalyzeDomain (354ms)
			TypeCache.Refresh (38ms)
				TypeCache.ScanAssembly (0ms)
			BuildScriptInfoCaches (290ms)
			ResolveRequiredComponents (19ms)
	FinalizeReload (829ms)
		ReleaseScriptCaches (0ms)
		RebuildScriptCaches (0ms)
		SetupLoadedEditorAssemblies (651ms)
			LogAssemblyErrors (0ms)
			InitializePlatformSupportModulesInManaged (2ms)
			SetLoadedEditorAssemblies (5ms)
			BeforeProcessingInitializeOnLoad (147ms)
			ProcessInitializeOnLoadAttributes (358ms)
			ProcessInitializeOnLoadMethodAttributes (137ms)
			AfterProcessingInitializeOnLoad (1ms)
			EditorAssembliesLoaded (1ms)
		ExecutionOrderSort2 (0ms)
		AwakeInstancesAfterBackupRestoration (21ms)
WARNING: Shader Unsupported: 'Universal Render Pipeline/VR/SpatialMapping/Wireframe' - All subshaders removed
WARNING: Shader Did you use #pragma only_renderers and omit this platform?
WARNING: Shader If subshaders removal was intentional, you may have forgotten turning Fallback off?
WARNING: Shader Unsupported: 'Universal Render Pipeline/VR/SpatialMapping/Wireframe' - All subshaders removed
WARNING: Shader Did you use #pragma only_renderers and omit this platform?
WARNING: Shader If subshaders removal was intentional, you may have forgotten turning Fallback off?
Refreshing native plugins compatible for Editor in 1.37 ms, found 4 plugins.
Preloading 0 native plugins for Editor in 0.00 ms.
Unloading 14 Unused Serialized files (Serialized files now loaded: 0)
Unloading 7015 unused Assets / (2.7 MB). Loaded Objects now: 7877.
Memory consumption went from 151.0 MB to 148.3 MB.
Total: 16.440042 ms (FindLiveObjects: 1.740041 ms CreateObjectMapping: 0.546042 ms MarkObjects: 10.721917 ms  DeleteObjects: 3.431084 ms)

Prepare: number of updated asset objects reloaded= 0
========================================================================
Received Prepare
Begin MonoManager ReloadAssembly
Thread 0x16ded7000 may have been prematurely finalized
Symbol file LoadedFromMemory is not a mono symbol file
- Loaded All Assemblies, in  1.117 seconds
'Assets/Photon/Fusion/Runtime/Fusion.Unity.cs' contains partial class of Unity.Object, exactly 1 of the partial classes needs to be in a file with the same filename. This is to know the one that can be referenced from ie. GameObjects
'Assets/Photon/Fusion/Runtime/Fusion.Unity.cs' contains partial class of Unity.Object, exactly 1 of the partial classes needs to be in a file with the same filename. This is to know the one that can be referenced from ie. GameObjects
Refreshing native plugins compatible for Editor in 1.13 ms, found 4 plugins.
Native extension for OSXStandalone target not found
System.Reflection.TargetInvocationException: Exception has been thrown by the target of an invocation. ---> System.NullReferenceException: Object reference not set to an instance of an object
  at Unity.Multiplayer.Playmode.Workflow.Editor.ProjectDataStore..ctor (System.String directory) [0x0006e] in ./Library/PackageCache/com.unity.multiplayer.playmode@3acaa705f0f9/Workflow/Editor/Configuration/ProjectDataStore.cs:55 
  at Unity.Multiplayer.Playmode.Workflow.Editor.ProjectDataStore.GetMain () [0x00000] in ./Library/PackageCache/com.unity.multiplayer.playmode@3acaa705f0f9/Workflow/Editor/Configuration/ProjectDataStore.cs:36 
  at Unity.Multiplayer.Playmode.Workflow.Editor.WorkflowMainEditorContext..ctor (Unity.Multiplayer.Playmode.VirtualProjects.Editor.MainEditorContext mainEditorContext) [0x0002c] in ./Library/PackageCache/com.unity.multiplayer.playmode@3acaa705f0f9/Workflow/Editor/Contexts/WorkflowMainEditorContext.cs:15 
  at Unity.Multiplayer.Playmode.Workflow.Editor.VirtualProjectWorkflow.InitializeMPPMContexts () [0x00018] in ./Library/PackageCache/com.unity.multiplayer.playmode@3acaa705f0f9/Workflow/Editor/Workflow/VirtualProjectWorkflow.cs:204 
  at Unity.Multiplayer.Playmode.Workflow.Editor.VirtualProjectWorkflow+<>c.<.cctor>b__22_0 () [0x00036] in ./Library/PackageCache/com.unity.multiplayer.playmode@3acaa705f0f9/Workflow/Editor/Workflow/VirtualProjectWorkflow.cs:85 
  at Unity.Multiplayer.Playmode.VirtualProjects.Editor.EditorContexts.SendReadyEvent () [0x00038] in ./Library/PackageCache/com.unity.multiplayer.playmode@3acaa705f0f9/VirtualProjects/Editor/Contexts/EditorContexts.cs:56 
  at (wrapper managed-to-native) System.Reflection.RuntimeMethodInfo.InternalInvoke(System.Reflection.RuntimeMethodInfo,object,object[],System.Exception&)
  at System.Reflection.RuntimeMethodInfo.Invoke (System.Object obj, System.Reflection.BindingFlags invokeAttr, System.Reflection.Binder binder, System.Object[] parameters, System.Globalization.CultureInfo culture) [0x0006a] in <c0ef40ba0fc84b3b8725b73e9957d1b5>:0 
   --- End of inner exception stack trace ---
  at System.Reflection.RuntimeMethodInfo.Invoke (System.Object obj, System.Reflection.BindingFlags invokeAttr, System.Reflection.Binder binder, System.Object[] parameters, System.Globalization.CultureInfo culture) [0x00083] in <c0ef40ba0fc84b3b8725b73e9957d1b5>:0 
  at System.Reflection.MethodBase.Invoke (System.Object obj, System.Object[] parameters) [0x00000] in <c0ef40ba0fc84b3b8725b73e9957d1b5>:0 
  at UnityEditor.EditorAssemblies.ProcessInitializeOnLoadMethodAttributes () [0x00087] in /Users/bokken/build/output/unity/unity/Editor/Mono/EditorAssemblies.cs:152 
UnityEngine.Debug:ExtractStackTraceNoAlloc (byte*,int,string)
UnityEngine.StackTraceUtility:ExtractStackTrace () (at /Users/bokken/build/output/unity/unity/Runtime/Export/Scripting/StackTrace.cs:35)
UnityEngine.DebugLogHandler:Internal_Log (UnityEngine.LogType,UnityEngine.LogOption,string,UnityEngine.Object)
UnityEngine.DebugLogHandler:LogFormat (UnityEngine.LogType,UnityEngine.Object,string,object[])
UnityEngine.Logger:Log (UnityEngine.LogType,object)
UnityEngine.Debug:LogError (object)
UnityEditor.EditorAssemblies:ProcessInitializeOnLoadMethodAttributes () (at /Users/bokken/build/output/unity/unity/Editor/Mono/EditorAssemblies.cs:156)

(Filename: /Users/bokken/build/output/unity/unity/Editor/Mono/EditorAssemblies.cs Line: 156)

Mono: successfully reloaded assembly
- Finished resetting the current domain, in  0.949 seconds
Domain Reload Profiling: 2069ms
	BeginReloadAssembly (329ms)
		ExecutionOrderSort (0ms)
		DisableScriptedObjects (35ms)
		BackupInstance (0ms)
		ReleaseScriptingObjects (0ms)
		CreateAndSetChildDomain (155ms)
	RebuildCommonClasses (43ms)
	RebuildNativeTypeToScriptingClass (15ms)
	initialDomainReloadingComplete (45ms)
	LoadAllAssembliesAndSetupDomain (687ms)
		LoadAssemblies (448ms)
		RebuildTransferFunctionScriptingTraits (0ms)
		AnalyzeDomain (290ms)
			TypeCache.Refresh (19ms)
				TypeCache.ScanAssembly (0ms)
			BuildScriptInfoCaches (257ms)
			ResolveRequiredComponents (11ms)
	FinalizeReload (950ms)
		ReleaseScriptCaches (0ms)
		RebuildScriptCaches (0ms)
		SetupLoadedEditorAssemblies (782ms)
			LogAssemblyErrors (0ms)
			InitializePlatformSupportModulesInManaged (1ms)
			SetLoadedEditorAssemblies (4ms)
			BeforeProcessingInitializeOnLoad (154ms)
			ProcessInitializeOnLoadAttributes (426ms)
			ProcessInitializeOnLoadMethodAttributes (194ms)
			AfterProcessingInitializeOnLoad (1ms)
			EditorAssembliesLoaded (1ms)
		ExecutionOrderSort2 (0ms)
		AwakeInstancesAfterBackupRestoration (30ms)
WARNING: Shader Unsupported: 'Universal Render Pipeline/VR/SpatialMapping/Wireframe' - All subshaders removed
WARNING: Shader Did you use #pragma only_renderers and omit this platform?
WARNING: Shader If subshaders removal was intentional, you may have forgotten turning Fallback off?
WARNING: Shader Unsupported: 'Universal Render Pipeline/VR/SpatialMapping/Wireframe' - All subshaders removed
WARNING: Shader Did you use #pragma only_renderers and omit this platform?
WARNING: Shader If subshaders removal was intentional, you may have forgotten turning Fallback off?
Refreshing native plugins compatible for Editor in 1.32 ms, found 4 plugins.
Preloading 0 native plugins for Editor in 0.00 ms.
Unloading 14 Unused Serialized files (Serialized files now loaded: 0)
Unloading 7015 unused Assets / (3.4 MB). Loaded Objects now: 7879.
Memory consumption went from 151.0 MB to 147.7 MB.
Total: 13.346750 ms (FindLiveObjects: 0.622417 ms CreateObjectMapping: 0.527333 ms MarkObjects: 7.047125 ms  DeleteObjects: 5.148500 ms)

Prepare: number of updated asset objects reloaded= 0
========================================================================
Received Prepare
Begin MonoManager ReloadAssembly
Thread 0x16ded7000 may have been prematurely finalized
Symbol file LoadedFromMemory is not a mono symbol file
- Loaded All Assemblies, in  1.462 seconds
'Assets/Photon/Fusion/Runtime/Fusion.Unity.cs' contains partial class of Unity.Object, exactly 1 of the partial classes needs to be in a file with the same filename. This is to know the one that can be referenced from ie. GameObjects
'Assets/Photon/Fusion/Runtime/Fusion.Unity.cs' contains partial class of Unity.Object, exactly 1 of the partial classes needs to be in a file with the same filename. This is to know the one that can be referenced from ie. GameObjects
Refreshing native plugins compatible for Editor in 9.92 ms, found 4 plugins.
Native extension for OSXStandalone target not found
System.Reflection.TargetInvocationException: Exception has been thrown by the target of an invocation. ---> System.NullReferenceException: Object reference not set to an instance of an object
  at Unity.Multiplayer.Playmode.Workflow.Editor.ProjectDataStore..ctor (System.String directory) [0x0006e] in ./Library/PackageCache/com.unity.multiplayer.playmode@3acaa705f0f9/Workflow/Editor/Configuration/ProjectDataStore.cs:55 
  at Unity.Multiplayer.Playmode.Workflow.Editor.ProjectDataStore.GetMain () [0x00000] in ./Library/PackageCache/com.unity.multiplayer.playmode@3acaa705f0f9/Workflow/Editor/Configuration/ProjectDataStore.cs:36 
  at Unity.Multiplayer.Playmode.Workflow.Editor.WorkflowMainEditorContext..ctor (Unity.Multiplayer.Playmode.VirtualProjects.Editor.MainEditorContext mainEditorContext) [0x0002c] in ./Library/PackageCache/com.unity.multiplayer.playmode@3acaa705f0f9/Workflow/Editor/Contexts/WorkflowMainEditorContext.cs:15 
  at Unity.Multiplayer.Playmode.Workflow.Editor.VirtualProjectWorkflow.InitializeMPPMContexts () [0x00018] in ./Library/PackageCache/com.unity.multiplayer.playmode@3acaa705f0f9/Workflow/Editor/Workflow/VirtualProjectWorkflow.cs:204 
  at Unity.Multiplayer.Playmode.Workflow.Editor.VirtualProjectWorkflow+<>c.<.cctor>b__22_0 () [0x00036] in ./Library/PackageCache/com.unity.multiplayer.playmode@3acaa705f0f9/Workflow/Editor/Workflow/VirtualProjectWorkflow.cs:85 
  at Unity.Multiplayer.Playmode.VirtualProjects.Editor.EditorContexts.SendReadyEvent () [0x00038] in ./Library/PackageCache/com.unity.multiplayer.playmode@3acaa705f0f9/VirtualProjects/Editor/Contexts/EditorContexts.cs:56 
  at (wrapper managed-to-native) System.Reflection.RuntimeMethodInfo.InternalInvoke(System.Reflection.RuntimeMethodInfo,object,object[],System.Exception&)
  at System.Reflection.RuntimeMethodInfo.Invoke (System.Object obj, System.Reflection.BindingFlags invokeAttr, System.Reflection.Binder binder, System.Object[] parameters, System.Globalization.CultureInfo culture) [0x0006a] in <c0ef40ba0fc84b3b8725b73e9957d1b5>:0 
   --- End of inner exception stack trace ---
  at System.Reflection.RuntimeMethodInfo.Invoke (System.Object obj, System.Reflection.BindingFlags invokeAttr, System.Reflection.Binder binder, System.Object[] parameters, System.Globalization.CultureInfo culture) [0x00083] in <c0ef40ba0fc84b3b8725b73e9957d1b5>:0 
  at System.Reflection.MethodBase.Invoke (System.Object obj, System.Object[] parameters) [0x00000] in <c0ef40ba0fc84b3b8725b73e9957d1b5>:0 
  at UnityEditor.EditorAssemblies.ProcessInitializeOnLoadMethodAttributes () [0x00087] in /Users/bokken/build/output/unity/unity/Editor/Mono/EditorAssemblies.cs:152 
UnityEngine.Debug:ExtractStackTraceNoAlloc (byte*,int,string)
UnityEngine.StackTraceUtility:ExtractStackTrace () (at /Users/bokken/build/output/unity/unity/Runtime/Export/Scripting/StackTrace.cs:35)
UnityEngine.DebugLogHandler:Internal_Log (UnityEngine.LogType,UnityEngine.LogOption,string,UnityEngine.Object)
UnityEngine.DebugLogHandler:LogFormat (UnityEngine.LogType,UnityEngine.Object,string,object[])
UnityEngine.Logger:Log (UnityEngine.LogType,object)
UnityEngine.Debug:LogError (object)
UnityEditor.EditorAssemblies:ProcessInitializeOnLoadMethodAttributes () (at /Users/bokken/build/output/unity/unity/Editor/Mono/EditorAssemblies.cs:156)

(Filename: /Users/bokken/build/output/unity/unity/Editor/Mono/EditorAssemblies.cs Line: 156)

Mono: successfully reloaded assembly
- Finished resetting the current domain, in  0.816 seconds
Domain Reload Profiling: 2285ms
	BeginReloadAssembly (403ms)
		ExecutionOrderSort (0ms)
		DisableScriptedObjects (33ms)
		BackupInstance (0ms)
		ReleaseScriptingObjects (1ms)
		CreateAndSetChildDomain (183ms)
	RebuildCommonClasses (36ms)
	RebuildNativeTypeToScriptingClass (14ms)
	initialDomainReloadingComplete (29ms)
	LoadAllAssembliesAndSetupDomain (988ms)
		LoadAssemblies (628ms)
		RebuildTransferFunctionScriptingTraits (0ms)
		AnalyzeDomain (452ms)
			TypeCache.Refresh (32ms)
				TypeCache.ScanAssembly (0ms)
			BuildScriptInfoCaches (381ms)
			ResolveRequiredComponents (25ms)
	FinalizeReload (816ms)
		ReleaseScriptCaches (0ms)
		RebuildScriptCaches (0ms)
		SetupLoadedEditorAssemblies (640ms)
			LogAssemblyErrors (1ms)
			InitializePlatformSupportModulesInManaged (4ms)
			SetLoadedEditorAssemblies (10ms)
			BeforeProcessingInitializeOnLoad (141ms)
			ProcessInitializeOnLoadAttributes (354ms)
			ProcessInitializeOnLoadMethodAttributes (129ms)
			AfterProcessingInitializeOnLoad (1ms)
			EditorAssembliesLoaded (1ms)
		ExecutionOrderSort2 (0ms)
		AwakeInstancesAfterBackupRestoration (21ms)
WARNING: Shader Unsupported: 'Universal Render Pipeline/VR/SpatialMapping/Wireframe' - All subshaders removed
WARNING: Shader Did you use #pragma only_renderers and omit this platform?
WARNING: Shader If subshaders removal was intentional, you may have forgotten turning Fallback off?
WARNING: Shader Unsupported: 'Universal Render Pipeline/VR/SpatialMapping/Wireframe' - All subshaders removed
WARNING: Shader Did you use #pragma only_renderers and omit this platform?
WARNING: Shader If subshaders removal was intentional, you may have forgotten turning Fallback off?
Refreshing native plugins compatible for Editor in 1.11 ms, found 4 plugins.
Preloading 0 native plugins for Editor in 0.00 ms.
Unloading 14 Unused Serialized files (Serialized files now loaded: 0)
Unloading 7015 unused Assets / (4.8 MB). Loaded Objects now: 7881.
Memory consumption went from 151.1 MB to 146.3 MB.
Total: 37.269041 ms (FindLiveObjects: 1.051708 ms CreateObjectMapping: 0.560625 ms MarkObjects: 31.065709 ms  DeleteObjects: 4.589667 ms)

Prepare: number of updated asset objects reloaded= 0
========================================================================
Received Prepare
Begin MonoManager ReloadAssembly
Thread 0x16ded7000 may have been prematurely finalized
Symbol file LoadedFromMemory is not a mono symbol file
- Loaded All Assemblies, in  1.292 seconds
'Assets/Photon/Fusion/Runtime/Fusion.Unity.cs' contains partial class of Unity.Object, exactly 1 of the partial classes needs to be in a file with the same filename. This is to know the one that can be referenced from ie. GameObjects
'Assets/Photon/Fusion/Runtime/Fusion.Unity.cs' contains partial class of Unity.Object, exactly 1 of the partial classes needs to be in a file with the same filename. This is to know the one that can be referenced from ie. GameObjects
Refreshing native plugins compatible for Editor in 3.23 ms, found 4 plugins.
Native extension for OSXStandalone target not found
System.Reflection.TargetInvocationException: Exception has been thrown by the target of an invocation. ---> System.NullReferenceException: Object reference not set to an instance of an object
  at Unity.Multiplayer.Playmode.Workflow.Editor.ProjectDataStore..ctor (System.String directory) [0x0006e] in ./Library/PackageCache/com.unity.multiplayer.playmode@3acaa705f0f9/Workflow/Editor/Configuration/ProjectDataStore.cs:55 
  at Unity.Multiplayer.Playmode.Workflow.Editor.ProjectDataStore.GetMain () [0x00000] in ./Library/PackageCache/com.unity.multiplayer.playmode@3acaa705f0f9/Workflow/Editor/Configuration/ProjectDataStore.cs:36 
  at Unity.Multiplayer.Playmode.Workflow.Editor.WorkflowMainEditorContext..ctor (Unity.Multiplayer.Playmode.VirtualProjects.Editor.MainEditorContext mainEditorContext) [0x0002c] in ./Library/PackageCache/com.unity.multiplayer.playmode@3acaa705f0f9/Workflow/Editor/Contexts/WorkflowMainEditorContext.cs:15 
  at Unity.Multiplayer.Playmode.Workflow.Editor.VirtualProjectWorkflow.InitializeMPPMContexts () [0x00018] in ./Library/PackageCache/com.unity.multiplayer.playmode@3acaa705f0f9/Workflow/Editor/Workflow/VirtualProjectWorkflow.cs:204 
  at Unity.Multiplayer.Playmode.Workflow.Editor.VirtualProjectWorkflow+<>c.<.cctor>b__22_0 () [0x00036] in ./Library/PackageCache/com.unity.multiplayer.playmode@3acaa705f0f9/Workflow/Editor/Workflow/VirtualProjectWorkflow.cs:85 
  at Unity.Multiplayer.Playmode.VirtualProjects.Editor.EditorContexts.SendReadyEvent () [0x00038] in ./Library/PackageCache/com.unity.multiplayer.playmode@3acaa705f0f9/VirtualProjects/Editor/Contexts/EditorContexts.cs:56 
  at (wrapper managed-to-native) System.Reflection.RuntimeMethodInfo.InternalInvoke(System.Reflection.RuntimeMethodInfo,object,object[],System.Exception&)
  at System.Reflection.RuntimeMethodInfo.Invoke (System.Object obj, System.Reflection.BindingFlags invokeAttr, System.Reflection.Binder binder, System.Object[] parameters, System.Globalization.CultureInfo culture) [0x0006a] in <c0ef40ba0fc84b3b8725b73e9957d1b5>:0 
   --- End of inner exception stack trace ---
  at System.Reflection.RuntimeMethodInfo.Invoke (System.Object obj, System.Reflection.BindingFlags invokeAttr, System.Reflection.Binder binder, System.Object[] parameters, System.Globalization.CultureInfo culture) [0x00083] in <c0ef40ba0fc84b3b8725b73e9957d1b5>:0 
  at System.Reflection.MethodBase.Invoke (System.Object obj, System.Object[] parameters) [0x00000] in <c0ef40ba0fc84b3b8725b73e9957d1b5>:0 
  at UnityEditor.EditorAssemblies.ProcessInitializeOnLoadMethodAttributes () [0x00087] in /Users/bokken/build/output/unity/unity/Editor/Mono/EditorAssemblies.cs:152 
UnityEngine.Debug:ExtractStackTraceNoAlloc (byte*,int,string)
UnityEngine.StackTraceUtility:ExtractStackTrace () (at /Users/bokken/build/output/unity/unity/Runtime/Export/Scripting/StackTrace.cs:35)
UnityEngine.DebugLogHandler:Internal_Log (UnityEngine.LogType,UnityEngine.LogOption,string,UnityEngine.Object)
UnityEngine.DebugLogHandler:LogFormat (UnityEngine.LogType,UnityEngine.Object,string,object[])
UnityEngine.Logger:Log (UnityEngine.LogType,object)
UnityEngine.Debug:LogError (object)
UnityEditor.EditorAssemblies:ProcessInitializeOnLoadMethodAttributes () (at /Users/bokken/build/output/unity/unity/Editor/Mono/EditorAssemblies.cs:156)

(Filename: /Users/bokken/build/output/unity/unity/Editor/Mono/EditorAssemblies.cs Line: 156)

Mono: successfully reloaded assembly
- Finished resetting the current domain, in  0.913 seconds
Domain Reload Profiling: 2207ms
	BeginReloadAssembly (406ms)
		ExecutionOrderSort (0ms)
		DisableScriptedObjects (41ms)
		BackupInstance (0ms)
		ReleaseScriptingObjects (1ms)
		CreateAndSetChildDomain (155ms)
	RebuildCommonClasses (56ms)
	RebuildNativeTypeToScriptingClass (19ms)
	initialDomainReloadingComplete (43ms)
	LoadAllAssembliesAndSetupDomain (771ms)
		LoadAssemblies (586ms)
		RebuildTransferFunctionScriptingTraits (0ms)
		AnalyzeDomain (296ms)
			TypeCache.Refresh (34ms)
				TypeCache.ScanAssembly (0ms)
			BuildScriptInfoCaches (248ms)
			ResolveRequiredComponents (10ms)
	FinalizeReload (913ms)
		ReleaseScriptCaches (0ms)
		RebuildScriptCaches (0ms)
		SetupLoadedEditorAssemblies (735ms)
			LogAssemblyErrors (0ms)
			InitializePlatformSupportModulesInManaged (1ms)
			SetLoadedEditorAssemblies (4ms)
			BeforeProcessingInitializeOnLoad (192ms)
			ProcessInitializeOnLoadAttributes (373ms)
			ProcessInitializeOnLoadMethodAttributes (162ms)
			AfterProcessingInitializeOnLoad (1ms)
			EditorAssembliesLoaded (1ms)
		ExecutionOrderSort2 (0ms)
		AwakeInstancesAfterBackupRestoration (28ms)
WARNING: Shader Unsupported: 'Universal Render Pipeline/VR/SpatialMapping/Wireframe' - All subshaders removed
WARNING: Shader Did you use #pragma only_renderers and omit this platform?
WARNING: Shader If subshaders removal was intentional, you may have forgotten turning Fallback off?
WARNING: Shader Unsupported: 'Universal Render Pipeline/VR/SpatialMapping/Wireframe' - All subshaders removed
WARNING: Shader Did you use #pragma only_renderers and omit this platform?
WARNING: Shader If subshaders removal was intentional, you may have forgotten turning Fallback off?
Refreshing native plugins compatible for Editor in 3.87 ms, found 4 plugins.
Preloading 0 native plugins for Editor in 0.00 ms.
Unloading 14 Unused Serialized files (Serialized files now loaded: 0)
Unloading 7015 unused Assets / (5.1 MB). Loaded Objects now: 7883.
Memory consumption went from 151.1 MB to 146.0 MB.
Total: 49.284708 ms (FindLiveObjects: 2.926625 ms CreateObjectMapping: 0.809375 ms MarkObjects: 34.619916 ms  DeleteObjects: 10.928000 ms)

Prepare: number of updated asset objects reloaded= 0
========================================================================
Received Prepare
Begin MonoManager ReloadAssembly
Thread 0x16ded7000 may have been prematurely finalized
Symbol file LoadedFromMemory is not a mono symbol file
- Loaded All Assemblies, in  1.736 seconds
'Assets/Photon/Fusion/Runtime/Fusion.Unity.cs' contains partial class of Unity.Object, exactly 1 of the partial classes needs to be in a file with the same filename. This is to know the one that can be referenced from ie. GameObjects
'Assets/Photon/Fusion/Runtime/Fusion.Unity.cs' contains partial class of Unity.Object, exactly 1 of the partial classes needs to be in a file with the same filename. This is to know the one that can be referenced from ie. GameObjects
Refreshing native plugins compatible for Editor in 2.35 ms, found 4 plugins.
Native extension for OSXStandalone target not found
System.Reflection.TargetInvocationException: Exception has been thrown by the target of an invocation. ---> System.NullReferenceException: Object reference not set to an instance of an object
  at Unity.Multiplayer.Playmode.Workflow.Editor.ProjectDataStore..ctor (System.String directory) [0x0006e] in ./Library/PackageCache/com.unity.multiplayer.playmode@3acaa705f0f9/Workflow/Editor/Configuration/ProjectDataStore.cs:55 
  at Unity.Multiplayer.Playmode.Workflow.Editor.ProjectDataStore.GetMain () [0x00000] in ./Library/PackageCache/com.unity.multiplayer.playmode@3acaa705f0f9/Workflow/Editor/Configuration/ProjectDataStore.cs:36 
  at Unity.Multiplayer.Playmode.Workflow.Editor.WorkflowMainEditorContext..ctor (Unity.Multiplayer.Playmode.VirtualProjects.Editor.MainEditorContext mainEditorContext) [0x0002c] in ./Library/PackageCache/com.unity.multiplayer.playmode@3acaa705f0f9/Workflow/Editor/Contexts/WorkflowMainEditorContext.cs:15 
  at Unity.Multiplayer.Playmode.Workflow.Editor.VirtualProjectWorkflow.InitializeMPPMContexts () [0x00018] in ./Library/PackageCache/com.unity.multiplayer.playmode@3acaa705f0f9/Workflow/Editor/Workflow/VirtualProjectWorkflow.cs:204 
  at Unity.Multiplayer.Playmode.Workflow.Editor.VirtualProjectWorkflow+<>c.<.cctor>b__22_0 () [0x00036] in ./Library/PackageCache/com.unity.multiplayer.playmode@3acaa705f0f9/Workflow/Editor/Workflow/VirtualProjectWorkflow.cs:85 
  at Unity.Multiplayer.Playmode.VirtualProjects.Editor.EditorContexts.SendReadyEvent () [0x00038] in ./Library/PackageCache/com.unity.multiplayer.playmode@3acaa705f0f9/VirtualProjects/Editor/Contexts/EditorContexts.cs:56 
  at (wrapper managed-to-native) System.Reflection.RuntimeMethodInfo.InternalInvoke(System.Reflection.RuntimeMethodInfo,object,object[],System.Exception&)
  at System.Reflection.RuntimeMethodInfo.Invoke (System.Object obj, System.Reflection.BindingFlags invokeAttr, System.Reflection.Binder binder, System.Object[] parameters, System.Globalization.CultureInfo culture) [0x0006a] in <c0ef40ba0fc84b3b8725b73e9957d1b5>:0 
   --- End of inner exception stack trace ---
  at System.Reflection.RuntimeMethodInfo.Invoke (System.Object obj, System.Reflection.BindingFlags invokeAttr, System.Reflection.Binder binder, System.Object[] parameters, System.Globalization.CultureInfo culture) [0x00083] in <c0ef40ba0fc84b3b8725b73e9957d1b5>:0 
  at System.Reflection.MethodBase.Invoke (System.Object obj, System.Object[] parameters) [0x00000] in <c0ef40ba0fc84b3b8725b73e9957d1b5>:0 
  at UnityEditor.EditorAssemblies.ProcessInitializeOnLoadMethodAttributes () [0x00087] in /Users/bokken/build/output/unity/unity/Editor/Mono/EditorAssemblies.cs:152 
UnityEngine.Debug:ExtractStackTraceNoAlloc (byte*,int,string)
UnityEngine.StackTraceUtility:ExtractStackTrace () (at /Users/bokken/build/output/unity/unity/Runtime/Export/Scripting/StackTrace.cs:35)
UnityEngine.DebugLogHandler:Internal_Log (UnityEngine.LogType,UnityEngine.LogOption,string,UnityEngine.Object)
UnityEngine.DebugLogHandler:LogFormat (UnityEngine.LogType,UnityEngine.Object,string,object[])
UnityEngine.Logger:Log (UnityEngine.LogType,object)
UnityEngine.Debug:LogError (object)
UnityEditor.EditorAssemblies:ProcessInitializeOnLoadMethodAttributes () (at /Users/bokken/build/output/unity/unity/Editor/Mono/EditorAssemblies.cs:156)

(Filename: /Users/bokken/build/output/unity/unity/Editor/Mono/EditorAssemblies.cs Line: 156)

Mono: successfully reloaded assembly
- Finished resetting the current domain, in  0.863 seconds
Domain Reload Profiling: 2605ms
	BeginReloadAssembly (775ms)
		ExecutionOrderSort (0ms)
		DisableScriptedObjects (72ms)
		BackupInstance (0ms)
		ReleaseScriptingObjects (1ms)
		CreateAndSetChildDomain (230ms)
	RebuildCommonClasses (56ms)
	RebuildNativeTypeToScriptingClass (17ms)
	initialDomainReloadingComplete (23ms)
	LoadAllAssembliesAndSetupDomain (871ms)
		LoadAssemblies (779ms)
		RebuildTransferFunctionScriptingTraits (0ms)
		AnalyzeDomain (392ms)
			TypeCache.Refresh (45ms)
				TypeCache.ScanAssembly (1ms)
			BuildScriptInfoCaches (323ms)
			ResolveRequiredComponents (14ms)
	FinalizeReload (863ms)
		ReleaseScriptCaches (0ms)
		RebuildScriptCaches (0ms)
		SetupLoadedEditorAssemblies (696ms)
			LogAssemblyErrors (0ms)
			InitializePlatformSupportModulesInManaged (2ms)
			SetLoadedEditorAssemblies (6ms)
			BeforeProcessingInitializeOnLoad (128ms)
			ProcessInitializeOnLoadAttributes (384ms)
			ProcessInitializeOnLoadMethodAttributes (173ms)
			AfterProcessingInitializeOnLoad (1ms)
			EditorAssembliesLoaded (1ms)
		ExecutionOrderSort2 (0ms)
		AwakeInstancesAfterBackupRestoration (31ms)
WARNING: Shader Unsupported: 'Universal Render Pipeline/VR/SpatialMapping/Wireframe' - All subshaders removed
WARNING: Shader Did you use #pragma only_renderers and omit this platform?
WARNING: Shader If subshaders removal was intentional, you may have forgotten turning Fallback off?
WARNING: Shader Unsupported: 'Universal Render Pipeline/VR/SpatialMapping/Wireframe' - All subshaders removed
WARNING: Shader Did you use #pragma only_renderers and omit this platform?
WARNING: Shader If subshaders removal was intentional, you may have forgotten turning Fallback off?
Refreshing native plugins compatible for Editor in 4.17 ms, found 4 plugins.
Preloading 0 native plugins for Editor in 0.00 ms.
Unloading 14 Unused Serialized files (Serialized files now loaded: 0)
Unloading 7016 unused Assets / (4.3 MB). Loaded Objects now: 7884.
Memory consumption went from 151.2 MB to 146.9 MB.
Total: 52.019292 ms (FindLiveObjects: 6.498833 ms CreateObjectMapping: 0.677708 ms MarkObjects: 26.703459 ms  DeleteObjects: 18.137625 ms)

Prepare: number of updated asset objects reloaded= 0
========================================================================
Received Prepare
Begin MonoManager ReloadAssembly
Thread 0x16ded7000 may have been prematurely finalized
Symbol file LoadedFromMemory is not a mono symbol file
- Loaded All Assemblies, in  1.389 seconds
'Assets/Photon/Fusion/Runtime/Fusion.Unity.cs' contains partial class of Unity.Object, exactly 1 of the partial classes needs to be in a file with the same filename. This is to know the one that can be referenced from ie. GameObjects
'Assets/Photon/Fusion/Runtime/Fusion.Unity.cs' contains partial class of Unity.Object, exactly 1 of the partial classes needs to be in a file with the same filename. This is to know the one that can be referenced from ie. GameObjects
Refreshing native plugins compatible for Editor in 21.02 ms, found 4 plugins.
Native extension for OSXStandalone target not found
System.Reflection.TargetInvocationException: Exception has been thrown by the target of an invocation. ---> System.NullReferenceException: Object reference not set to an instance of an object
  at Unity.Multiplayer.Playmode.Workflow.Editor.ProjectDataStore..ctor (System.String directory) [0x0006e] in ./Library/PackageCache/com.unity.multiplayer.playmode@3acaa705f0f9/Workflow/Editor/Configuration/ProjectDataStore.cs:55 
  at Unity.Multiplayer.Playmode.Workflow.Editor.ProjectDataStore.GetMain () [0x00000] in ./Library/PackageCache/com.unity.multiplayer.playmode@3acaa705f0f9/Workflow/Editor/Configuration/ProjectDataStore.cs:36 
  at Unity.Multiplayer.Playmode.Workflow.Editor.WorkflowMainEditorContext..ctor (Unity.Multiplayer.Playmode.VirtualProjects.Editor.MainEditorContext mainEditorContext) [0x0002c] in ./Library/PackageCache/com.unity.multiplayer.playmode@3acaa705f0f9/Workflow/Editor/Contexts/WorkflowMainEditorContext.cs:15 
  at Unity.Multiplayer.Playmode.Workflow.Editor.VirtualProjectWorkflow.InitializeMPPMContexts () [0x00018] in ./Library/PackageCache/com.unity.multiplayer.playmode@3acaa705f0f9/Workflow/Editor/Workflow/VirtualProjectWorkflow.cs:204 
  at Unity.Multiplayer.Playmode.Workflow.Editor.VirtualProjectWorkflow+<>c.<.cctor>b__22_0 () [0x00036] in ./Library/PackageCache/com.unity.multiplayer.playmode@3acaa705f0f9/Workflow/Editor/Workflow/VirtualProjectWorkflow.cs:85 
  at Unity.Multiplayer.Playmode.VirtualProjects.Editor.EditorContexts.SendReadyEvent () [0x00038] in ./Library/PackageCache/com.unity.multiplayer.playmode@3acaa705f0f9/VirtualProjects/Editor/Contexts/EditorContexts.cs:56 
  at (wrapper managed-to-native) System.Reflection.RuntimeMethodInfo.InternalInvoke(System.Reflection.RuntimeMethodInfo,object,object[],System.Exception&)
  at System.Reflection.RuntimeMethodInfo.Invoke (System.Object obj, System.Reflection.BindingFlags invokeAttr, System.Reflection.Binder binder, System.Object[] parameters, System.Globalization.CultureInfo culture) [0x0006a] in <c0ef40ba0fc84b3b8725b73e9957d1b5>:0 
   --- End of inner exception stack trace ---
  at System.Reflection.RuntimeMethodInfo.Invoke (System.Object obj, System.Reflection.BindingFlags invokeAttr, System.Reflection.Binder binder, System.Object[] parameters, System.Globalization.CultureInfo culture) [0x00083] in <c0ef40ba0fc84b3b8725b73e9957d1b5>:0 
  at System.Reflection.MethodBase.Invoke (System.Object obj, System.Object[] parameters) [0x00000] in <c0ef40ba0fc84b3b8725b73e9957d1b5>:0 
  at UnityEditor.EditorAssemblies.ProcessInitializeOnLoadMethodAttributes () [0x00087] in /Users/bokken/build/output/unity/unity/Editor/Mono/EditorAssemblies.cs:152 
UnityEngine.Debug:ExtractStackTraceNoAlloc (byte*,int,string)
UnityEngine.StackTraceUtility:ExtractStackTrace () (at /Users/bokken/build/output/unity/unity/Runtime/Export/Scripting/StackTrace.cs:35)
UnityEngine.DebugLogHandler:Internal_Log (UnityEngine.LogType,UnityEngine.LogOption,string,UnityEngine.Object)
UnityEngine.DebugLogHandler:LogFormat (UnityEngine.LogType,UnityEngine.Object,string,object[])
UnityEngine.Logger:Log (UnityEngine.LogType,object)
UnityEngine.Debug:LogError (object)
UnityEditor.EditorAssemblies:ProcessInitializeOnLoadMethodAttributes () (at /Users/bokken/build/output/unity/unity/Editor/Mono/EditorAssemblies.cs:156)

(Filename: /Users/bokken/build/output/unity/unity/Editor/Mono/EditorAssemblies.cs Line: 156)

Mono: successfully reloaded assembly
- Finished resetting the current domain, in  0.878 seconds
Domain Reload Profiling: 2275ms
	BeginReloadAssembly (374ms)
		ExecutionOrderSort (0ms)
		DisableScriptedObjects (39ms)
		BackupInstance (0ms)
		ReleaseScriptingObjects (0ms)
		CreateAndSetChildDomain (137ms)
	RebuildCommonClasses (38ms)
	RebuildNativeTypeToScriptingClass (11ms)
	initialDomainReloadingComplete (30ms)
	LoadAllAssembliesAndSetupDomain (942ms)
		LoadAssemblies (630ms)
		RebuildTransferFunctionScriptingTraits (0ms)
		AnalyzeDomain (426ms)
			TypeCache.Refresh (37ms)
				TypeCache.ScanAssembly (0ms)
			BuildScriptInfoCaches (359ms)
			ResolveRequiredComponents (16ms)
	FinalizeReload (880ms)
		ReleaseScriptCaches (0ms)
		RebuildScriptCaches (0ms)
		SetupLoadedEditorAssemblies (677ms)
			LogAssemblyErrors (0ms)
			InitializePlatformSupportModulesInManaged (2ms)
			SetLoadedEditorAssemblies (5ms)
			BeforeProcessingInitializeOnLoad (143ms)
			ProcessInitializeOnLoadAttributes (389ms)
			ProcessInitializeOnLoadMethodAttributes (135ms)
			AfterProcessingInitializeOnLoad (2ms)
			EditorAssembliesLoaded (2ms)
		ExecutionOrderSort2 (0ms)
		AwakeInstancesAfterBackupRestoration (21ms)
WARNING: Shader Unsupported: 'Universal Render Pipeline/VR/SpatialMapping/Wireframe' - All subshaders removed
WARNING: Shader Did you use #pragma only_renderers and omit this platform?
WARNING: Shader If subshaders removal was intentional, you may have forgotten turning Fallback off?
WARNING: Shader Unsupported: 'Universal Render Pipeline/VR/SpatialMapping/Wireframe' - All subshaders removed
WARNING: Shader Did you use #pragma only_renderers and omit this platform?
WARNING: Shader If subshaders removal was intentional, you may have forgotten turning Fallback off?
Refreshing native plugins compatible for Editor in 1.74 ms, found 4 plugins.
Preloading 0 native plugins for Editor in 0.00 ms.
Unloading 14 Unused Serialized files (Serialized files now loaded: 0)
Unloading 7015 unused Assets / (3.6 MB). Loaded Objects now: 7887.
Memory consumption went from 151.2 MB to 147.6 MB.
Total: 23.742083 ms (FindLiveObjects: 1.148125 ms CreateObjectMapping: 1.097000 ms MarkObjects: 17.545625 ms  DeleteObjects: 3.950583 ms)

Prepare: number of updated asset objects reloaded= 0
========================================================================
Received Prepare
Begin MonoManager ReloadAssembly
Thread 0x16ded7000 may have been prematurely finalized
Symbol file LoadedFromMemory is not a mono symbol file
- Loaded All Assemblies, in  1.268 seconds
'Assets/Photon/Fusion/Runtime/Fusion.Unity.cs' contains partial class of Unity.Object, exactly 1 of the partial classes needs to be in a file with the same filename. This is to know the one that can be referenced from ie. GameObjects
'Assets/Photon/Fusion/Runtime/Fusion.Unity.cs' contains partial class of Unity.Object, exactly 1 of the partial classes needs to be in a file with the same filename. This is to know the one that can be referenced from ie. GameObjects
Refreshing native plugins compatible for Editor in 1.16 ms, found 4 plugins.
Native extension for OSXStandalone target not found
System.Reflection.TargetInvocationException: Exception has been thrown by the target of an invocation. ---> System.NullReferenceException: Object reference not set to an instance of an object
  at Unity.Multiplayer.Playmode.Workflow.Editor.ProjectDataStore..ctor (System.String directory) [0x0006e] in ./Library/PackageCache/com.unity.multiplayer.playmode@3acaa705f0f9/Workflow/Editor/Configuration/ProjectDataStore.cs:55 
  at Unity.Multiplayer.Playmode.Workflow.Editor.ProjectDataStore.GetMain () [0x00000] in ./Library/PackageCache/com.unity.multiplayer.playmode@3acaa705f0f9/Workflow/Editor/Configuration/ProjectDataStore.cs:36 
  at Unity.Multiplayer.Playmode.Workflow.Editor.WorkflowMainEditorContext..ctor (Unity.Multiplayer.Playmode.VirtualProjects.Editor.MainEditorContext mainEditorContext) [0x0002c] in ./Library/PackageCache/com.unity.multiplayer.playmode@3acaa705f0f9/Workflow/Editor/Contexts/WorkflowMainEditorContext.cs:15 
  at Unity.Multiplayer.Playmode.Workflow.Editor.VirtualProjectWorkflow.InitializeMPPMContexts () [0x00018] in ./Library/PackageCache/com.unity.multiplayer.playmode@3acaa705f0f9/Workflow/Editor/Workflow/VirtualProjectWorkflow.cs:204 
  at Unity.Multiplayer.Playmode.Workflow.Editor.VirtualProjectWorkflow+<>c.<.cctor>b__22_0 () [0x00036] in ./Library/PackageCache/com.unity.multiplayer.playmode@3acaa705f0f9/Workflow/Editor/Workflow/VirtualProjectWorkflow.cs:85 
  at Unity.Multiplayer.Playmode.VirtualProjects.Editor.EditorContexts.SendReadyEvent () [0x00038] in ./Library/PackageCache/com.unity.multiplayer.playmode@3acaa705f0f9/VirtualProjects/Editor/Contexts/EditorContexts.cs:56 
  at (wrapper managed-to-native) System.Reflection.RuntimeMethodInfo.InternalInvoke(System.Reflection.RuntimeMethodInfo,object,object[],System.Exception&)
  at System.Reflection.RuntimeMethodInfo.Invoke (System.Object obj, System.Reflection.BindingFlags invokeAttr, System.Reflection.Binder binder, System.Object[] parameters, System.Globalization.CultureInfo culture) [0x0006a] in <c0ef40ba0fc84b3b8725b73e9957d1b5>:0 
   --- End of inner exception stack trace ---
  at System.Reflection.RuntimeMethodInfo.Invoke (System.Object obj, System.Reflection.BindingFlags invokeAttr, System.Reflection.Binder binder, System.Object[] parameters, System.Globalization.CultureInfo culture) [0x00083] in <c0ef40ba0fc84b3b8725b73e9957d1b5>:0 
  at System.Reflection.MethodBase.Invoke (System.Object obj, System.Object[] parameters) [0x00000] in <c0ef40ba0fc84b3b8725b73e9957d1b5>:0 
  at UnityEditor.EditorAssemblies.ProcessInitializeOnLoadMethodAttributes () [0x00087] in /Users/bokken/build/output/unity/unity/Editor/Mono/EditorAssemblies.cs:152 
UnityEngine.Debug:ExtractStackTraceNoAlloc (byte*,int,string)
UnityEngine.StackTraceUtility:ExtractStackTrace () (at /Users/bokken/build/output/unity/unity/Runtime/Export/Scripting/StackTrace.cs:35)
UnityEngine.DebugLogHandler:Internal_Log (UnityEngine.LogType,UnityEngine.LogOption,string,UnityEngine.Object)
UnityEngine.DebugLogHandler:LogFormat (UnityEngine.LogType,UnityEngine.Object,string,object[])
UnityEngine.Logger:Log (UnityEngine.LogType,object)
UnityEngine.Debug:LogError (object)
UnityEditor.EditorAssemblies:ProcessInitializeOnLoadMethodAttributes () (at /Users/bokken/build/output/unity/unity/Editor/Mono/EditorAssemblies.cs:156)

(Filename: /Users/bokken/build/output/unity/unity/Editor/Mono/EditorAssemblies.cs Line: 156)

Mono: successfully reloaded assembly
- Finished resetting the current domain, in  0.904 seconds
Domain Reload Profiling: 2176ms
	BeginReloadAssembly (347ms)
		ExecutionOrderSort (0ms)
		DisableScriptedObjects (40ms)
		BackupInstance (0ms)
		ReleaseScriptingObjects (0ms)
		CreateAndSetChildDomain (152ms)
	RebuildCommonClasses (51ms)
	RebuildNativeTypeToScriptingClass (21ms)
	initialDomainReloadingComplete (46ms)
	LoadAllAssembliesAndSetupDomain (806ms)
		LoadAssemblies (467ms)
		RebuildTransferFunctionScriptingTraits (0ms)
		AnalyzeDomain (416ms)
			TypeCache.Refresh (36ms)
				TypeCache.ScanAssembly (0ms)
			BuildScriptInfoCaches (363ms)
			ResolveRequiredComponents (10ms)
	FinalizeReload (904ms)
		ReleaseScriptCaches (0ms)
		RebuildScriptCaches (0ms)
		SetupLoadedEditorAssemblies (740ms)
			LogAssemblyErrors (0ms)
			InitializePlatformSupportModulesInManaged (1ms)
			SetLoadedEditorAssemblies (4ms)
			BeforeProcessingInitializeOnLoad (176ms)
			ProcessInitializeOnLoadAttributes (407ms)
			ProcessInitializeOnLoadMethodAttributes (146ms)
			AfterProcessingInitializeOnLoad (2ms)
			EditorAssembliesLoaded (3ms)
		ExecutionOrderSort2 (0ms)
		AwakeInstancesAfterBackupRestoration (21ms)
WARNING: Shader Unsupported: 'Universal Render Pipeline/VR/SpatialMapping/Wireframe' - All subshaders removed
WARNING: Shader Did you use #pragma only_renderers and omit this platform?
WARNING: Shader If subshaders removal was intentional, you may have forgotten turning Fallback off?
WARNING: Shader Unsupported: 'Universal Render Pipeline/VR/SpatialMapping/Wireframe' - All subshaders removed
WARNING: Shader Did you use #pragma only_renderers and omit this platform?
WARNING: Shader If subshaders removal was intentional, you may have forgotten turning Fallback off?
Refreshing native plugins compatible for Editor in 2.88 ms, found 4 plugins.
Preloading 0 native plugins for Editor in 0.00 ms.
Unloading 14 Unused Serialized files (Serialized files now loaded: 0)
Unloading 7015 unused Assets / (7.4 MB). Loaded Objects now: 7889.
Memory consumption went from 151.3 MB to 143.8 MB.
Total: 30.396125 ms (FindLiveObjects: 2.107209 ms CreateObjectMapping: 0.863917 ms MarkObjects: 12.570833 ms  DeleteObjects: 14.853209 ms)

Prepare: number of updated asset objects reloaded= 0
========================================================================
Received Prepare
'Assets/Photon/Fusion/Runtime/Fusion.Unity.cs' contains partial class of Unity.Object, exactly 1 of the partial classes needs to be in a file with the same filename. This is to know the one that can be referenced from ie. GameObjects
'Assets/Photon/Fusion/Runtime/Fusion.Unity.cs' contains partial class of Unity.Object, exactly 1 of the partial classes needs to be in a file with the same filename. This is to know the one that can be referenced from ie. GameObjects
WARNING: Shader Unsupported: 'Universal Render Pipeline/VR/SpatialMapping/Wireframe' - All subshaders removed
WARNING: Shader Did you use #pragma only_renderers and omit this platform?
WARNING: Shader If subshaders removal was intentional, you may have forgotten turning Fallback off?
WARNING: Shader Unsupported: 'Universal Render Pipeline/VR/SpatialMapping/Wireframe' - All subshaders removed
WARNING: Shader Did you use #pragma only_renderers and omit this platform?
WARNING: Shader If subshaders removal was intentional, you may have forgotten turning Fallback off?
Refreshing native plugins compatible for Editor in 1.11 ms, found 4 plugins.
Preloading 0 native plugins for Editor in 0.00 ms.
Unloading 14 Unused Serialized files (Serialized files now loaded: 0)
Unloading 6989 unused Assets / (4.3 MB). Loaded Objects now: 7888.
Memory consumption went from 142.9 MB to 138.6 MB.
Total: 41.672666 ms (FindLiveObjects: 4.514250 ms CreateObjectMapping: 0.610417 ms MarkObjects: 27.660958 ms  DeleteObjects: 8.886334 ms)

Prepare: number of updated asset objects reloaded= 0
========================================================================
Received Prepare
Begin MonoManager ReloadAssembly
Thread 0x16ded7000 may have been prematurely finalized
Symbol file LoadedFromMemory is not a mono symbol file
- Loaded All Assemblies, in  1.555 seconds
'Assets/Photon/Fusion/Runtime/Fusion.Unity.cs' contains partial class of Unity.Object, exactly 1 of the partial classes needs to be in a file with the same filename. This is to know the one that can be referenced from ie. GameObjects
'Assets/Photon/Fusion/Runtime/Fusion.Unity.cs' contains partial class of Unity.Object, exactly 1 of the partial classes needs to be in a file with the same filename. This is to know the one that can be referenced from ie. GameObjects
Refreshing native plugins compatible for Editor in 1.25 ms, found 4 plugins.
Native extension for OSXStandalone target not found
System.Reflection.TargetInvocationException: Exception has been thrown by the target of an invocation. ---> System.NullReferenceException: Object reference not set to an instance of an object
  at Unity.Multiplayer.Playmode.Workflow.Editor.ProjectDataStore..ctor (System.String directory) [0x0006e] in ./Library/PackageCache/com.unity.multiplayer.playmode@3acaa705f0f9/Workflow/Editor/Configuration/ProjectDataStore.cs:55 
  at Unity.Multiplayer.Playmode.Workflow.Editor.ProjectDataStore.GetMain () [0x00000] in ./Library/PackageCache/com.unity.multiplayer.playmode@3acaa705f0f9/Workflow/Editor/Configuration/ProjectDataStore.cs:36 
  at Unity.Multiplayer.Playmode.Workflow.Editor.WorkflowMainEditorContext..ctor (Unity.Multiplayer.Playmode.VirtualProjects.Editor.MainEditorContext mainEditorContext) [0x0002c] in ./Library/PackageCache/com.unity.multiplayer.playmode@3acaa705f0f9/Workflow/Editor/Contexts/WorkflowMainEditorContext.cs:15 
  at Unity.Multiplayer.Playmode.Workflow.Editor.VirtualProjectWorkflow.InitializeMPPMContexts () [0x00018] in ./Library/PackageCache/com.unity.multiplayer.playmode@3acaa705f0f9/Workflow/Editor/Workflow/VirtualProjectWorkflow.cs:204 
  at Unity.Multiplayer.Playmode.Workflow.Editor.VirtualProjectWorkflow+<>c.<.cctor>b__22_0 () [0x00036] in ./Library/PackageCache/com.unity.multiplayer.playmode@3acaa705f0f9/Workflow/Editor/Workflow/VirtualProjectWorkflow.cs:85 
  at Unity.Multiplayer.Playmode.VirtualProjects.Editor.EditorContexts.SendReadyEvent () [0x00038] in ./Library/PackageCache/com.unity.multiplayer.playmode@3acaa705f0f9/VirtualProjects/Editor/Contexts/EditorContexts.cs:56 
  at (wrapper managed-to-native) System.Reflection.RuntimeMethodInfo.InternalInvoke(System.Reflection.RuntimeMethodInfo,object,object[],System.Exception&)
  at System.Reflection.RuntimeMethodInfo.Invoke (System.Object obj, System.Reflection.BindingFlags invokeAttr, System.Reflection.Binder binder, System.Object[] parameters, System.Globalization.CultureInfo culture) [0x0006a] in <c0ef40ba0fc84b3b8725b73e9957d1b5>:0 
   --- End of inner exception stack trace ---
  at System.Reflection.RuntimeMethodInfo.Invoke (System.Object obj, System.Reflection.BindingFlags invokeAttr, System.Reflection.Binder binder, System.Object[] parameters, System.Globalization.CultureInfo culture) [0x00083] in <c0ef40ba0fc84b3b8725b73e9957d1b5>:0 
  at System.Reflection.MethodBase.Invoke (System.Object obj, System.Object[] parameters) [0x00000] in <c0ef40ba0fc84b3b8725b73e9957d1b5>:0 
  at UnityEditor.EditorAssemblies.ProcessInitializeOnLoadMethodAttributes () [0x00087] in /Users/bokken/build/output/unity/unity/Editor/Mono/EditorAssemblies.cs:152 
UnityEngine.Debug:ExtractStackTraceNoAlloc (byte*,int,string)
UnityEngine.StackTraceUtility:ExtractStackTrace () (at /Users/bokken/build/output/unity/unity/Runtime/Export/Scripting/StackTrace.cs:35)
UnityEngine.DebugLogHandler:Internal_Log (UnityEngine.LogType,UnityEngine.LogOption,string,UnityEngine.Object)
UnityEngine.DebugLogHandler:LogFormat (UnityEngine.LogType,UnityEngine.Object,string,object[])
UnityEngine.Logger:Log (UnityEngine.LogType,object)
UnityEngine.Debug:LogError (object)
UnityEditor.EditorAssemblies:ProcessInitializeOnLoadMethodAttributes () (at /Users/bokken/build/output/unity/unity/Editor/Mono/EditorAssemblies.cs:156)

(Filename: /Users/bokken/build/output/unity/unity/Editor/Mono/EditorAssemblies.cs Line: 156)

Mono: successfully reloaded assembly
- Finished resetting the current domain, in  0.784 seconds
Domain Reload Profiling: 2342ms
	BeginReloadAssembly (767ms)
		ExecutionOrderSort (0ms)
		DisableScriptedObjects (50ms)
		BackupInstance (0ms)
		ReleaseScriptingObjects (0ms)
		CreateAndSetChildDomain (314ms)
	RebuildCommonClasses (50ms)
	RebuildNativeTypeToScriptingClass (13ms)
	initialDomainReloadingComplete (57ms)
	LoadAllAssembliesAndSetupDomain (671ms)
		LoadAssemblies (654ms)
		RebuildTransferFunctionScriptingTraits (0ms)
		AnalyzeDomain (316ms)
			TypeCache.Refresh (31ms)
				TypeCache.ScanAssembly (1ms)
			BuildScriptInfoCaches (268ms)
			ResolveRequiredComponents (12ms)
	FinalizeReload (785ms)
		ReleaseScriptCaches (0ms)
		RebuildScriptCaches (0ms)
		SetupLoadedEditorAssemblies (632ms)
			LogAssemblyErrors (0ms)
			InitializePlatformSupportModulesInManaged (2ms)
			SetLoadedEditorAssemblies (5ms)
			BeforeProcessingInitializeOnLoad (141ms)
			ProcessInitializeOnLoadAttributes (358ms)
			ProcessInitializeOnLoadMethodAttributes (125ms)
			AfterProcessingInitializeOnLoad (1ms)
			EditorAssembliesLoaded (0ms)
		ExecutionOrderSort2 (0ms)
		AwakeInstancesAfterBackupRestoration (20ms)
WARNING: Shader Unsupported: 'Universal Render Pipeline/VR/SpatialMapping/Wireframe' - All subshaders removed
WARNING: Shader Did you use #pragma only_renderers and omit this platform?
WARNING: Shader If subshaders removal was intentional, you may have forgotten turning Fallback off?
WARNING: Shader Unsupported: 'Universal Render Pipeline/VR/SpatialMapping/Wireframe' - All subshaders removed
WARNING: Shader Did you use #pragma only_renderers and omit this platform?
WARNING: Shader If subshaders removal was intentional, you may have forgotten turning Fallback off?
Refreshing native plugins compatible for Editor in 1.22 ms, found 4 plugins.
Preloading 0 native plugins for Editor in 0.00 ms.
Unloading 14 Unused Serialized files (Serialized files now loaded: 0)
Unloading 7014 unused Assets / (5.7 MB). Loaded Objects now: 7890.
Memory consumption went from 151.3 MB to 145.6 MB.
Total: 8.078125 ms (FindLiveObjects: 0.411416 ms CreateObjectMapping: 0.224792 ms MarkObjects: 4.815250 ms  DeleteObjects: 2.626375 ms)

Prepare: number of updated asset objects reloaded= 0
========================================================================
Received Prepare
Begin MonoManager ReloadAssembly
Thread 0x16ded7000 may have been prematurely finalized
Symbol file LoadedFromMemory is not a mono symbol file
- Loaded All Assemblies, in  1.046 seconds
'Assets/Photon/Fusion/Runtime/Fusion.Unity.cs' contains partial class of Unity.Object, exactly 1 of the partial classes needs to be in a file with the same filename. This is to know the one that can be referenced from ie. GameObjects
'Assets/Photon/Fusion/Runtime/Fusion.Unity.cs' contains partial class of Unity.Object, exactly 1 of the partial classes needs to be in a file with the same filename. This is to know the one that can be referenced from ie. GameObjects
Refreshing native plugins compatible for Editor in 1.28 ms, found 4 plugins.
Native extension for OSXStandalone target not found
System.Reflection.TargetInvocationException: Exception has been thrown by the target of an invocation. ---> System.NullReferenceException: Object reference not set to an instance of an object
  at Unity.Multiplayer.Playmode.Workflow.Editor.ProjectDataStore..ctor (System.String directory) [0x0006e] in ./Library/PackageCache/com.unity.multiplayer.playmode@3acaa705f0f9/Workflow/Editor/Configuration/ProjectDataStore.cs:55 
  at Unity.Multiplayer.Playmode.Workflow.Editor.ProjectDataStore.GetMain () [0x00000] in ./Library/PackageCache/com.unity.multiplayer.playmode@3acaa705f0f9/Workflow/Editor/Configuration/ProjectDataStore.cs:36 
  at Unity.Multiplayer.Playmode.Workflow.Editor.WorkflowMainEditorContext..ctor (Unity.Multiplayer.Playmode.VirtualProjects.Editor.MainEditorContext mainEditorContext) [0x0002c] in ./Library/PackageCache/com.unity.multiplayer.playmode@3acaa705f0f9/Workflow/Editor/Contexts/WorkflowMainEditorContext.cs:15 
  at Unity.Multiplayer.Playmode.Workflow.Editor.VirtualProjectWorkflow.InitializeMPPMContexts () [0x00018] in ./Library/PackageCache/com.unity.multiplayer.playmode@3acaa705f0f9/Workflow/Editor/Workflow/VirtualProjectWorkflow.cs:204 
  at Unity.Multiplayer.Playmode.Workflow.Editor.VirtualProjectWorkflow+<>c.<.cctor>b__22_0 () [0x00036] in ./Library/PackageCache/com.unity.multiplayer.playmode@3acaa705f0f9/Workflow/Editor/Workflow/VirtualProjectWorkflow.cs:85 
  at Unity.Multiplayer.Playmode.VirtualProjects.Editor.EditorContexts.SendReadyEvent () [0x00038] in ./Library/PackageCache/com.unity.multiplayer.playmode@3acaa705f0f9/VirtualProjects/Editor/Contexts/EditorContexts.cs:56 
  at (wrapper managed-to-native) System.Reflection.RuntimeMethodInfo.InternalInvoke(System.Reflection.RuntimeMethodInfo,object,object[],System.Exception&)
  at System.Reflection.RuntimeMethodInfo.Invoke (System.Object obj, System.Reflection.BindingFlags invokeAttr, System.Reflection.Binder binder, System.Object[] parameters, System.Globalization.CultureInfo culture) [0x0006a] in <c0ef40ba0fc84b3b8725b73e9957d1b5>:0 
   --- End of inner exception stack trace ---
  at System.Reflection.RuntimeMethodInfo.Invoke (System.Object obj, System.Reflection.BindingFlags invokeAttr, System.Reflection.Binder binder, System.Object[] parameters, System.Globalization.CultureInfo culture) [0x00083] in <c0ef40ba0fc84b3b8725b73e9957d1b5>:0 
  at System.Reflection.MethodBase.Invoke (System.Object obj, System.Object[] parameters) [0x00000] in <c0ef40ba0fc84b3b8725b73e9957d1b5>:0 
  at UnityEditor.EditorAssemblies.ProcessInitializeOnLoadMethodAttributes () [0x00087] in /Users/bokken/build/output/unity/unity/Editor/Mono/EditorAssemblies.cs:152 
UnityEngine.Debug:ExtractStackTraceNoAlloc (byte*,int,string)
UnityEngine.StackTraceUtility:ExtractStackTrace () (at /Users/bokken/build/output/unity/unity/Runtime/Export/Scripting/StackTrace.cs:35)
UnityEngine.DebugLogHandler:Internal_Log (UnityEngine.LogType,UnityEngine.LogOption,string,UnityEngine.Object)
UnityEngine.DebugLogHandler:LogFormat (UnityEngine.LogType,UnityEngine.Object,string,object[])
UnityEngine.Logger:Log (UnityEngine.LogType,object)
UnityEngine.Debug:LogError (object)
UnityEditor.EditorAssemblies:ProcessInitializeOnLoadMethodAttributes () (at /Users/bokken/build/output/unity/unity/Editor/Mono/EditorAssemblies.cs:156)

(Filename: /Users/bokken/build/output/unity/unity/Editor/Mono/EditorAssemblies.cs Line: 156)

Mono: successfully reloaded assembly
- Finished resetting the current domain, in  0.899 seconds
Domain Reload Profiling: 1951ms
	BeginReloadAssembly (262ms)
		ExecutionOrderSort (1ms)
		DisableScriptedObjects (25ms)
		BackupInstance (0ms)
		ReleaseScriptingObjects (0ms)
		CreateAndSetChildDomain (116ms)
	RebuildCommonClasses (39ms)
	RebuildNativeTypeToScriptingClass (12ms)
	initialDomainReloadingComplete (29ms)
	LoadAllAssembliesAndSetupDomain (711ms)
		LoadAssemblies (398ms)
		RebuildTransferFunctionScriptingTraits (0ms)
		AnalyzeDomain (341ms)
			TypeCache.Refresh (37ms)
				TypeCache.ScanAssembly (0ms)
			BuildScriptInfoCaches (284ms)
			ResolveRequiredComponents (14ms)
	FinalizeReload (899ms)
		ReleaseScriptCaches (0ms)
		RebuildScriptCaches (0ms)
		SetupLoadedEditorAssemblies (720ms)
			LogAssemblyErrors (1ms)
			InitializePlatformSupportModulesInManaged (4ms)
			SetLoadedEditorAssemblies (8ms)
			BeforeProcessingInitializeOnLoad (160ms)
			ProcessInitializeOnLoadAttributes (404ms)
			ProcessInitializeOnLoadMethodAttributes (141ms)
			AfterProcessingInitializeOnLoad (1ms)
			EditorAssembliesLoaded (1ms)
		ExecutionOrderSort2 (0ms)
		AwakeInstancesAfterBackupRestoration (22ms)
WARNING: Shader Unsupported: 'Universal Render Pipeline/VR/SpatialMapping/Wireframe' - All subshaders removed
WARNING: Shader Did you use #pragma only_renderers and omit this platform?
WARNING: Shader If subshaders removal was intentional, you may have forgotten turning Fallback off?
WARNING: Shader Unsupported: 'Universal Render Pipeline/VR/SpatialMapping/Wireframe' - All subshaders removed
WARNING: Shader Did you use #pragma only_renderers and omit this platform?
WARNING: Shader If subshaders removal was intentional, you may have forgotten turning Fallback off?
Refreshing native plugins compatible for Editor in 1.12 ms, found 4 plugins.
Preloading 0 native plugins for Editor in 0.00 ms.
Unloading 14 Unused Serialized files (Serialized files now loaded: 0)
Unloading 7015 unused Assets / (2.8 MB). Loaded Objects now: 7893.
Memory consumption went from 151.4 MB to 148.5 MB.
Total: 14.207958 ms (FindLiveObjects: 1.065458 ms CreateObjectMapping: 0.469333 ms MarkObjects: 9.669583 ms  DeleteObjects: 3.003041 ms)

Prepare: number of updated asset objects reloaded= 0
========================================================================
Received Prepare
Begin MonoManager ReloadAssembly
Thread 0x16ded7000 may have been prematurely finalized
Symbol file LoadedFromMemory is not a mono symbol file
- Loaded All Assemblies, in  0.958 seconds
'Assets/Photon/Fusion/Runtime/Fusion.Unity.cs' contains partial class of Unity.Object, exactly 1 of the partial classes needs to be in a file with the same filename. This is to know the one that can be referenced from ie. GameObjects
'Assets/Photon/Fusion/Runtime/Fusion.Unity.cs' contains partial class of Unity.Object, exactly 1 of the partial classes needs to be in a file with the same filename. This is to know the one that can be referenced from ie. GameObjects
Refreshing native plugins compatible for Editor in 1.25 ms, found 4 plugins.
Native extension for OSXStandalone target not found
System.Reflection.TargetInvocationException: Exception has been thrown by the target of an invocation. ---> System.NullReferenceException: Object reference not set to an instance of an object
  at Unity.Multiplayer.Playmode.Workflow.Editor.ProjectDataStore..ctor (System.String directory) [0x0006e] in ./Library/PackageCache/com.unity.multiplayer.playmode@3acaa705f0f9/Workflow/Editor/Configuration/ProjectDataStore.cs:55 
  at Unity.Multiplayer.Playmode.Workflow.Editor.ProjectDataStore.GetMain () [0x00000] in ./Library/PackageCache/com.unity.multiplayer.playmode@3acaa705f0f9/Workflow/Editor/Configuration/ProjectDataStore.cs:36 
  at Unity.Multiplayer.Playmode.Workflow.Editor.WorkflowMainEditorContext..ctor (Unity.Multiplayer.Playmode.VirtualProjects.Editor.MainEditorContext mainEditorContext) [0x0002c] in ./Library/PackageCache/com.unity.multiplayer.playmode@3acaa705f0f9/Workflow/Editor/Contexts/WorkflowMainEditorContext.cs:15 
  at Unity.Multiplayer.Playmode.Workflow.Editor.VirtualProjectWorkflow.InitializeMPPMContexts () [0x00018] in ./Library/PackageCache/com.unity.multiplayer.playmode@3acaa705f0f9/Workflow/Editor/Workflow/VirtualProjectWorkflow.cs:204 
  at Unity.Multiplayer.Playmode.Workflow.Editor.VirtualProjectWorkflow+<>c.<.cctor>b__22_0 () [0x00036] in ./Library/PackageCache/com.unity.multiplayer.playmode@3acaa705f0f9/Workflow/Editor/Workflow/VirtualProjectWorkflow.cs:85 
  at Unity.Multiplayer.Playmode.VirtualProjects.Editor.EditorContexts.SendReadyEvent () [0x00038] in ./Library/PackageCache/com.unity.multiplayer.playmode@3acaa705f0f9/VirtualProjects/Editor/Contexts/EditorContexts.cs:56 
  at (wrapper managed-to-native) System.Reflection.RuntimeMethodInfo.InternalInvoke(System.Reflection.RuntimeMethodInfo,object,object[],System.Exception&)
  at System.Reflection.RuntimeMethodInfo.Invoke (System.Object obj, System.Reflection.BindingFlags invokeAttr, System.Reflection.Binder binder, System.Object[] parameters, System.Globalization.CultureInfo culture) [0x0006a] in <c0ef40ba0fc84b3b8725b73e9957d1b5>:0 
   --- End of inner exception stack trace ---
  at System.Reflection.RuntimeMethodInfo.Invoke (System.Object obj, System.Reflection.BindingFlags invokeAttr, System.Reflection.Binder binder, System.Object[] parameters, System.Globalization.CultureInfo culture) [0x00083] in <c0ef40ba0fc84b3b8725b73e9957d1b5>:0 
  at System.Reflection.MethodBase.Invoke (System.Object obj, System.Object[] parameters) [0x00000] in <c0ef40ba0fc84b3b8725b73e9957d1b5>:0 
  at UnityEditor.EditorAssemblies.ProcessInitializeOnLoadMethodAttributes () [0x00087] in /Users/bokken/build/output/unity/unity/Editor/Mono/EditorAssemblies.cs:152 
UnityEngine.Debug:ExtractStackTraceNoAlloc (byte*,int,string)
UnityEngine.StackTraceUtility:ExtractStackTrace () (at /Users/bokken/build/output/unity/unity/Runtime/Export/Scripting/StackTrace.cs:35)
UnityEngine.DebugLogHandler:Internal_Log (UnityEngine.LogType,UnityEngine.LogOption,string,UnityEngine.Object)
UnityEngine.DebugLogHandler:LogFormat (UnityEngine.LogType,UnityEngine.Object,string,object[])
UnityEngine.Logger:Log (UnityEngine.LogType,object)
UnityEngine.Debug:LogError (object)
UnityEditor.EditorAssemblies:ProcessInitializeOnLoadMethodAttributes () (at /Users/bokken/build/output/unity/unity/Editor/Mono/EditorAssemblies.cs:156)

(Filename: /Users/bokken/build/output/unity/unity/Editor/Mono/EditorAssemblies.cs Line: 156)

Mono: successfully reloaded assembly
- Finished resetting the current domain, in  1.107 seconds
Domain Reload Profiling: 2069ms
	BeginReloadAssembly (273ms)
		ExecutionOrderSort (0ms)
		DisableScriptedObjects (33ms)
		BackupInstance (0ms)
		ReleaseScriptingObjects (1ms)
		CreateAndSetChildDomain (118ms)
	RebuildCommonClasses (42ms)
	RebuildNativeTypeToScriptingClass (12ms)
	initialDomainReloadingComplete (24ms)
	LoadAllAssembliesAndSetupDomain (611ms)
		LoadAssemblies (372ms)
		RebuildTransferFunctionScriptingTraits (0ms)
		AnalyzeDomain (286ms)
			TypeCache.Refresh (28ms)
				TypeCache.ScanAssembly (0ms)
			BuildScriptInfoCaches (244ms)
			ResolveRequiredComponents (11ms)
	FinalizeReload (1108ms)
		ReleaseScriptCaches (0ms)
		RebuildScriptCaches (0ms)
		SetupLoadedEditorAssemblies (934ms)
			LogAssemblyErrors (0ms)
			InitializePlatformSupportModulesInManaged (5ms)
			SetLoadedEditorAssemblies (9ms)
			BeforeProcessingInitializeOnLoad (213ms)
			ProcessInitializeOnLoadAttributes (535ms)
			ProcessInitializeOnLoadMethodAttributes (168ms)
			AfterProcessingInitializeOnLoad (2ms)
			EditorAssembliesLoaded (1ms)
		ExecutionOrderSort2 (0ms)
		AwakeInstancesAfterBackupRestoration (29ms)
WARNING: Shader Unsupported: 'Universal Render Pipeline/VR/SpatialMapping/Wireframe' - All subshaders removed
WARNING: Shader Did you use #pragma only_renderers and omit this platform?
WARNING: Shader If subshaders removal was intentional, you may have forgotten turning Fallback off?
WARNING: Shader Unsupported: 'Universal Render Pipeline/VR/SpatialMapping/Wireframe' - All subshaders removed
WARNING: Shader Did you use #pragma only_renderers and omit this platform?
WARNING: Shader If subshaders removal was intentional, you may have forgotten turning Fallback off?
Refreshing native plugins compatible for Editor in 1.44 ms, found 4 plugins.
Preloading 0 native plugins for Editor in 0.00 ms.
Unloading 14 Unused Serialized files (Serialized files now loaded: 0)
Unloading 7015 unused Assets / (5.4 MB). Loaded Objects now: 7895.
Memory consumption went from 151.4 MB to 146.0 MB.
Total: 11.634625 ms (FindLiveObjects: 0.609208 ms CreateObjectMapping: 0.495583 ms MarkObjects: 6.747375 ms  DeleteObjects: 3.781416 ms)

Prepare: number of updated asset objects reloaded= 0
========================================================================
Received Prepare
'Assets/Photon/Fusion/Runtime/Fusion.Unity.cs' contains partial class of Unity.Object, exactly 1 of the partial classes needs to be in a file with the same filename. This is to know the one that can be referenced from ie. GameObjects
'Assets/Photon/Fusion/Runtime/Fusion.Unity.cs' contains partial class of Unity.Object, exactly 1 of the partial classes needs to be in a file with the same filename. This is to know the one that can be referenced from ie. GameObjects
WARNING: Shader Unsupported: 'Universal Render Pipeline/VR/SpatialMapping/Wireframe' - All subshaders removed
WARNING: Shader Did you use #pragma only_renderers and omit this platform?
WARNING: Shader If subshaders removal was intentional, you may have forgotten turning Fallback off?
WARNING: Shader Unsupported: 'Universal Render Pipeline/VR/SpatialMapping/Wireframe' - All subshaders removed
WARNING: Shader Did you use #pragma only_renderers and omit this platform?
WARNING: Shader If subshaders removal was intentional, you may have forgotten turning Fallback off?
Refreshing native plugins compatible for Editor in 1.58 ms, found 4 plugins.
Preloading 0 native plugins for Editor in 0.00 ms.
Unloading 14 Unused Serialized files (Serialized files now loaded: 0)
Unloading 6989 unused Assets / (4.5 MB). Loaded Objects now: 7894.
Memory consumption went from 143.1 MB to 138.6 MB.
Total: 32.109292 ms (FindLiveObjects: 1.132458 ms CreateObjectMapping: 0.478667 ms MarkObjects: 24.246458 ms  DeleteObjects: 6.251042 ms)

Prepare: number of updated asset objects reloaded= 0
========================================================================
Received Prepare
Begin MonoManager ReloadAssembly
Thread 0x16ded7000 may have been prematurely finalized
Symbol file LoadedFromMemory is not a mono symbol file
- Loaded All Assemblies, in  1.572 seconds
'Assets/Photon/Fusion/Runtime/Fusion.Unity.cs' contains partial class of Unity.Object, exactly 1 of the partial classes needs to be in a file with the same filename. This is to know the one that can be referenced from ie. GameObjects
'Assets/Photon/Fusion/Runtime/Fusion.Unity.cs' contains partial class of Unity.Object, exactly 1 of the partial classes needs to be in a file with the same filename. This is to know the one that can be referenced from ie. GameObjects
Refreshing native plugins compatible for Editor in 1.26 ms, found 4 plugins.
Native extension for OSXStandalone target not found
System.Reflection.TargetInvocationException: Exception has been thrown by the target of an invocation. ---> System.NullReferenceException: Object reference not set to an instance of an object
  at Unity.Multiplayer.Playmode.Workflow.Editor.ProjectDataStore..ctor (System.String directory) [0x0006e] in ./Library/PackageCache/com.unity.multiplayer.playmode@3acaa705f0f9/Workflow/Editor/Configuration/ProjectDataStore.cs:55 
  at Unity.Multiplayer.Playmode.Workflow.Editor.ProjectDataStore.GetMain () [0x00000] in ./Library/PackageCache/com.unity.multiplayer.playmode@3acaa705f0f9/Workflow/Editor/Configuration/ProjectDataStore.cs:36 
  at Unity.Multiplayer.Playmode.Workflow.Editor.WorkflowMainEditorContext..ctor (Unity.Multiplayer.Playmode.VirtualProjects.Editor.MainEditorContext mainEditorContext) [0x0002c] in ./Library/PackageCache/com.unity.multiplayer.playmode@3acaa705f0f9/Workflow/Editor/Contexts/WorkflowMainEditorContext.cs:15 
  at Unity.Multiplayer.Playmode.Workflow.Editor.VirtualProjectWorkflow.InitializeMPPMContexts () [0x00018] in ./Library/PackageCache/com.unity.multiplayer.playmode@3acaa705f0f9/Workflow/Editor/Workflow/VirtualProjectWorkflow.cs:204 
  at Unity.Multiplayer.Playmode.Workflow.Editor.VirtualProjectWorkflow+<>c.<.cctor>b__22_0 () [0x00036] in ./Library/PackageCache/com.unity.multiplayer.playmode@3acaa705f0f9/Workflow/Editor/Workflow/VirtualProjectWorkflow.cs:85 
  at Unity.Multiplayer.Playmode.VirtualProjects.Editor.EditorContexts.SendReadyEvent () [0x00038] in ./Library/PackageCache/com.unity.multiplayer.playmode@3acaa705f0f9/VirtualProjects/Editor/Contexts/EditorContexts.cs:56 
  at (wrapper managed-to-native) System.Reflection.RuntimeMethodInfo.InternalInvoke(System.Reflection.RuntimeMethodInfo,object,object[],System.Exception&)
  at System.Reflection.RuntimeMethodInfo.Invoke (System.Object obj, System.Reflection.BindingFlags invokeAttr, System.Reflection.Binder binder, System.Object[] parameters, System.Globalization.CultureInfo culture) [0x0006a] in <c0ef40ba0fc84b3b8725b73e9957d1b5>:0 
   --- End of inner exception stack trace ---
  at System.Reflection.RuntimeMethodInfo.Invoke (System.Object obj, System.Reflection.BindingFlags invokeAttr, System.Reflection.Binder binder, System.Object[] parameters, System.Globalization.CultureInfo culture) [0x00083] in <c0ef40ba0fc84b3b8725b73e9957d1b5>:0 
  at System.Reflection.MethodBase.Invoke (System.Object obj, System.Object[] parameters) [0x00000] in <c0ef40ba0fc84b3b8725b73e9957d1b5>:0 
  at UnityEditor.EditorAssemblies.ProcessInitializeOnLoadMethodAttributes () [0x00087] in /Users/bokken/build/output/unity/unity/Editor/Mono/EditorAssemblies.cs:152 
UnityEngine.Debug:ExtractStackTraceNoAlloc (byte*,int,string)
UnityEngine.StackTraceUtility:ExtractStackTrace () (at /Users/bokken/build/output/unity/unity/Runtime/Export/Scripting/StackTrace.cs:35)
UnityEngine.DebugLogHandler:Internal_Log (UnityEngine.LogType,UnityEngine.LogOption,string,UnityEngine.Object)
UnityEngine.DebugLogHandler:LogFormat (UnityEngine.LogType,UnityEngine.Object,string,object[])
UnityEngine.Logger:Log (UnityEngine.LogType,object)
UnityEngine.Debug:LogError (object)
UnityEditor.EditorAssemblies:ProcessInitializeOnLoadMethodAttributes () (at /Users/bokken/build/output/unity/unity/Editor/Mono/EditorAssemblies.cs:156)

(Filename: /Users/bokken/build/output/unity/unity/Editor/Mono/EditorAssemblies.cs Line: 156)

Mono: successfully reloaded assembly
- Finished resetting the current domain, in  0.864 seconds
Domain Reload Profiling: 2440ms
	BeginReloadAssembly (529ms)
		ExecutionOrderSort (0ms)
		DisableScriptedObjects (70ms)
		BackupInstance (0ms)
		ReleaseScriptingObjects (0ms)
		CreateAndSetChildDomain (194ms)
	RebuildCommonClasses (60ms)
	RebuildNativeTypeToScriptingClass (14ms)
	initialDomainReloadingComplete (35ms)
	LoadAllAssembliesAndSetupDomain (937ms)
		LoadAssemblies (641ms)
		RebuildTransferFunctionScriptingTraits (0ms)
		AnalyzeDomain (452ms)
			TypeCache.Refresh (70ms)
				TypeCache.ScanAssembly (2ms)
			BuildScriptInfoCaches (346ms)
			ResolveRequiredComponents (17ms)
	FinalizeReload (865ms)
		ReleaseScriptCaches (0ms)
		RebuildScriptCaches (0ms)
		SetupLoadedEditorAssemblies (695ms)
			LogAssemblyErrors (0ms)
			InitializePlatformSupportModulesInManaged (2ms)
			SetLoadedEditorAssemblies (5ms)
			BeforeProcessingInitializeOnLoad (158ms)
			ProcessInitializeOnLoadAttributes (396ms)
			ProcessInitializeOnLoadMethodAttributes (132ms)
			AfterProcessingInitializeOnLoad (1ms)
			EditorAssembliesLoaded (0ms)
		ExecutionOrderSort2 (0ms)
		AwakeInstancesAfterBackupRestoration (22ms)
WARNING: Shader Unsupported: 'Universal Render Pipeline/VR/SpatialMapping/Wireframe' - All subshaders removed
WARNING: Shader Did you use #pragma only_renderers and omit this platform?
WARNING: Shader If subshaders removal was intentional, you may have forgotten turning Fallback off?
WARNING: Shader Unsupported: 'Universal Render Pipeline/VR/SpatialMapping/Wireframe' - All subshaders removed
WARNING: Shader Did you use #pragma only_renderers and omit this platform?
WARNING: Shader If subshaders removal was intentional, you may have forgotten turning Fallback off?
Refreshing native plugins compatible for Editor in 1.19 ms, found 4 plugins.
Preloading 0 native plugins for Editor in 0.00 ms.
Unloading 14 Unused Serialized files (Serialized files now loaded: 0)
Unloading 7014 unused Assets / (5.2 MB). Loaded Objects now: 7896.
Memory consumption went from 151.4 MB to 146.2 MB.
Total: 8.110709 ms (FindLiveObjects: 0.539000 ms CreateObjectMapping: 0.260334 ms MarkObjects: 4.655875 ms  DeleteObjects: 2.655042 ms)

Prepare: number of updated asset objects reloaded= 0
========================================================================
Received Prepare
Begin MonoManager ReloadAssembly
Thread 0x16ded7000 may have been prematurely finalized
Symbol file LoadedFromMemory is not a mono symbol file
- Loaded All Assemblies, in  1.003 seconds
'Assets/Photon/Fusion/Runtime/Fusion.Unity.cs' contains partial class of Unity.Object, exactly 1 of the partial classes needs to be in a file with the same filename. This is to know the one that can be referenced from ie. GameObjects
'Assets/Photon/Fusion/Runtime/Fusion.Unity.cs' contains partial class of Unity.Object, exactly 1 of the partial classes needs to be in a file with the same filename. This is to know the one that can be referenced from ie. GameObjects
Refreshing native plugins compatible for Editor in 1.26 ms, found 4 plugins.
Native extension for OSXStandalone target not found
System.Reflection.TargetInvocationException: Exception has been thrown by the target of an invocation. ---> System.NullReferenceException: Object reference not set to an instance of an object
  at Unity.Multiplayer.Playmode.Workflow.Editor.ProjectDataStore..ctor (System.String directory) [0x0006e] in ./Library/PackageCache/com.unity.multiplayer.playmode@3acaa705f0f9/Workflow/Editor/Configuration/ProjectDataStore.cs:55 
  at Unity.Multiplayer.Playmode.Workflow.Editor.ProjectDataStore.GetMain () [0x00000] in ./Library/PackageCache/com.unity.multiplayer.playmode@3acaa705f0f9/Workflow/Editor/Configuration/ProjectDataStore.cs:36 
  at Unity.Multiplayer.Playmode.Workflow.Editor.WorkflowMainEditorContext..ctor (Unity.Multiplayer.Playmode.VirtualProjects.Editor.MainEditorContext mainEditorContext) [0x0002c] in ./Library/PackageCache/com.unity.multiplayer.playmode@3acaa705f0f9/Workflow/Editor/Contexts/WorkflowMainEditorContext.cs:15 
  at Unity.Multiplayer.Playmode.Workflow.Editor.VirtualProjectWorkflow.InitializeMPPMContexts () [0x00018] in ./Library/PackageCache/com.unity.multiplayer.playmode@3acaa705f0f9/Workflow/Editor/Workflow/VirtualProjectWorkflow.cs:204 
  at Unity.Multiplayer.Playmode.Workflow.Editor.VirtualProjectWorkflow+<>c.<.cctor>b__22_0 () [0x00036] in ./Library/PackageCache/com.unity.multiplayer.playmode@3acaa705f0f9/Workflow/Editor/Workflow/VirtualProjectWorkflow.cs:85 
  at Unity.Multiplayer.Playmode.VirtualProjects.Editor.EditorContexts.SendReadyEvent () [0x00038] in ./Library/PackageCache/com.unity.multiplayer.playmode@3acaa705f0f9/VirtualProjects/Editor/Contexts/EditorContexts.cs:56 
  at (wrapper managed-to-native) System.Reflection.RuntimeMethodInfo.InternalInvoke(System.Reflection.RuntimeMethodInfo,object,object[],System.Exception&)
  at System.Reflection.RuntimeMethodInfo.Invoke (System.Object obj, System.Reflection.BindingFlags invokeAttr, System.Reflection.Binder binder, System.Object[] parameters, System.Globalization.CultureInfo culture) [0x0006a] in <c0ef40ba0fc84b3b8725b73e9957d1b5>:0 
   --- End of inner exception stack trace ---
  at System.Reflection.RuntimeMethodInfo.Invoke (System.Object obj, System.Reflection.BindingFlags invokeAttr, System.Reflection.Binder binder, System.Object[] parameters, System.Globalization.CultureInfo culture) [0x00083] in <c0ef40ba0fc84b3b8725b73e9957d1b5>:0 
  at System.Reflection.MethodBase.Invoke (System.Object obj, System.Object[] parameters) [0x00000] in <c0ef40ba0fc84b3b8725b73e9957d1b5>:0 
  at UnityEditor.EditorAssemblies.ProcessInitializeOnLoadMethodAttributes () [0x00087] in /Users/bokken/build/output/unity/unity/Editor/Mono/EditorAssemblies.cs:152 
UnityEngine.Debug:ExtractStackTraceNoAlloc (byte*,int,string)
UnityEngine.StackTraceUtility:ExtractStackTrace () (at /Users/bokken/build/output/unity/unity/Runtime/Export/Scripting/StackTrace.cs:35)
UnityEngine.DebugLogHandler:Internal_Log (UnityEngine.LogType,UnityEngine.LogOption,string,UnityEngine.Object)
UnityEngine.DebugLogHandler:LogFormat (UnityEngine.LogType,UnityEngine.Object,string,object[])
UnityEngine.Logger:Log (UnityEngine.LogType,object)
UnityEngine.Debug:LogError (object)
UnityEditor.EditorAssemblies:ProcessInitializeOnLoadMethodAttributes () (at /Users/bokken/build/output/unity/unity/Editor/Mono/EditorAssemblies.cs:156)

(Filename: /Users/bokken/build/output/unity/unity/Editor/Mono/EditorAssemblies.cs Line: 156)

Mono: successfully reloaded assembly
- Finished resetting the current domain, in  1.026 seconds
Domain Reload Profiling: 2033ms
	BeginReloadAssembly (259ms)
		ExecutionOrderSort (0ms)
		DisableScriptedObjects (31ms)
		BackupInstance (0ms)
		ReleaseScriptingObjects (1ms)
		CreateAndSetChildDomain (110ms)
	RebuildCommonClasses (53ms)
	RebuildNativeTypeToScriptingClass (13ms)
	initialDomainReloadingComplete (47ms)
	LoadAllAssembliesAndSetupDomain (635ms)
		LoadAssemblies (344ms)
		RebuildTransferFunctionScriptingTraits (0ms)
		AnalyzeDomain (337ms)
			TypeCache.Refresh (21ms)
				TypeCache.ScanAssembly (0ms)
			BuildScriptInfoCaches (300ms)
			ResolveRequiredComponents (12ms)
	FinalizeReload (1027ms)
		ReleaseScriptCaches (0ms)
		RebuildScriptCaches (0ms)
		SetupLoadedEditorAssemblies (829ms)
			LogAssemblyErrors (0ms)
			InitializePlatformSupportModulesInManaged (2ms)
			SetLoadedEditorAssemblies (6ms)
			BeforeProcessingInitializeOnLoad (177ms)
			ProcessInitializeOnLoadAttributes (493ms)
			ProcessInitializeOnLoadMethodAttributes (147ms)
			AfterProcessingInitializeOnLoad (1ms)
			EditorAssembliesLoaded (3ms)
		ExecutionOrderSort2 (1ms)
		AwakeInstancesAfterBackupRestoration (23ms)
WARNING: Shader Unsupported: 'Universal Render Pipeline/VR/SpatialMapping/Wireframe' - All subshaders removed
WARNING: Shader Did you use #pragma only_renderers and omit this platform?
WARNING: Shader If subshaders removal was intentional, you may have forgotten turning Fallback off?
WARNING: Shader Unsupported: 'Universal Render Pipeline/VR/SpatialMapping/Wireframe' - All subshaders removed
WARNING: Shader Did you use #pragma only_renderers and omit this platform?
WARNING: Shader If subshaders removal was intentional, you may have forgotten turning Fallback off?
Refreshing native plugins compatible for Editor in 1.28 ms, found 4 plugins.
Preloading 0 native plugins for Editor in 0.00 ms.
Unloading 14 Unused Serialized files (Serialized files now loaded: 0)
Unloading 7015 unused Assets / (3.3 MB). Loaded Objects now: 7899.
Memory consumption went from 151.5 MB to 148.2 MB.
Total: 17.839833 ms (FindLiveObjects: 0.769667 ms CreateObjectMapping: 0.420542 ms MarkObjects: 12.368292 ms  DeleteObjects: 4.280041 ms)

Prepare: number of updated asset objects reloaded= 0
========================================================================
Received Prepare
Begin MonoManager ReloadAssembly
Thread 0x16ded7000 may have been prematurely finalized
Symbol file LoadedFromMemory is not a mono symbol file
- Loaded All Assemblies, in  0.988 seconds
'Assets/Photon/Fusion/Runtime/Fusion.Unity.cs' contains partial class of Unity.Object, exactly 1 of the partial classes needs to be in a file with the same filename. This is to know the one that can be referenced from ie. GameObjects
'Assets/Photon/Fusion/Runtime/Fusion.Unity.cs' contains partial class of Unity.Object, exactly 1 of the partial classes needs to be in a file with the same filename. This is to know the one that can be referenced from ie. GameObjects
Refreshing native plugins compatible for Editor in 1.18 ms, found 4 plugins.
Native extension for OSXStandalone target not found
System.Reflection.TargetInvocationException: Exception has been thrown by the target of an invocation. ---> System.NullReferenceException: Object reference not set to an instance of an object
  at Unity.Multiplayer.Playmode.Workflow.Editor.ProjectDataStore..ctor (System.String directory) [0x0006e] in ./Library/PackageCache/com.unity.multiplayer.playmode@3acaa705f0f9/Workflow/Editor/Configuration/ProjectDataStore.cs:55 
  at Unity.Multiplayer.Playmode.Workflow.Editor.ProjectDataStore.GetMain () [0x00000] in ./Library/PackageCache/com.unity.multiplayer.playmode@3acaa705f0f9/Workflow/Editor/Configuration/ProjectDataStore.cs:36 
  at Unity.Multiplayer.Playmode.Workflow.Editor.WorkflowMainEditorContext..ctor (Unity.Multiplayer.Playmode.VirtualProjects.Editor.MainEditorContext mainEditorContext) [0x0002c] in ./Library/PackageCache/com.unity.multiplayer.playmode@3acaa705f0f9/Workflow/Editor/Contexts/WorkflowMainEditorContext.cs:15 
  at Unity.Multiplayer.Playmode.Workflow.Editor.VirtualProjectWorkflow.InitializeMPPMContexts () [0x00018] in ./Library/PackageCache/com.unity.multiplayer.playmode@3acaa705f0f9/Workflow/Editor/Workflow/VirtualProjectWorkflow.cs:204 
  at Unity.Multiplayer.Playmode.Workflow.Editor.VirtualProjectWorkflow+<>c.<.cctor>b__22_0 () [0x00036] in ./Library/PackageCache/com.unity.multiplayer.playmode@3acaa705f0f9/Workflow/Editor/Workflow/VirtualProjectWorkflow.cs:85 
  at Unity.Multiplayer.Playmode.VirtualProjects.Editor.EditorContexts.SendReadyEvent () [0x00038] in ./Library/PackageCache/com.unity.multiplayer.playmode@3acaa705f0f9/VirtualProjects/Editor/Contexts/EditorContexts.cs:56 
  at (wrapper managed-to-native) System.Reflection.RuntimeMethodInfo.InternalInvoke(System.Reflection.RuntimeMethodInfo,object,object[],System.Exception&)
  at System.Reflection.RuntimeMethodInfo.Invoke (System.Object obj, System.Reflection.BindingFlags invokeAttr, System.Reflection.Binder binder, System.Object[] parameters, System.Globalization.CultureInfo culture) [0x0006a] in <c0ef40ba0fc84b3b8725b73e9957d1b5>:0 
   --- End of inner exception stack trace ---
  at System.Reflection.RuntimeMethodInfo.Invoke (System.Object obj, System.Reflection.BindingFlags invokeAttr, System.Reflection.Binder binder, System.Object[] parameters, System.Globalization.CultureInfo culture) [0x00083] in <c0ef40ba0fc84b3b8725b73e9957d1b5>:0 
  at System.Reflection.MethodBase.Invoke (System.Object obj, System.Object[] parameters) [0x00000] in <c0ef40ba0fc84b3b8725b73e9957d1b5>:0 
  at UnityEditor.EditorAssemblies.ProcessInitializeOnLoadMethodAttributes () [0x00087] in /Users/bokken/build/output/unity/unity/Editor/Mono/EditorAssemblies.cs:152 
UnityEngine.Debug:ExtractStackTraceNoAlloc (byte*,int,string)
UnityEngine.StackTraceUtility:ExtractStackTrace () (at /Users/bokken/build/output/unity/unity/Runtime/Export/Scripting/StackTrace.cs:35)
UnityEngine.DebugLogHandler:Internal_Log (UnityEngine.LogType,UnityEngine.LogOption,string,UnityEngine.Object)
UnityEngine.DebugLogHandler:LogFormat (UnityEngine.LogType,UnityEngine.Object,string,object[])
UnityEngine.Logger:Log (UnityEngine.LogType,object)
UnityEngine.Debug:LogError (object)
UnityEditor.EditorAssemblies:ProcessInitializeOnLoadMethodAttributes () (at /Users/bokken/build/output/unity/unity/Editor/Mono/EditorAssemblies.cs:156)

(Filename: /Users/bokken/build/output/unity/unity/Editor/Mono/EditorAssemblies.cs Line: 156)

Mono: successfully reloaded assembly
- Finished resetting the current domain, in  1.037 seconds
Domain Reload Profiling: 2028ms
	BeginReloadAssembly (277ms)
		ExecutionOrderSort (0ms)
		DisableScriptedObjects (36ms)
		BackupInstance (0ms)
		ReleaseScriptingObjects (0ms)
		CreateAndSetChildDomain (125ms)
	RebuildCommonClasses (42ms)
	RebuildNativeTypeToScriptingClass (12ms)
	initialDomainReloadingComplete (26ms)
	LoadAllAssembliesAndSetupDomain (633ms)
		LoadAssemblies (367ms)
		RebuildTransferFunctionScriptingTraits (0ms)
		AnalyzeDomain (310ms)
			TypeCache.Refresh (29ms)
				TypeCache.ScanAssembly (0ms)
			BuildScriptInfoCaches (266ms)
			ResolveRequiredComponents (11ms)
	FinalizeReload (1037ms)
		ReleaseScriptCaches (0ms)
		RebuildScriptCaches (0ms)
		SetupLoadedEditorAssemblies (837ms)
			LogAssemblyErrors (0ms)
			InitializePlatformSupportModulesInManaged (2ms)
			SetLoadedEditorAssemblies (5ms)
			BeforeProcessingInitializeOnLoad (167ms)
			ProcessInitializeOnLoadAttributes (481ms)
			ProcessInitializeOnLoadMethodAttributes (180ms)
			AfterProcessingInitializeOnLoad (1ms)
			EditorAssembliesLoaded (1ms)
		ExecutionOrderSort2 (0ms)
		AwakeInstancesAfterBackupRestoration (55ms)
WARNING: Shader Unsupported: 'Universal Render Pipeline/VR/SpatialMapping/Wireframe' - All subshaders removed
WARNING: Shader Did you use #pragma only_renderers and omit this platform?
WARNING: Shader If subshaders removal was intentional, you may have forgotten turning Fallback off?
WARNING: Shader Unsupported: 'Universal Render Pipeline/VR/SpatialMapping/Wireframe' - All subshaders removed
WARNING: Shader Did you use #pragma only_renderers and omit this platform?
WARNING: Shader If subshaders removal was intentional, you may have forgotten turning Fallback off?
Refreshing native plugins compatible for Editor in 1.76 ms, found 4 plugins.
Preloading 0 native plugins for Editor in 0.00 ms.
Unloading 14 Unused Serialized files (Serialized files now loaded: 0)
Unloading 7015 unused Assets / (3.9 MB). Loaded Objects now: 7901.
Memory consumption went from 151.5 MB to 147.7 MB.
Total: 13.692250 ms (FindLiveObjects: 0.882875 ms CreateObjectMapping: 0.591541 ms MarkObjects: 8.420750 ms  DeleteObjects: 3.795500 ms)

Prepare: number of updated asset objects reloaded= 0
========================================================================
Received Prepare
Begin MonoManager ReloadAssembly
Thread 0x16ded7000 may have been prematurely finalized
Symbol file LoadedFromMemory is not a mono symbol file
- Loaded All Assemblies, in  1.660 seconds
'Assets/Photon/Fusion/Runtime/Fusion.Unity.cs' contains partial class of Unity.Object, exactly 1 of the partial classes needs to be in a file with the same filename. This is to know the one that can be referenced from ie. GameObjects
'Assets/Photon/Fusion/Runtime/Fusion.Unity.cs' contains partial class of Unity.Object, exactly 1 of the partial classes needs to be in a file with the same filename. This is to know the one that can be referenced from ie. GameObjects
Refreshing native plugins compatible for Editor in 1.13 ms, found 4 plugins.
Native extension for OSXStandalone target not found
System.Reflection.TargetInvocationException: Exception has been thrown by the target of an invocation. ---> System.NullReferenceException: Object reference not set to an instance of an object
  at Unity.Multiplayer.Playmode.Workflow.Editor.ProjectDataStore..ctor (System.String directory) [0x0006e] in ./Library/PackageCache/com.unity.multiplayer.playmode@3acaa705f0f9/Workflow/Editor/Configuration/ProjectDataStore.cs:55 
  at Unity.Multiplayer.Playmode.Workflow.Editor.ProjectDataStore.GetMain () [0x00000] in ./Library/PackageCache/com.unity.multiplayer.playmode@3acaa705f0f9/Workflow/Editor/Configuration/ProjectDataStore.cs:36 
  at Unity.Multiplayer.Playmode.Workflow.Editor.WorkflowMainEditorContext..ctor (Unity.Multiplayer.Playmode.VirtualProjects.Editor.MainEditorContext mainEditorContext) [0x0002c] in ./Library/PackageCache/com.unity.multiplayer.playmode@3acaa705f0f9/Workflow/Editor/Contexts/WorkflowMainEditorContext.cs:15 
  at Unity.Multiplayer.Playmode.Workflow.Editor.VirtualProjectWorkflow.InitializeMPPMContexts () [0x00018] in ./Library/PackageCache/com.unity.multiplayer.playmode@3acaa705f0f9/Workflow/Editor/Workflow/VirtualProjectWorkflow.cs:204 
  at Unity.Multiplayer.Playmode.Workflow.Editor.VirtualProjectWorkflow+<>c.<.cctor>b__22_0 () [0x00036] in ./Library/PackageCache/com.unity.multiplayer.playmode@3acaa705f0f9/Workflow/Editor/Workflow/VirtualProjectWorkflow.cs:85 
  at Unity.Multiplayer.Playmode.VirtualProjects.Editor.EditorContexts.SendReadyEvent () [0x00038] in ./Library/PackageCache/com.unity.multiplayer.playmode@3acaa705f0f9/VirtualProjects/Editor/Contexts/EditorContexts.cs:56 
  at (wrapper managed-to-native) System.Reflection.RuntimeMethodInfo.InternalInvoke(System.Reflection.RuntimeMethodInfo,object,object[],System.Exception&)
  at System.Reflection.RuntimeMethodInfo.Invoke (System.Object obj, System.Reflection.BindingFlags invokeAttr, System.Reflection.Binder binder, System.Object[] parameters, System.Globalization.CultureInfo culture) [0x0006a] in <c0ef40ba0fc84b3b8725b73e9957d1b5>:0 
   --- End of inner exception stack trace ---
  at System.Reflection.RuntimeMethodInfo.Invoke (System.Object obj, System.Reflection.BindingFlags invokeAttr, System.Reflection.Binder binder, System.Object[] parameters, System.Globalization.CultureInfo culture) [0x00083] in <c0ef40ba0fc84b3b8725b73e9957d1b5>:0 
  at System.Reflection.MethodBase.Invoke (System.Object obj, System.Object[] parameters) [0x00000] in <c0ef40ba0fc84b3b8725b73e9957d1b5>:0 
  at UnityEditor.EditorAssemblies.ProcessInitializeOnLoadMethodAttributes () [0x00087] in /Users/bokken/build/output/unity/unity/Editor/Mono/EditorAssemblies.cs:152 
UnityEngine.Debug:ExtractStackTraceNoAlloc (byte*,int,string)
UnityEngine.StackTraceUtility:ExtractStackTrace () (at /Users/bokken/build/output/unity/unity/Runtime/Export/Scripting/StackTrace.cs:35)
UnityEngine.DebugLogHandler:Internal_Log (UnityEngine.LogType,UnityEngine.LogOption,string,UnityEngine.Object)
UnityEngine.DebugLogHandler:LogFormat (UnityEngine.LogType,UnityEngine.Object,string,object[])
UnityEngine.Logger:Log (UnityEngine.LogType,object)
UnityEngine.Debug:LogError (object)
UnityEditor.EditorAssemblies:ProcessInitializeOnLoadMethodAttributes () (at /Users/bokken/build/output/unity/unity/Editor/Mono/EditorAssemblies.cs:156)

(Filename: /Users/bokken/build/output/unity/unity/Editor/Mono/EditorAssemblies.cs Line: 156)

Mono: successfully reloaded assembly
- Finished resetting the current domain, in  0.683 seconds
Domain Reload Profiling: 2345ms
	BeginReloadAssembly (819ms)
		ExecutionOrderSort (0ms)
		DisableScriptedObjects (85ms)
		BackupInstance (0ms)
		ReleaseScriptingObjects (1ms)
		CreateAndSetChildDomain (322ms)
	RebuildCommonClasses (61ms)
	RebuildNativeTypeToScriptingClass (15ms)
	initialDomainReloadingComplete (26ms)
	LoadAllAssembliesAndSetupDomain (742ms)
		LoadAssemblies (738ms)
		RebuildTransferFunctionScriptingTraits (0ms)
		AnalyzeDomain (274ms)
			TypeCache.Refresh (37ms)
				TypeCache.ScanAssembly (1ms)
			BuildScriptInfoCaches (220ms)
			ResolveRequiredComponents (11ms)
	FinalizeReload (684ms)
		ReleaseScriptCaches (0ms)
		RebuildScriptCaches (0ms)
		SetupLoadedEditorAssemblies (550ms)
			LogAssemblyErrors (0ms)
			InitializePlatformSupportModulesInManaged (1ms)
			SetLoadedEditorAssemblies (4ms)
			BeforeProcessingInitializeOnLoad (117ms)
			ProcessInitializeOnLoadAttributes (316ms)
			ProcessInitializeOnLoadMethodAttributes (111ms)
			AfterProcessingInitializeOnLoad (1ms)
			EditorAssembliesLoaded (0ms)
		ExecutionOrderSort2 (0ms)
		AwakeInstancesAfterBackupRestoration (19ms)
WARNING: Shader Unsupported: 'Universal Render Pipeline/VR/SpatialMapping/Wireframe' - All subshaders removed
WARNING: Shader Did you use #pragma only_renderers and omit this platform?
WARNING: Shader If subshaders removal was intentional, you may have forgotten turning Fallback off?
WARNING: Shader Unsupported: 'Universal Render Pipeline/VR/SpatialMapping/Wireframe' - All subshaders removed
WARNING: Shader Did you use #pragma only_renderers and omit this platform?
WARNING: Shader If subshaders removal was intentional, you may have forgotten turning Fallback off?
Refreshing native plugins compatible for Editor in 1.24 ms, found 4 plugins.
Preloading 0 native plugins for Editor in 0.00 ms.
Unloading 14 Unused Serialized files (Serialized files now loaded: 0)
Unloading 7016 unused Assets / (4.5 MB). Loaded Objects now: 7902.
Memory consumption went from 151.6 MB to 147.1 MB.
Total: 9.567500 ms (FindLiveObjects: 0.496125 ms CreateObjectMapping: 0.275208 ms MarkObjects: 5.588167 ms  DeleteObjects: 3.207125 ms)

Prepare: number of updated asset objects reloaded= 0
========================================================================
Received Prepare
Begin MonoManager ReloadAssembly
Thread 0x16ded7000 may have been prematurely finalized
Symbol file LoadedFromMemory is not a mono symbol file
- Loaded All Assemblies, in  1.119 seconds
'Assets/Photon/Fusion/Runtime/Fusion.Unity.cs' contains partial class of Unity.Object, exactly 1 of the partial classes needs to be in a file with the same filename. This is to know the one that can be referenced from ie. GameObjects
'Assets/Photon/Fusion/Runtime/Fusion.Unity.cs' contains partial class of Unity.Object, exactly 1 of the partial classes needs to be in a file with the same filename. This is to know the one that can be referenced from ie. GameObjects
Refreshing native plugins compatible for Editor in 1.46 ms, found 4 plugins.
Native extension for OSXStandalone target not found
System.Reflection.TargetInvocationException: Exception has been thrown by the target of an invocation. ---> System.NullReferenceException: Object reference not set to an instance of an object
  at Unity.Multiplayer.Playmode.Workflow.Editor.ProjectDataStore..ctor (System.String directory) [0x0006e] in ./Library/PackageCache/com.unity.multiplayer.playmode@3acaa705f0f9/Workflow/Editor/Configuration/ProjectDataStore.cs:55 
  at Unity.Multiplayer.Playmode.Workflow.Editor.ProjectDataStore.GetMain () [0x00000] in ./Library/PackageCache/com.unity.multiplayer.playmode@3acaa705f0f9/Workflow/Editor/Configuration/ProjectDataStore.cs:36 
  at Unity.Multiplayer.Playmode.Workflow.Editor.WorkflowMainEditorContext..ctor (Unity.Multiplayer.Playmode.VirtualProjects.Editor.MainEditorContext mainEditorContext) [0x0002c] in ./Library/PackageCache/com.unity.multiplayer.playmode@3acaa705f0f9/Workflow/Editor/Contexts/WorkflowMainEditorContext.cs:15 
  at Unity.Multiplayer.Playmode.Workflow.Editor.VirtualProjectWorkflow.InitializeMPPMContexts () [0x00018] in ./Library/PackageCache/com.unity.multiplayer.playmode@3acaa705f0f9/Workflow/Editor/Workflow/VirtualProjectWorkflow.cs:204 
  at Unity.Multiplayer.Playmode.Workflow.Editor.VirtualProjectWorkflow+<>c.<.cctor>b__22_0 () [0x00036] in ./Library/PackageCache/com.unity.multiplayer.playmode@3acaa705f0f9/Workflow/Editor/Workflow/VirtualProjectWorkflow.cs:85 
  at Unity.Multiplayer.Playmode.VirtualProjects.Editor.EditorContexts.SendReadyEvent () [0x00038] in ./Library/PackageCache/com.unity.multiplayer.playmode@3acaa705f0f9/VirtualProjects/Editor/Contexts/EditorContexts.cs:56 
  at (wrapper managed-to-native) System.Reflection.RuntimeMethodInfo.InternalInvoke(System.Reflection.RuntimeMethodInfo,object,object[],System.Exception&)
  at System.Reflection.RuntimeMethodInfo.Invoke (System.Object obj, System.Reflection.BindingFlags invokeAttr, System.Reflection.Binder binder, System.Object[] parameters, System.Globalization.CultureInfo culture) [0x0006a] in <c0ef40ba0fc84b3b8725b73e9957d1b5>:0 
   --- End of inner exception stack trace ---
  at System.Reflection.RuntimeMethodInfo.Invoke (System.Object obj, System.Reflection.BindingFlags invokeAttr, System.Reflection.Binder binder, System.Object[] parameters, System.Globalization.CultureInfo culture) [0x00083] in <c0ef40ba0fc84b3b8725b73e9957d1b5>:0 
  at System.Reflection.MethodBase.Invoke (System.Object obj, System.Object[] parameters) [0x00000] in <c0ef40ba0fc84b3b8725b73e9957d1b5>:0 
  at UnityEditor.EditorAssemblies.ProcessInitializeOnLoadMethodAttributes () [0x00087] in /Users/bokken/build/output/unity/unity/Editor/Mono/EditorAssemblies.cs:152 
UnityEngine.Debug:ExtractStackTraceNoAlloc (byte*,int,string)
UnityEngine.StackTraceUtility:ExtractStackTrace () (at /Users/bokken/build/output/unity/unity/Runtime/Export/Scripting/StackTrace.cs:35)
UnityEngine.DebugLogHandler:Internal_Log (UnityEngine.LogType,UnityEngine.LogOption,string,UnityEngine.Object)
UnityEngine.DebugLogHandler:LogFormat (UnityEngine.LogType,UnityEngine.Object,string,object[])
UnityEngine.Logger:Log (UnityEngine.LogType,object)
UnityEngine.Debug:LogError (object)
UnityEditor.EditorAssemblies:ProcessInitializeOnLoadMethodAttributes () (at /Users/bokken/build/output/unity/unity/Editor/Mono/EditorAssemblies.cs:156)

(Filename: /Users/bokken/build/output/unity/unity/Editor/Mono/EditorAssemblies.cs Line: 156)

Mono: successfully reloaded assembly
- Finished resetting the current domain, in  0.931 seconds
Domain Reload Profiling: 2055ms
	BeginReloadAssembly (402ms)
		ExecutionOrderSort (0ms)
		DisableScriptedObjects (53ms)
		BackupInstance (0ms)
		ReleaseScriptingObjects (1ms)
		CreateAndSetChildDomain (172ms)
	RebuildCommonClasses (40ms)
	RebuildNativeTypeToScriptingClass (12ms)
	initialDomainReloadingComplete (29ms)
	LoadAllAssembliesAndSetupDomain (641ms)
		LoadAssemblies (387ms)
		RebuildTransferFunctionScriptingTraits (0ms)
		AnalyzeDomain (323ms)
			TypeCache.Refresh (21ms)
				TypeCache.ScanAssembly (0ms)
			BuildScriptInfoCaches (274ms)
			ResolveRequiredComponents (14ms)
	FinalizeReload (931ms)
		ReleaseScriptCaches (0ms)
		RebuildScriptCaches (0ms)
		SetupLoadedEditorAssemblies (710ms)
			LogAssemblyErrors (0ms)
			InitializePlatformSupportModulesInManaged (2ms)
			SetLoadedEditorAssemblies (5ms)
			BeforeProcessingInitializeOnLoad (189ms)
			ProcessInitializeOnLoadAttributes (364ms)
			ProcessInitializeOnLoadMethodAttributes (148ms)
			AfterProcessingInitializeOnLoad (1ms)
			EditorAssembliesLoaded (1ms)
		ExecutionOrderSort2 (0ms)
		AwakeInstancesAfterBackupRestoration (24ms)
WARNING: Shader Unsupported: 'Universal Render Pipeline/VR/SpatialMapping/Wireframe' - All subshaders removed
WARNING: Shader Did you use #pragma only_renderers and omit this platform?
WARNING: Shader If subshaders removal was intentional, you may have forgotten turning Fallback off?
WARNING: Shader Unsupported: 'Universal Render Pipeline/VR/SpatialMapping/Wireframe' - All subshaders removed
WARNING: Shader Did you use #pragma only_renderers and omit this platform?
WARNING: Shader If subshaders removal was intentional, you may have forgotten turning Fallback off?
Refreshing native plugins compatible for Editor in 1.84 ms, found 4 plugins.
Preloading 0 native plugins for Editor in 0.00 ms.
Unloading 14 Unused Serialized files (Serialized files now loaded: 0)
Unloading 7015 unused Assets / (3.0 MB). Loaded Objects now: 7905.
Memory consumption went from 151.6 MB to 148.6 MB.
Total: 22.266250 ms (FindLiveObjects: 1.541584 ms CreateObjectMapping: 0.941875 ms MarkObjects: 16.406000 ms  DeleteObjects: 3.375292 ms)

Prepare: number of updated asset objects reloaded= 0
========================================================================
Received Prepare
Begin MonoManager ReloadAssembly
Thread 0x16ded7000 may have been prematurely finalized
Symbol file LoadedFromMemory is not a mono symbol file
- Loaded All Assemblies, in  1.148 seconds
'Assets/Photon/Fusion/Runtime/Fusion.Unity.cs' contains partial class of Unity.Object, exactly 1 of the partial classes needs to be in a file with the same filename. This is to know the one that can be referenced from ie. GameObjects
'Assets/Photon/Fusion/Runtime/Fusion.Unity.cs' contains partial class of Unity.Object, exactly 1 of the partial classes needs to be in a file with the same filename. This is to know the one that can be referenced from ie. GameObjects
Refreshing native plugins compatible for Editor in 1.36 ms, found 4 plugins.
Native extension for OSXStandalone target not found
System.Reflection.TargetInvocationException: Exception has been thrown by the target of an invocation. ---> System.NullReferenceException: Object reference not set to an instance of an object
  at Unity.Multiplayer.Playmode.Workflow.Editor.ProjectDataStore..ctor (System.String directory) [0x0006e] in ./Library/PackageCache/com.unity.multiplayer.playmode@3acaa705f0f9/Workflow/Editor/Configuration/ProjectDataStore.cs:55 
  at Unity.Multiplayer.Playmode.Workflow.Editor.ProjectDataStore.GetMain () [0x00000] in ./Library/PackageCache/com.unity.multiplayer.playmode@3acaa705f0f9/Workflow/Editor/Configuration/ProjectDataStore.cs:36 
  at Unity.Multiplayer.Playmode.Workflow.Editor.WorkflowMainEditorContext..ctor (Unity.Multiplayer.Playmode.VirtualProjects.Editor.MainEditorContext mainEditorContext) [0x0002c] in ./Library/PackageCache/com.unity.multiplayer.playmode@3acaa705f0f9/Workflow/Editor/Contexts/WorkflowMainEditorContext.cs:15 
  at Unity.Multiplayer.Playmode.Workflow.Editor.VirtualProjectWorkflow.InitializeMPPMContexts () [0x00018] in ./Library/PackageCache/com.unity.multiplayer.playmode@3acaa705f0f9/Workflow/Editor/Workflow/VirtualProjectWorkflow.cs:204 
  at Unity.Multiplayer.Playmode.Workflow.Editor.VirtualProjectWorkflow+<>c.<.cctor>b__22_0 () [0x00036] in ./Library/PackageCache/com.unity.multiplayer.playmode@3acaa705f0f9/Workflow/Editor/Workflow/VirtualProjectWorkflow.cs:85 
  at Unity.Multiplayer.Playmode.VirtualProjects.Editor.EditorContexts.SendReadyEvent () [0x00038] in ./Library/PackageCache/com.unity.multiplayer.playmode@3acaa705f0f9/VirtualProjects/Editor/Contexts/EditorContexts.cs:56 
  at (wrapper managed-to-native) System.Reflection.RuntimeMethodInfo.InternalInvoke(System.Reflection.RuntimeMethodInfo,object,object[],System.Exception&)
  at System.Reflection.RuntimeMethodInfo.Invoke (System.Object obj, System.Reflection.BindingFlags invokeAttr, System.Reflection.Binder binder, System.Object[] parameters, System.Globalization.CultureInfo culture) [0x0006a] in <c0ef40ba0fc84b3b8725b73e9957d1b5>:0 
   --- End of inner exception stack trace ---
  at System.Reflection.RuntimeMethodInfo.Invoke (System.Object obj, System.Reflection.BindingFlags invokeAttr, System.Reflection.Binder binder, System.Object[] parameters, System.Globalization.CultureInfo culture) [0x00083] in <c0ef40ba0fc84b3b8725b73e9957d1b5>:0 
  at System.Reflection.MethodBase.Invoke (System.Object obj, System.Object[] parameters) [0x00000] in <c0ef40ba0fc84b3b8725b73e9957d1b5>:0 
  at UnityEditor.EditorAssemblies.ProcessInitializeOnLoadMethodAttributes () [0x00087] in /Users/bokken/build/output/unity/unity/Editor/Mono/EditorAssemblies.cs:152 
UnityEngine.Debug:ExtractStackTraceNoAlloc (byte*,int,string)
UnityEngine.StackTraceUtility:ExtractStackTrace () (at /Users/bokken/build/output/unity/unity/Runtime/Export/Scripting/StackTrace.cs:35)
UnityEngine.DebugLogHandler:Internal_Log (UnityEngine.LogType,UnityEngine.LogOption,string,UnityEngine.Object)
UnityEngine.DebugLogHandler:LogFormat (UnityEngine.LogType,UnityEngine.Object,string,object[])
UnityEngine.Logger:Log (UnityEngine.LogType,object)
UnityEngine.Debug:LogError (object)
UnityEditor.EditorAssemblies:ProcessInitializeOnLoadMethodAttributes () (at /Users/bokken/build/output/unity/unity/Editor/Mono/EditorAssemblies.cs:156)

(Filename: /Users/bokken/build/output/unity/unity/Editor/Mono/EditorAssemblies.cs Line: 156)

Mono: successfully reloaded assembly
- Finished resetting the current domain, in  0.990 seconds
Domain Reload Profiling: 2142ms
	BeginReloadAssembly (321ms)
		ExecutionOrderSort (0ms)
		DisableScriptedObjects (41ms)
		BackupInstance (0ms)
		ReleaseScriptingObjects (1ms)
		CreateAndSetChildDomain (147ms)
	RebuildCommonClasses (47ms)
	RebuildNativeTypeToScriptingClass (13ms)
	initialDomainReloadingComplete (31ms)
	LoadAllAssembliesAndSetupDomain (739ms)
		LoadAssemblies (473ms)
		RebuildTransferFunctionScriptingTraits (0ms)
		AnalyzeDomain (313ms)
			TypeCache.Refresh (29ms)
				TypeCache.ScanAssembly (0ms)
			BuildScriptInfoCaches (260ms)
			ResolveRequiredComponents (18ms)
	FinalizeReload (991ms)
		ReleaseScriptCaches (0ms)
		RebuildScriptCaches (0ms)
		SetupLoadedEditorAssemblies (776ms)
			LogAssemblyErrors (0ms)
			InitializePlatformSupportModulesInManaged (2ms)
			SetLoadedEditorAssemblies (8ms)
			BeforeProcessingInitializeOnLoad (165ms)
			ProcessInitializeOnLoadAttributes (442ms)
			ProcessInitializeOnLoadMethodAttributes (157ms)
			AfterProcessingInitializeOnLoad (1ms)
			EditorAssembliesLoaded (1ms)
		ExecutionOrderSort2 (0ms)
		AwakeInstancesAfterBackupRestoration (26ms)
WARNING: Shader Unsupported: 'Universal Render Pipeline/VR/SpatialMapping/Wireframe' - All subshaders removed
WARNING: Shader Did you use #pragma only_renderers and omit this platform?
WARNING: Shader If subshaders removal was intentional, you may have forgotten turning Fallback off?
WARNING: Shader Unsupported: 'Universal Render Pipeline/VR/SpatialMapping/Wireframe' - All subshaders removed
WARNING: Shader Did you use #pragma only_renderers and omit this platform?
WARNING: Shader If subshaders removal was intentional, you may have forgotten turning Fallback off?
Refreshing native plugins compatible for Editor in 4.71 ms, found 4 plugins.
Preloading 0 native plugins for Editor in 0.00 ms.
Unloading 14 Unused Serialized files (Serialized files now loaded: 0)
Unloading 7015 unused Assets / (4.8 MB). Loaded Objects now: 7907.
Memory consumption went from 151.7 MB to 146.9 MB.
Total: 14.992750 ms (FindLiveObjects: 1.193458 ms CreateObjectMapping: 0.838875 ms MarkObjects: 8.279792 ms  DeleteObjects: 4.679416 ms)

Prepare: number of updated asset objects reloaded= 0
========================================================================
Received Prepare
Begin MonoManager ReloadAssembly
Thread 0x16ded7000 may have been prematurely finalized
Symbol file LoadedFromMemory is not a mono symbol file
- Loaded All Assemblies, in  2.130 seconds
'Assets/Photon/Fusion/Runtime/Fusion.Unity.cs' contains partial class of Unity.Object, exactly 1 of the partial classes needs to be in a file with the same filename. This is to know the one that can be referenced from ie. GameObjects
'Assets/Photon/Fusion/Runtime/Fusion.Unity.cs' contains partial class of Unity.Object, exactly 1 of the partial classes needs to be in a file with the same filename. This is to know the one that can be referenced from ie. GameObjects
Refreshing native plugins compatible for Editor in 1.28 ms, found 4 plugins.
Native extension for OSXStandalone target not found
System.Reflection.TargetInvocationException: Exception has been thrown by the target of an invocation. ---> System.NullReferenceException: Object reference not set to an instance of an object
  at Unity.Multiplayer.Playmode.Workflow.Editor.ProjectDataStore..ctor (System.String directory) [0x0006e] in ./Library/PackageCache/com.unity.multiplayer.playmode@3acaa705f0f9/Workflow/Editor/Configuration/ProjectDataStore.cs:55 
  at Unity.Multiplayer.Playmode.Workflow.Editor.ProjectDataStore.GetMain () [0x00000] in ./Library/PackageCache/com.unity.multiplayer.playmode@3acaa705f0f9/Workflow/Editor/Configuration/ProjectDataStore.cs:36 
  at Unity.Multiplayer.Playmode.Workflow.Editor.WorkflowMainEditorContext..ctor (Unity.Multiplayer.Playmode.VirtualProjects.Editor.MainEditorContext mainEditorContext) [0x0002c] in ./Library/PackageCache/com.unity.multiplayer.playmode@3acaa705f0f9/Workflow/Editor/Contexts/WorkflowMainEditorContext.cs:15 
  at Unity.Multiplayer.Playmode.Workflow.Editor.VirtualProjectWorkflow.InitializeMPPMContexts () [0x00018] in ./Library/PackageCache/com.unity.multiplayer.playmode@3acaa705f0f9/Workflow/Editor/Workflow/VirtualProjectWorkflow.cs:204 
  at Unity.Multiplayer.Playmode.Workflow.Editor.VirtualProjectWorkflow+<>c.<.cctor>b__22_0 () [0x00036] in ./Library/PackageCache/com.unity.multiplayer.playmode@3acaa705f0f9/Workflow/Editor/Workflow/VirtualProjectWorkflow.cs:85 
  at Unity.Multiplayer.Playmode.VirtualProjects.Editor.EditorContexts.SendReadyEvent () [0x00038] in ./Library/PackageCache/com.unity.multiplayer.playmode@3acaa705f0f9/VirtualProjects/Editor/Contexts/EditorContexts.cs:56 
  at (wrapper managed-to-native) System.Reflection.RuntimeMethodInfo.InternalInvoke(System.Reflection.RuntimeMethodInfo,object,object[],System.Exception&)
  at System.Reflection.RuntimeMethodInfo.Invoke (System.Object obj, System.Reflection.BindingFlags invokeAttr, System.Reflection.Binder binder, System.Object[] parameters, System.Globalization.CultureInfo culture) [0x0006a] in <c0ef40ba0fc84b3b8725b73e9957d1b5>:0 
   --- End of inner exception stack trace ---
  at System.Reflection.RuntimeMethodInfo.Invoke (System.Object obj, System.Reflection.BindingFlags invokeAttr, System.Reflection.Binder binder, System.Object[] parameters, System.Globalization.CultureInfo culture) [0x00083] in <c0ef40ba0fc84b3b8725b73e9957d1b5>:0 
  at System.Reflection.MethodBase.Invoke (System.Object obj, System.Object[] parameters) [0x00000] in <c0ef40ba0fc84b3b8725b73e9957d1b5>:0 
  at UnityEditor.EditorAssemblies.ProcessInitializeOnLoadMethodAttributes () [0x00087] in /Users/bokken/build/output/unity/unity/Editor/Mono/EditorAssemblies.cs:152 
UnityEngine.Debug:ExtractStackTraceNoAlloc (byte*,int,string)
UnityEngine.StackTraceUtility:ExtractStackTrace () (at /Users/bokken/build/output/unity/unity/Runtime/Export/Scripting/StackTrace.cs:35)
UnityEngine.DebugLogHandler:Internal_Log (UnityEngine.LogType,UnityEngine.LogOption,string,UnityEngine.Object)
UnityEngine.DebugLogHandler:LogFormat (UnityEngine.LogType,UnityEngine.Object,string,object[])
UnityEngine.Logger:Log (UnityEngine.LogType,object)
UnityEngine.Debug:LogError (object)
UnityEditor.EditorAssemblies:ProcessInitializeOnLoadMethodAttributes () (at /Users/bokken/build/output/unity/unity/Editor/Mono/EditorAssemblies.cs:156)

(Filename: /Users/bokken/build/output/unity/unity/Editor/Mono/EditorAssemblies.cs Line: 156)

Mono: successfully reloaded assembly
- Finished resetting the current domain, in  1.261 seconds
Domain Reload Profiling: 3394ms
	BeginReloadAssembly (906ms)
		ExecutionOrderSort (0ms)
		DisableScriptedObjects (77ms)
		BackupInstance (0ms)
		ReleaseScriptingObjects (1ms)
		CreateAndSetChildDomain (306ms)
	RebuildCommonClasses (63ms)
	RebuildNativeTypeToScriptingClass (21ms)
	initialDomainReloadingComplete (28ms)
	LoadAllAssembliesAndSetupDomain (1114ms)
		LoadAssemblies (1091ms)
		RebuildTransferFunctionScriptingTraits (0ms)
		AnalyzeDomain (424ms)
			TypeCache.Refresh (42ms)
				TypeCache.ScanAssembly (1ms)
			BuildScriptInfoCaches (366ms)
			ResolveRequiredComponents (11ms)
	FinalizeReload (1262ms)
		ReleaseScriptCaches (0ms)
		RebuildScriptCaches (0ms)
		SetupLoadedEditorAssemblies (1041ms)
			LogAssemblyErrors (0ms)
			InitializePlatformSupportModulesInManaged (2ms)
			SetLoadedEditorAssemblies (5ms)
			BeforeProcessingInitializeOnLoad (164ms)
			ProcessInitializeOnLoadAttributes (670ms)
			ProcessInitializeOnLoadMethodAttributes (192ms)
			AfterProcessingInitializeOnLoad (4ms)
			EditorAssembliesLoaded (3ms)
		ExecutionOrderSort2 (1ms)
		AwakeInstancesAfterBackupRestoration (38ms)
WARNING: Shader Unsupported: 'Universal Render Pipeline/VR/SpatialMapping/Wireframe' - All subshaders removed
WARNING: Shader Did you use #pragma only_renderers and omit this platform?
WARNING: Shader If subshaders removal was intentional, you may have forgotten turning Fallback off?
WARNING: Shader Unsupported: 'Universal Render Pipeline/VR/SpatialMapping/Wireframe' - All subshaders removed
WARNING: Shader Did you use #pragma only_renderers and omit this platform?
WARNING: Shader If subshaders removal was intentional, you may have forgotten turning Fallback off?
Refreshing native plugins compatible for Editor in 1.90 ms, found 4 plugins.
Preloading 0 native plugins for Editor in 0.00 ms.
Unloading 14 Unused Serialized files (Serialized files now loaded: 0)
Unloading 7016 unused Assets / (2.7 MB). Loaded Objects now: 7908.
Memory consumption went from 151.7 MB to 149.0 MB.
Total: 71.393208 ms (FindLiveObjects: 1.639292 ms CreateObjectMapping: 4.409500 ms MarkObjects: 43.602625 ms  DeleteObjects: 21.740708 ms)

Prepare: number of updated asset objects reloaded= 0
========================================================================
Received Prepare
Begin MonoManager ReloadAssembly
Thread 0x17ecd7000 may have been prematurely finalized
Symbol file LoadedFromMemory is not a mono symbol file
- Loaded All Assemblies, in  1.870 seconds
'Assets/Photon/Fusion/Runtime/Fusion.Unity.cs' contains partial class of Unity.Object, exactly 1 of the partial classes needs to be in a file with the same filename. This is to know the one that can be referenced from ie. GameObjects
'Assets/Photon/Fusion/Runtime/Fusion.Unity.cs' contains partial class of Unity.Object, exactly 1 of the partial classes needs to be in a file with the same filename. This is to know the one that can be referenced from ie. GameObjects
Refreshing native plugins compatible for Editor in 1.58 ms, found 4 plugins.
Native extension for OSXStandalone target not found
System.Reflection.TargetInvocationException: Exception has been thrown by the target of an invocation. ---> System.NullReferenceException: Object reference not set to an instance of an object
  at Unity.Multiplayer.Playmode.Workflow.Editor.ProjectDataStore..ctor (System.String directory) [0x0006e] in ./Library/PackageCache/com.unity.multiplayer.playmode@3acaa705f0f9/Workflow/Editor/Configuration/ProjectDataStore.cs:55 
  at Unity.Multiplayer.Playmode.Workflow.Editor.ProjectDataStore.GetMain () [0x00000] in ./Library/PackageCache/com.unity.multiplayer.playmode@3acaa705f0f9/Workflow/Editor/Configuration/ProjectDataStore.cs:36 
  at Unity.Multiplayer.Playmode.Workflow.Editor.WorkflowMainEditorContext..ctor (Unity.Multiplayer.Playmode.VirtualProjects.Editor.MainEditorContext mainEditorContext) [0x0002c] in ./Library/PackageCache/com.unity.multiplayer.playmode@3acaa705f0f9/Workflow/Editor/Contexts/WorkflowMainEditorContext.cs:15 
  at Unity.Multiplayer.Playmode.Workflow.Editor.VirtualProjectWorkflow.InitializeMPPMContexts () [0x00018] in ./Library/PackageCache/com.unity.multiplayer.playmode@3acaa705f0f9/Workflow/Editor/Workflow/VirtualProjectWorkflow.cs:204 
  at Unity.Multiplayer.Playmode.Workflow.Editor.VirtualProjectWorkflow+<>c.<.cctor>b__22_0 () [0x00036] in ./Library/PackageCache/com.unity.multiplayer.playmode@3acaa705f0f9/Workflow/Editor/Workflow/VirtualProjectWorkflow.cs:85 
  at Unity.Multiplayer.Playmode.VirtualProjects.Editor.EditorContexts.SendReadyEvent () [0x00038] in ./Library/PackageCache/com.unity.multiplayer.playmode@3acaa705f0f9/VirtualProjects/Editor/Contexts/EditorContexts.cs:56 
  at (wrapper managed-to-native) System.Reflection.RuntimeMethodInfo.InternalInvoke(System.Reflection.RuntimeMethodInfo,object,object[],System.Exception&)
  at System.Reflection.RuntimeMethodInfo.Invoke (System.Object obj, System.Reflection.BindingFlags invokeAttr, System.Reflection.Binder binder, System.Object[] parameters, System.Globalization.CultureInfo culture) [0x0006a] in <c0ef40ba0fc84b3b8725b73e9957d1b5>:0 
   --- End of inner exception stack trace ---
  at System.Reflection.RuntimeMethodInfo.Invoke (System.Object obj, System.Reflection.BindingFlags invokeAttr, System.Reflection.Binder binder, System.Object[] parameters, System.Globalization.CultureInfo culture) [0x00083] in <c0ef40ba0fc84b3b8725b73e9957d1b5>:0 
  at System.Reflection.MethodBase.Invoke (System.Object obj, System.Object[] parameters) [0x00000] in <c0ef40ba0fc84b3b8725b73e9957d1b5>:0 
  at UnityEditor.EditorAssemblies.ProcessInitializeOnLoadMethodAttributes () [0x00087] in /Users/bokken/build/output/unity/unity/Editor/Mono/EditorAssemblies.cs:152 
UnityEngine.Debug:ExtractStackTraceNoAlloc (byte*,int,string)
UnityEngine.StackTraceUtility:ExtractStackTrace () (at /Users/bokken/build/output/unity/unity/Runtime/Export/Scripting/StackTrace.cs:35)
UnityEngine.DebugLogHandler:Internal_Log (UnityEngine.LogType,UnityEngine.LogOption,string,UnityEngine.Object)
UnityEngine.DebugLogHandler:LogFormat (UnityEngine.LogType,UnityEngine.Object,string,object[])
UnityEngine.Logger:Log (UnityEngine.LogType,object)
UnityEngine.Debug:LogError (object)
UnityEditor.EditorAssemblies:ProcessInitializeOnLoadMethodAttributes () (at /Users/bokken/build/output/unity/unity/Editor/Mono/EditorAssemblies.cs:156)

(Filename: /Users/bokken/build/output/unity/unity/Editor/Mono/EditorAssemblies.cs Line: 156)

Mono: successfully reloaded assembly
- Finished resetting the current domain, in  1.174 seconds
Domain Reload Profiling: 3047ms
	BeginReloadAssembly (729ms)
		ExecutionOrderSort (1ms)
		DisableScriptedObjects (62ms)
		BackupInstance (0ms)
		ReleaseScriptingObjects (1ms)
		CreateAndSetChildDomain (351ms)
	RebuildCommonClasses (64ms)
	RebuildNativeTypeToScriptingClass (19ms)
	initialDomainReloadingComplete (41ms)
	LoadAllAssembliesAndSetupDomain (1021ms)
		LoadAssemblies (812ms)
		RebuildTransferFunctionScriptingTraits (0ms)
		AnalyzeDomain (410ms)
			TypeCache.Refresh (30ms)
				TypeCache.ScanAssembly (0ms)
			BuildScriptInfoCaches (355ms)
			ResolveRequiredComponents (16ms)
	FinalizeReload (1174ms)
		ReleaseScriptCaches (0ms)
		RebuildScriptCaches (0ms)
		SetupLoadedEditorAssemblies (962ms)
			LogAssemblyErrors (0ms)
			InitializePlatformSupportModulesInManaged (4ms)
			SetLoadedEditorAssemblies (9ms)
			BeforeProcessingInitializeOnLoad (208ms)
			ProcessInitializeOnLoadAttributes (534ms)
			ProcessInitializeOnLoadMethodAttributes (203ms)
			AfterProcessingInitializeOnLoad (1ms)
			EditorAssembliesLoaded (1ms)
		ExecutionOrderSort2 (0ms)
		AwakeInstancesAfterBackupRestoration (34ms)
WARNING: Shader Unsupported: 'Universal Render Pipeline/VR/SpatialMapping/Wireframe' - All subshaders removed
WARNING: Shader Did you use #pragma only_renderers and omit this platform?
WARNING: Shader If subshaders removal was intentional, you may have forgotten turning Fallback off?
WARNING: Shader Unsupported: 'Universal Render Pipeline/VR/SpatialMapping/Wireframe' - All subshaders removed
WARNING: Shader Did you use #pragma only_renderers and omit this platform?
WARNING: Shader If subshaders removal was intentional, you may have forgotten turning Fallback off?
Refreshing native plugins compatible for Editor in 1.34 ms, found 4 plugins.
Preloading 0 native plugins for Editor in 0.00 ms.
Unloading 14 Unused Serialized files (Serialized files now loaded: 0)
Unloading 7015 unused Assets / (4.4 MB). Loaded Objects now: 7911.
Memory consumption went from 151.8 MB to 147.4 MB.
Total: 19.461584 ms (FindLiveObjects: 0.946583 ms CreateObjectMapping: 0.517333 ms MarkObjects: 13.841542 ms  DeleteObjects: 4.155083 ms)

Prepare: number of updated asset objects reloaded= 0
========================================================================
Received Prepare
Begin MonoManager ReloadAssembly
Thread 0x16ded7000 may have been prematurely finalized
Symbol file LoadedFromMemory is not a mono symbol file
- Loaded All Assemblies, in  1.942 seconds
'Assets/Photon/Fusion/Runtime/Fusion.Unity.cs' contains partial class of Unity.Object, exactly 1 of the partial classes needs to be in a file with the same filename. This is to know the one that can be referenced from ie. GameObjects
'Assets/Photon/Fusion/Runtime/Fusion.Unity.cs' contains partial class of Unity.Object, exactly 1 of the partial classes needs to be in a file with the same filename. This is to know the one that can be referenced from ie. GameObjects
Refreshing native plugins compatible for Editor in 3.58 ms, found 4 plugins.
Native extension for OSXStandalone target not found
System.Reflection.TargetInvocationException: Exception has been thrown by the target of an invocation. ---> System.NullReferenceException: Object reference not set to an instance of an object
  at Unity.Multiplayer.Playmode.Workflow.Editor.ProjectDataStore..ctor (System.String directory) [0x0006e] in ./Library/PackageCache/com.unity.multiplayer.playmode@3acaa705f0f9/Workflow/Editor/Configuration/ProjectDataStore.cs:55 
  at Unity.Multiplayer.Playmode.Workflow.Editor.ProjectDataStore.GetMain () [0x00000] in ./Library/PackageCache/com.unity.multiplayer.playmode@3acaa705f0f9/Workflow/Editor/Configuration/ProjectDataStore.cs:36 
  at Unity.Multiplayer.Playmode.Workflow.Editor.WorkflowMainEditorContext..ctor (Unity.Multiplayer.Playmode.VirtualProjects.Editor.MainEditorContext mainEditorContext) [0x0002c] in ./Library/PackageCache/com.unity.multiplayer.playmode@3acaa705f0f9/Workflow/Editor/Contexts/WorkflowMainEditorContext.cs:15 
  at Unity.Multiplayer.Playmode.Workflow.Editor.VirtualProjectWorkflow.InitializeMPPMContexts () [0x00018] in ./Library/PackageCache/com.unity.multiplayer.playmode@3acaa705f0f9/Workflow/Editor/Workflow/VirtualProjectWorkflow.cs:204 
  at Unity.Multiplayer.Playmode.Workflow.Editor.VirtualProjectWorkflow+<>c.<.cctor>b__22_0 () [0x00036] in ./Library/PackageCache/com.unity.multiplayer.playmode@3acaa705f0f9/Workflow/Editor/Workflow/VirtualProjectWorkflow.cs:85 
  at Unity.Multiplayer.Playmode.VirtualProjects.Editor.EditorContexts.SendReadyEvent () [0x00038] in ./Library/PackageCache/com.unity.multiplayer.playmode@3acaa705f0f9/VirtualProjects/Editor/Contexts/EditorContexts.cs:56 
  at (wrapper managed-to-native) System.Reflection.RuntimeMethodInfo.InternalInvoke(System.Reflection.RuntimeMethodInfo,object,object[],System.Exception&)
  at System.Reflection.RuntimeMethodInfo.Invoke (System.Object obj, System.Reflection.BindingFlags invokeAttr, System.Reflection.Binder binder, System.Object[] parameters, System.Globalization.CultureInfo culture) [0x0006a] in <c0ef40ba0fc84b3b8725b73e9957d1b5>:0 
   --- End of inner exception stack trace ---
  at System.Reflection.RuntimeMethodInfo.Invoke (System.Object obj, System.Reflection.BindingFlags invokeAttr, System.Reflection.Binder binder, System.Object[] parameters, System.Globalization.CultureInfo culture) [0x00083] in <c0ef40ba0fc84b3b8725b73e9957d1b5>:0 
  at System.Reflection.MethodBase.Invoke (System.Object obj, System.Object[] parameters) [0x00000] in <c0ef40ba0fc84b3b8725b73e9957d1b5>:0 
  at UnityEditor.EditorAssemblies.ProcessInitializeOnLoadMethodAttributes () [0x00087] in /Users/bokken/build/output/unity/unity/Editor/Mono/EditorAssemblies.cs:152 
UnityEngine.Debug:ExtractStackTraceNoAlloc (byte*,int,string)
UnityEngine.StackTraceUtility:ExtractStackTrace () (at /Users/bokken/build/output/unity/unity/Runtime/Export/Scripting/StackTrace.cs:35)
UnityEngine.DebugLogHandler:Internal_Log (UnityEngine.LogType,UnityEngine.LogOption,string,UnityEngine.Object)
UnityEngine.DebugLogHandler:LogFormat (UnityEngine.LogType,UnityEngine.Object,string,object[])
UnityEngine.Logger:Log (UnityEngine.LogType,object)
UnityEngine.Debug:LogError (object)
UnityEditor.EditorAssemblies:ProcessInitializeOnLoadMethodAttributes () (at /Users/bokken/build/output/unity/unity/Editor/Mono/EditorAssemblies.cs:156)

(Filename: /Users/bokken/build/output/unity/unity/Editor/Mono/EditorAssemblies.cs Line: 156)

Mono: successfully reloaded assembly
- Finished resetting the current domain, in  1.114 seconds
Domain Reload Profiling: 3065ms
	BeginReloadAssembly (910ms)
		ExecutionOrderSort (0ms)
		DisableScriptedObjects (111ms)
		BackupInstance (0ms)
		ReleaseScriptingObjects (3ms)
		CreateAndSetChildDomain (343ms)
	RebuildCommonClasses (47ms)
	RebuildNativeTypeToScriptingClass (20ms)
	initialDomainReloadingComplete (37ms)
	LoadAllAssembliesAndSetupDomain (937ms)
		LoadAssemblies (777ms)
		RebuildTransferFunctionScriptingTraits (0ms)
		AnalyzeDomain (432ms)
			TypeCache.Refresh (30ms)
				TypeCache.ScanAssembly (0ms)
			BuildScriptInfoCaches (377ms)
			ResolveRequiredComponents (14ms)
	FinalizeReload (1115ms)
		ReleaseScriptCaches (0ms)
		RebuildScriptCaches (0ms)
		SetupLoadedEditorAssemblies (875ms)
			LogAssemblyErrors (0ms)
			InitializePlatformSupportModulesInManaged (2ms)
			SetLoadedEditorAssemblies (9ms)
			BeforeProcessingInitializeOnLoad (198ms)
			ProcessInitializeOnLoadAttributes (488ms)
			ProcessInitializeOnLoadMethodAttributes (174ms)
			AfterProcessingInitializeOnLoad (1ms)
			EditorAssembliesLoaded (1ms)
		ExecutionOrderSort2 (0ms)
		AwakeInstancesAfterBackupRestoration (25ms)
WARNING: Shader Unsupported: 'Universal Render Pipeline/VR/SpatialMapping/Wireframe' - All subshaders removed
WARNING: Shader Did you use #pragma only_renderers and omit this platform?
WARNING: Shader If subshaders removal was intentional, you may have forgotten turning Fallback off?
WARNING: Shader Unsupported: 'Universal Render Pipeline/VR/SpatialMapping/Wireframe' - All subshaders removed
WARNING: Shader Did you use #pragma only_renderers and omit this platform?
WARNING: Shader If subshaders removal was intentional, you may have forgotten turning Fallback off?
Refreshing native plugins compatible for Editor in 1.22 ms, found 4 plugins.
Preloading 0 native plugins for Editor in 0.00 ms.
Unloading 14 Unused Serialized files (Serialized files now loaded: 0)
Unloading 7015 unused Assets / (3.9 MB). Loaded Objects now: 7913.
Memory consumption went from 151.8 MB to 147.9 MB.
Total: 12.328875 ms (FindLiveObjects: 0.701000 ms CreateObjectMapping: 0.446541 ms MarkObjects: 7.742042 ms  DeleteObjects: 3.438709 ms)

Prepare: number of updated asset objects reloaded= 0
========================================================================
Received Prepare
Begin MonoManager ReloadAssembly
Thread 0x16ded7000 may have been prematurely finalized
Symbol file LoadedFromMemory is not a mono symbol file
- Loaded All Assemblies, in  9.828 seconds
'Assets/Photon/Fusion/Runtime/Fusion.Unity.cs' contains partial class of Unity.Object, exactly 1 of the partial classes needs to be in a file with the same filename. This is to know the one that can be referenced from ie. GameObjects
'Assets/Photon/Fusion/Runtime/Fusion.Unity.cs' contains partial class of Unity.Object, exactly 1 of the partial classes needs to be in a file with the same filename. This is to know the one that can be referenced from ie. GameObjects
Refreshing native plugins compatible for Editor in 37.23 ms, found 4 plugins.
Native extension for OSXStandalone target not found
System.Reflection.TargetInvocationException: Exception has been thrown by the target of an invocation. ---> System.NullReferenceException: Object reference not set to an instance of an object
  at Unity.Multiplayer.Playmode.Workflow.Editor.ProjectDataStore..ctor (System.String directory) [0x0006e] in ./Library/PackageCache/com.unity.multiplayer.playmode@3acaa705f0f9/Workflow/Editor/Configuration/ProjectDataStore.cs:55 
  at Unity.Multiplayer.Playmode.Workflow.Editor.ProjectDataStore.GetMain () [0x00000] in ./Library/PackageCache/com.unity.multiplayer.playmode@3acaa705f0f9/Workflow/Editor/Configuration/ProjectDataStore.cs:36 
  at Unity.Multiplayer.Playmode.Workflow.Editor.WorkflowMainEditorContext..ctor (Unity.Multiplayer.Playmode.VirtualProjects.Editor.MainEditorContext mainEditorContext) [0x0002c] in ./Library/PackageCache/com.unity.multiplayer.playmode@3acaa705f0f9/Workflow/Editor/Contexts/WorkflowMainEditorContext.cs:15 
  at Unity.Multiplayer.Playmode.Workflow.Editor.VirtualProjectWorkflow.InitializeMPPMContexts () [0x00018] in ./Library/PackageCache/com.unity.multiplayer.playmode@3acaa705f0f9/Workflow/Editor/Workflow/VirtualProjectWorkflow.cs:204 
  at Unity.Multiplayer.Playmode.Workflow.Editor.VirtualProjectWorkflow+<>c.<.cctor>b__22_0 () [0x00036] in ./Library/PackageCache/com.unity.multiplayer.playmode@3acaa705f0f9/Workflow/Editor/Workflow/VirtualProjectWorkflow.cs:85 
  at Unity.Multiplayer.Playmode.VirtualProjects.Editor.EditorContexts.SendReadyEvent () [0x00038] in ./Library/PackageCache/com.unity.multiplayer.playmode@3acaa705f0f9/VirtualProjects/Editor/Contexts/EditorContexts.cs:56 
  at (wrapper managed-to-native) System.Reflection.RuntimeMethodInfo.InternalInvoke(System.Reflection.RuntimeMethodInfo,object,object[],System.Exception&)
  at System.Reflection.RuntimeMethodInfo.Invoke (System.Object obj, System.Reflection.BindingFlags invokeAttr, System.Reflection.Binder binder, System.Object[] parameters, System.Globalization.CultureInfo culture) [0x0006a] in <c0ef40ba0fc84b3b8725b73e9957d1b5>:0 
   --- End of inner exception stack trace ---
  at System.Reflection.RuntimeMethodInfo.Invoke (System.Object obj, System.Reflection.BindingFlags invokeAttr, System.Reflection.Binder binder, System.Object[] parameters, System.Globalization.CultureInfo culture) [0x00083] in <c0ef40ba0fc84b3b8725b73e9957d1b5>:0 
  at System.Reflection.MethodBase.Invoke (System.Object obj, System.Object[] parameters) [0x00000] in <c0ef40ba0fc84b3b8725b73e9957d1b5>:0 
  at UnityEditor.EditorAssemblies.ProcessInitializeOnLoadMethodAttributes () [0x00087] in /Users/bokken/build/output/unity/unity/Editor/Mono/EditorAssemblies.cs:152 
UnityEngine.Debug:ExtractStackTraceNoAlloc (byte*,int,string)
UnityEngine.StackTraceUtility:ExtractStackTrace () (at /Users/bokken/build/output/unity/unity/Runtime/Export/Scripting/StackTrace.cs:35)
UnityEngine.DebugLogHandler:Internal_Log (UnityEngine.LogType,UnityEngine.LogOption,string,UnityEngine.Object)
UnityEngine.DebugLogHandler:LogFormat (UnityEngine.LogType,UnityEngine.Object,string,object[])
UnityEngine.Logger:Log (UnityEngine.LogType,object)
UnityEngine.Debug:LogError (object)
UnityEditor.EditorAssemblies:ProcessInitializeOnLoadMethodAttributes () (at /Users/bokken/build/output/unity/unity/Editor/Mono/EditorAssemblies.cs:156)

(Filename: /Users/bokken/build/output/unity/unity/Editor/Mono/EditorAssemblies.cs Line: 156)

Mono: successfully reloaded assembly
- Finished resetting the current domain, in  1.596 seconds
Domain Reload Profiling: 11439ms
	BeginReloadAssembly (6005ms)
		ExecutionOrderSort (0ms)
		DisableScriptedObjects (862ms)
		BackupInstance (0ms)
		ReleaseScriptingObjects (36ms)
		CreateAndSetChildDomain (2021ms)
	RebuildCommonClasses (88ms)
	RebuildNativeTypeToScriptingClass (12ms)
	initialDomainReloadingComplete (58ms)
	LoadAllAssembliesAndSetupDomain (3679ms)
		LoadAssemblies (3527ms)
		RebuildTransferFunctionScriptingTraits (0ms)
		AnalyzeDomain (2103ms)
			TypeCache.Refresh (572ms)
				TypeCache.ScanAssembly (18ms)
			BuildScriptInfoCaches (1402ms)
			ResolveRequiredComponents (38ms)
	FinalizeReload (1597ms)
		ReleaseScriptCaches (0ms)
		RebuildScriptCaches (0ms)
		SetupLoadedEditorAssemblies (1002ms)
			LogAssemblyErrors (0ms)
			InitializePlatformSupportModulesInManaged (6ms)
			SetLoadedEditorAssemblies (7ms)
			BeforeProcessingInitializeOnLoad (203ms)
			ProcessInitializeOnLoadAttributes (584ms)
			ProcessInitializeOnLoadMethodAttributes (200ms)
			AfterProcessingInitializeOnLoad (1ms)
			EditorAssembliesLoaded (1ms)
		ExecutionOrderSort2 (0ms)
		AwakeInstancesAfterBackupRestoration (335ms)
WARNING: Shader Unsupported: 'Universal Render Pipeline/VR/SpatialMapping/Wireframe' - All subshaders removed
WARNING: Shader Did you use #pragma only_renderers and omit this platform?
WARNING: Shader If subshaders removal was intentional, you may have forgotten turning Fallback off?
WARNING: Shader Unsupported: 'Universal Render Pipeline/VR/SpatialMapping/Wireframe' - All subshaders removed
WARNING: Shader Did you use #pragma only_renderers and omit this platform?
WARNING: Shader If subshaders removal was intentional, you may have forgotten turning Fallback off?
Refreshing native plugins compatible for Editor in 1.47 ms, found 4 plugins.
Preloading 0 native plugins for Editor in 0.00 ms.
Unloading 14 Unused Serialized files (Serialized files now loaded: 0)
Unloading 7016 unused Assets / (5.8 MB). Loaded Objects now: 7914.
Memory consumption went from 151.9 MB to 146.1 MB.
Total: 68.029458 ms (FindLiveObjects: 3.891084 ms CreateObjectMapping: 0.552041 ms MarkObjects: 50.755584 ms  DeleteObjects: 12.829708 ms)

Prepare: number of updated asset objects reloaded= 0
========================================================================
Received Prepare
Begin MonoManager ReloadAssembly
Thread 0x16ded7000 may have been prematurely finalized
Symbol file LoadedFromMemory is not a mono symbol file
- Loaded All Assemblies, in  2.090 seconds
'Assets/Photon/Fusion/Runtime/Fusion.Unity.cs' contains partial class of Unity.Object, exactly 1 of the partial classes needs to be in a file with the same filename. This is to know the one that can be referenced from ie. GameObjects
'Assets/Photon/Fusion/Runtime/Fusion.Unity.cs' contains partial class of Unity.Object, exactly 1 of the partial classes needs to be in a file with the same filename. This is to know the one that can be referenced from ie. GameObjects
Refreshing native plugins compatible for Editor in 64.41 ms, found 4 plugins.
Native extension for OSXStandalone target not found
System.Reflection.TargetInvocationException: Exception has been thrown by the target of an invocation. ---> System.NullReferenceException: Object reference not set to an instance of an object
  at Unity.Multiplayer.Playmode.Workflow.Editor.ProjectDataStore..ctor (System.String directory) [0x0006e] in ./Library/PackageCache/com.unity.multiplayer.playmode@3acaa705f0f9/Workflow/Editor/Configuration/ProjectDataStore.cs:55 
  at Unity.Multiplayer.Playmode.Workflow.Editor.ProjectDataStore.GetMain () [0x00000] in ./Library/PackageCache/com.unity.multiplayer.playmode@3acaa705f0f9/Workflow/Editor/Configuration/ProjectDataStore.cs:36 
  at Unity.Multiplayer.Playmode.Workflow.Editor.WorkflowMainEditorContext..ctor (Unity.Multiplayer.Playmode.VirtualProjects.Editor.MainEditorContext mainEditorContext) [0x0002c] in ./Library/PackageCache/com.unity.multiplayer.playmode@3acaa705f0f9/Workflow/Editor/Contexts/WorkflowMainEditorContext.cs:15 
  at Unity.Multiplayer.Playmode.Workflow.Editor.VirtualProjectWorkflow.InitializeMPPMContexts () [0x00018] in ./Library/PackageCache/com.unity.multiplayer.playmode@3acaa705f0f9/Workflow/Editor/Workflow/VirtualProjectWorkflow.cs:204 
  at Unity.Multiplayer.Playmode.Workflow.Editor.VirtualProjectWorkflow+<>c.<.cctor>b__22_0 () [0x00036] in ./Library/PackageCache/com.unity.multiplayer.playmode@3acaa705f0f9/Workflow/Editor/Workflow/VirtualProjectWorkflow.cs:85 
  at Unity.Multiplayer.Playmode.VirtualProjects.Editor.EditorContexts.SendReadyEvent () [0x00038] in ./Library/PackageCache/com.unity.multiplayer.playmode@3acaa705f0f9/VirtualProjects/Editor/Contexts/EditorContexts.cs:56 
  at (wrapper managed-to-native) System.Reflection.RuntimeMethodInfo.InternalInvoke(System.Reflection.RuntimeMethodInfo,object,object[],System.Exception&)
  at System.Reflection.RuntimeMethodInfo.Invoke (System.Object obj, System.Reflection.BindingFlags invokeAttr, System.Reflection.Binder binder, System.Object[] parameters, System.Globalization.CultureInfo culture) [0x0006a] in <c0ef40ba0fc84b3b8725b73e9957d1b5>:0 
   --- End of inner exception stack trace ---
  at System.Reflection.RuntimeMethodInfo.Invoke (System.Object obj, System.Reflection.BindingFlags invokeAttr, System.Reflection.Binder binder, System.Object[] parameters, System.Globalization.CultureInfo culture) [0x00083] in <c0ef40ba0fc84b3b8725b73e9957d1b5>:0 
  at System.Reflection.MethodBase.Invoke (System.Object obj, System.Object[] parameters) [0x00000] in <c0ef40ba0fc84b3b8725b73e9957d1b5>:0 
  at UnityEditor.EditorAssemblies.ProcessInitializeOnLoadMethodAttributes () [0x00087] in /Users/bokken/build/output/unity/unity/Editor/Mono/EditorAssemblies.cs:152 
UnityEngine.Debug:ExtractStackTraceNoAlloc (byte*,int,string)
UnityEngine.StackTraceUtility:ExtractStackTrace () (at /Users/bokken/build/output/unity/unity/Runtime/Export/Scripting/StackTrace.cs:35)
UnityEngine.DebugLogHandler:Internal_Log (UnityEngine.LogType,UnityEngine.LogOption,string,UnityEngine.Object)
UnityEngine.DebugLogHandler:LogFormat (UnityEngine.LogType,UnityEngine.Object,string,object[])
UnityEngine.Logger:Log (UnityEngine.LogType,object)
UnityEngine.Debug:LogError (object)
UnityEditor.EditorAssemblies:ProcessInitializeOnLoadMethodAttributes () (at /Users/bokken/build/output/unity/unity/Editor/Mono/EditorAssemblies.cs:156)

(Filename: /Users/bokken/build/output/unity/unity/Editor/Mono/EditorAssemblies.cs Line: 156)

Mono: successfully reloaded assembly
- Finished resetting the current domain, in  1.595 seconds
Domain Reload Profiling: 3693ms
	BeginReloadAssembly (895ms)
		ExecutionOrderSort (1ms)
		DisableScriptedObjects (81ms)
		BackupInstance (0ms)
		ReleaseScriptingObjects (1ms)
		CreateAndSetChildDomain (379ms)
	RebuildCommonClasses (39ms)
	RebuildNativeTypeToScriptingClass (18ms)
	initialDomainReloadingComplete (26ms)
	LoadAllAssembliesAndSetupDomain (1120ms)
		LoadAssemblies (883ms)
		RebuildTransferFunctionScriptingTraits (0ms)
		AnalyzeDomain (497ms)
			TypeCache.Refresh (27ms)
				TypeCache.ScanAssembly (0ms)
			BuildScriptInfoCaches (441ms)
			ResolveRequiredComponents (16ms)
	FinalizeReload (1595ms)
		ReleaseScriptCaches (0ms)
		RebuildScriptCaches (0ms)
		SetupLoadedEditorAssemblies (1227ms)
			LogAssemblyErrors (0ms)
			InitializePlatformSupportModulesInManaged (6ms)
			SetLoadedEditorAssemblies (13ms)
			BeforeProcessingInitializeOnLoad (380ms)
			ProcessInitializeOnLoadAttributes (672ms)
			ProcessInitializeOnLoadMethodAttributes (154ms)
			AfterProcessingInitializeOnLoad (1ms)
			EditorAssembliesLoaded (1ms)
		ExecutionOrderSort2 (0ms)
		AwakeInstancesAfterBackupRestoration (29ms)
WARNING: Shader Unsupported: 'Universal Render Pipeline/VR/SpatialMapping/Wireframe' - All subshaders removed
WARNING: Shader Did you use #pragma only_renderers and omit this platform?
WARNING: Shader If subshaders removal was intentional, you may have forgotten turning Fallback off?
WARNING: Shader Unsupported: 'Universal Render Pipeline/VR/SpatialMapping/Wireframe' - All subshaders removed
WARNING: Shader Did you use #pragma only_renderers and omit this platform?
WARNING: Shader If subshaders removal was intentional, you may have forgotten turning Fallback off?
Refreshing native plugins compatible for Editor in 1.20 ms, found 4 plugins.
Preloading 0 native plugins for Editor in 0.00 ms.
Unloading 14 Unused Serialized files (Serialized files now loaded: 0)
Unloading 7015 unused Assets / (4.3 MB). Loaded Objects now: 7917.
Memory consumption went from 151.9 MB to 147.7 MB.
Total: 57.982125 ms (FindLiveObjects: 1.666250 ms CreateObjectMapping: 0.338167 ms MarkObjects: 38.340375 ms  DeleteObjects: 17.636625 ms)

Prepare: number of updated asset objects reloaded= 0
========================================================================
Received Prepare
Begin MonoManager ReloadAssembly
Thread 0x16ded7000 may have been prematurely finalized
Symbol file LoadedFromMemory is not a mono symbol file
- Loaded All Assemblies, in  2.344 seconds
'Assets/Photon/Fusion/Runtime/Fusion.Unity.cs' contains partial class of Unity.Object, exactly 1 of the partial classes needs to be in a file with the same filename. This is to know the one that can be referenced from ie. GameObjects
'Assets/Photon/Fusion/Runtime/Fusion.Unity.cs' contains partial class of Unity.Object, exactly 1 of the partial classes needs to be in a file with the same filename. This is to know the one that can be referenced from ie. GameObjects
Refreshing native plugins compatible for Editor in 1.30 ms, found 4 plugins.
Native extension for OSXStandalone target not found
System.Reflection.TargetInvocationException: Exception has been thrown by the target of an invocation. ---> System.NullReferenceException: Object reference not set to an instance of an object
  at Unity.Multiplayer.Playmode.Workflow.Editor.ProjectDataStore..ctor (System.String directory) [0x0006e] in ./Library/PackageCache/com.unity.multiplayer.playmode@3acaa705f0f9/Workflow/Editor/Configuration/ProjectDataStore.cs:55 
  at Unity.Multiplayer.Playmode.Workflow.Editor.ProjectDataStore.GetMain () [0x00000] in ./Library/PackageCache/com.unity.multiplayer.playmode@3acaa705f0f9/Workflow/Editor/Configuration/ProjectDataStore.cs:36 
  at Unity.Multiplayer.Playmode.Workflow.Editor.WorkflowMainEditorContext..ctor (Unity.Multiplayer.Playmode.VirtualProjects.Editor.MainEditorContext mainEditorContext) [0x0002c] in ./Library/PackageCache/com.unity.multiplayer.playmode@3acaa705f0f9/Workflow/Editor/Contexts/WorkflowMainEditorContext.cs:15 
  at Unity.Multiplayer.Playmode.Workflow.Editor.VirtualProjectWorkflow.InitializeMPPMContexts () [0x00018] in ./Library/PackageCache/com.unity.multiplayer.playmode@3acaa705f0f9/Workflow/Editor/Workflow/VirtualProjectWorkflow.cs:204 
  at Unity.Multiplayer.Playmode.Workflow.Editor.VirtualProjectWorkflow+<>c.<.cctor>b__22_0 () [0x00036] in ./Library/PackageCache/com.unity.multiplayer.playmode@3acaa705f0f9/Workflow/Editor/Workflow/VirtualProjectWorkflow.cs:85 
  at Unity.Multiplayer.Playmode.VirtualProjects.Editor.EditorContexts.SendReadyEvent () [0x00038] in ./Library/PackageCache/com.unity.multiplayer.playmode@3acaa705f0f9/VirtualProjects/Editor/Contexts/EditorContexts.cs:56 
  at (wrapper managed-to-native) System.Reflection.RuntimeMethodInfo.InternalInvoke(System.Reflection.RuntimeMethodInfo,object,object[],System.Exception&)
  at System.Reflection.RuntimeMethodInfo.Invoke (System.Object obj, System.Reflection.BindingFlags invokeAttr, System.Reflection.Binder binder, System.Object[] parameters, System.Globalization.CultureInfo culture) [0x0006a] in <c0ef40ba0fc84b3b8725b73e9957d1b5>:0 
   --- End of inner exception stack trace ---
  at System.Reflection.RuntimeMethodInfo.Invoke (System.Object obj, System.Reflection.BindingFlags invokeAttr, System.Reflection.Binder binder, System.Object[] parameters, System.Globalization.CultureInfo culture) [0x00083] in <c0ef40ba0fc84b3b8725b73e9957d1b5>:0 
  at System.Reflection.MethodBase.Invoke (System.Object obj, System.Object[] parameters) [0x00000] in <c0ef40ba0fc84b3b8725b73e9957d1b5>:0 
  at UnityEditor.EditorAssemblies.ProcessInitializeOnLoadMethodAttributes () [0x00087] in /Users/bokken/build/output/unity/unity/Editor/Mono/EditorAssemblies.cs:152 
UnityEngine.Debug:ExtractStackTraceNoAlloc (byte*,int,string)
UnityEngine.StackTraceUtility:ExtractStackTrace () (at /Users/bokken/build/output/unity/unity/Runtime/Export/Scripting/StackTrace.cs:35)
UnityEngine.DebugLogHandler:Internal_Log (UnityEngine.LogType,UnityEngine.LogOption,string,UnityEngine.Object)
UnityEngine.DebugLogHandler:LogFormat (UnityEngine.LogType,UnityEngine.Object,string,object[])
UnityEngine.Logger:Log (UnityEngine.LogType,object)
UnityEngine.Debug:LogError (object)
UnityEditor.EditorAssemblies:ProcessInitializeOnLoadMethodAttributes () (at /Users/bokken/build/output/unity/unity/Editor/Mono/EditorAssemblies.cs:156)

(Filename: /Users/bokken/build/output/unity/unity/Editor/Mono/EditorAssemblies.cs Line: 156)

Mono: successfully reloaded assembly
- Finished resetting the current domain, in  0.835 seconds
Domain Reload Profiling: 3184ms
	BeginReloadAssembly (1082ms)
		ExecutionOrderSort (1ms)
		DisableScriptedObjects (135ms)
		BackupInstance (0ms)
		ReleaseScriptingObjects (4ms)
		CreateAndSetChildDomain (381ms)
	RebuildCommonClasses (37ms)
	RebuildNativeTypeToScriptingClass (12ms)
	initialDomainReloadingComplete (33ms)
	LoadAllAssembliesAndSetupDomain (1185ms)
		LoadAssemblies (949ms)
		RebuildTransferFunctionScriptingTraits (0ms)
		AnalyzeDomain (570ms)
			TypeCache.Refresh (29ms)
				TypeCache.ScanAssembly (0ms)
			BuildScriptInfoCaches (515ms)
			ResolveRequiredComponents (20ms)
	FinalizeReload (835ms)
		ReleaseScriptCaches (0ms)
		RebuildScriptCaches (0ms)
		SetupLoadedEditorAssemblies (667ms)
			LogAssemblyErrors (0ms)
			InitializePlatformSupportModulesInManaged (7ms)
			SetLoadedEditorAssemblies (5ms)
			BeforeProcessingInitializeOnLoad (176ms)
			ProcessInitializeOnLoadAttributes (356ms)
			ProcessInitializeOnLoadMethodAttributes (122ms)
			AfterProcessingInitializeOnLoad (1ms)
			EditorAssembliesLoaded (1ms)
		ExecutionOrderSort2 (0ms)
		AwakeInstancesAfterBackupRestoration (20ms)
WARNING: Shader Unsupported: 'Universal Render Pipeline/VR/SpatialMapping/Wireframe' - All subshaders removed
WARNING: Shader Did you use #pragma only_renderers and omit this platform?
WARNING: Shader If subshaders removal was intentional, you may have forgotten turning Fallback off?
WARNING: Shader Unsupported: 'Universal Render Pipeline/VR/SpatialMapping/Wireframe' - All subshaders removed
WARNING: Shader Did you use #pragma only_renderers and omit this platform?
WARNING: Shader If subshaders removal was intentional, you may have forgotten turning Fallback off?
Refreshing native plugins compatible for Editor in 2.62 ms, found 4 plugins.
Preloading 0 native plugins for Editor in 0.00 ms.
Unloading 14 Unused Serialized files (Serialized files now loaded: 0)
Unloading 7015 unused Assets / (2.1 MB). Loaded Objects now: 7919.
Memory consumption went from 152.0 MB to 149.8 MB.
Total: 98.725417 ms (FindLiveObjects: 9.920333 ms CreateObjectMapping: 2.872500 ms MarkObjects: 72.195667 ms  DeleteObjects: 13.735667 ms)

Prepare: number of updated asset objects reloaded= 0
========================================================================
Received Prepare
Begin MonoManager ReloadAssembly
Thread 0x17ec07000 may have been prematurely finalized
Symbol file LoadedFromMemory is not a mono symbol file
- Loaded All Assemblies, in  2.460 seconds
'Assets/Photon/Fusion/Runtime/Fusion.Unity.cs' contains partial class of Unity.Object, exactly 1 of the partial classes needs to be in a file with the same filename. This is to know the one that can be referenced from ie. GameObjects
'Assets/Photon/Fusion/Runtime/Fusion.Unity.cs' contains partial class of Unity.Object, exactly 1 of the partial classes needs to be in a file with the same filename. This is to know the one that can be referenced from ie. GameObjects
Refreshing native plugins compatible for Editor in 1.14 ms, found 4 plugins.
Native extension for OSXStandalone target not found
System.Reflection.TargetInvocationException: Exception has been thrown by the target of an invocation. ---> System.NullReferenceException: Object reference not set to an instance of an object
  at Unity.Multiplayer.Playmode.Workflow.Editor.ProjectDataStore..ctor (System.String directory) [0x0006e] in ./Library/PackageCache/com.unity.multiplayer.playmode@3acaa705f0f9/Workflow/Editor/Configuration/ProjectDataStore.cs:55 
  at Unity.Multiplayer.Playmode.Workflow.Editor.ProjectDataStore.GetMain () [0x00000] in ./Library/PackageCache/com.unity.multiplayer.playmode@3acaa705f0f9/Workflow/Editor/Configuration/ProjectDataStore.cs:36 
  at Unity.Multiplayer.Playmode.Workflow.Editor.WorkflowMainEditorContext..ctor (Unity.Multiplayer.Playmode.VirtualProjects.Editor.MainEditorContext mainEditorContext) [0x0002c] in ./Library/PackageCache/com.unity.multiplayer.playmode@3acaa705f0f9/Workflow/Editor/Contexts/WorkflowMainEditorContext.cs:15 
  at Unity.Multiplayer.Playmode.Workflow.Editor.VirtualProjectWorkflow.InitializeMPPMContexts () [0x00018] in ./Library/PackageCache/com.unity.multiplayer.playmode@3acaa705f0f9/Workflow/Editor/Workflow/VirtualProjectWorkflow.cs:204 
  at Unity.Multiplayer.Playmode.Workflow.Editor.VirtualProjectWorkflow+<>c.<.cctor>b__22_0 () [0x00036] in ./Library/PackageCache/com.unity.multiplayer.playmode@3acaa705f0f9/Workflow/Editor/Workflow/VirtualProjectWorkflow.cs:85 
  at Unity.Multiplayer.Playmode.VirtualProjects.Editor.EditorContexts.SendReadyEvent () [0x00038] in ./Library/PackageCache/com.unity.multiplayer.playmode@3acaa705f0f9/VirtualProjects/Editor/Contexts/EditorContexts.cs:56 
  at (wrapper managed-to-native) System.Reflection.RuntimeMethodInfo.InternalInvoke(System.Reflection.RuntimeMethodInfo,object,object[],System.Exception&)
  at System.Reflection.RuntimeMethodInfo.Invoke (System.Object obj, System.Reflection.BindingFlags invokeAttr, System.Reflection.Binder binder, System.Object[] parameters, System.Globalization.CultureInfo culture) [0x0006a] in <c0ef40ba0fc84b3b8725b73e9957d1b5>:0 
   --- End of inner exception stack trace ---
  at System.Reflection.RuntimeMethodInfo.Invoke (System.Object obj, System.Reflection.BindingFlags invokeAttr, System.Reflection.Binder binder, System.Object[] parameters, System.Globalization.CultureInfo culture) [0x00083] in <c0ef40ba0fc84b3b8725b73e9957d1b5>:0 
  at System.Reflection.MethodBase.Invoke (System.Object obj, System.Object[] parameters) [0x00000] in <c0ef40ba0fc84b3b8725b73e9957d1b5>:0 
  at UnityEditor.EditorAssemblies.ProcessInitializeOnLoadMethodAttributes () [0x00087] in /Users/bokken/build/output/unity/unity/Editor/Mono/EditorAssemblies.cs:152 
UnityEngine.Debug:ExtractStackTraceNoAlloc (byte*,int,string)
UnityEngine.StackTraceUtility:ExtractStackTrace () (at /Users/bokken/build/output/unity/unity/Runtime/Export/Scripting/StackTrace.cs:35)
UnityEngine.DebugLogHandler:Internal_Log (UnityEngine.LogType,UnityEngine.LogOption,string,UnityEngine.Object)
UnityEngine.DebugLogHandler:LogFormat (UnityEngine.LogType,UnityEngine.Object,string,object[])
UnityEngine.Logger:Log (UnityEngine.LogType,object)
UnityEngine.Debug:LogError (object)
UnityEditor.EditorAssemblies:ProcessInitializeOnLoadMethodAttributes () (at /Users/bokken/build/output/unity/unity/Editor/Mono/EditorAssemblies.cs:156)

(Filename: /Users/bokken/build/output/unity/unity/Editor/Mono/EditorAssemblies.cs Line: 156)

Mono: successfully reloaded assembly
- Finished resetting the current domain, in  0.800 seconds
Domain Reload Profiling: 3265ms
	BeginReloadAssembly (1487ms)
		ExecutionOrderSort (4ms)
		DisableScriptedObjects (196ms)
		BackupInstance (0ms)
		ReleaseScriptingObjects (3ms)
		CreateAndSetChildDomain (475ms)
	RebuildCommonClasses (48ms)
	RebuildNativeTypeToScriptingClass (12ms)
	initialDomainReloadingComplete (36ms)
	LoadAllAssembliesAndSetupDomain (882ms)
		LoadAssemblies (904ms)
		RebuildTransferFunctionScriptingTraits (0ms)
		AnalyzeDomain (439ms)
			TypeCache.Refresh (49ms)
				TypeCache.ScanAssembly (0ms)
			BuildScriptInfoCaches (366ms)
			ResolveRequiredComponents (18ms)
	FinalizeReload (801ms)
		ReleaseScriptCaches (0ms)
		RebuildScriptCaches (0ms)
		SetupLoadedEditorAssemblies (636ms)
			LogAssemblyErrors (0ms)
			InitializePlatformSupportModulesInManaged (2ms)
			SetLoadedEditorAssemblies (5ms)
			BeforeProcessingInitializeOnLoad (150ms)
			ProcessInitializeOnLoadAttributes (343ms)
			ProcessInitializeOnLoadMethodAttributes (134ms)
			AfterProcessingInitializeOnLoad (1ms)
			EditorAssembliesLoaded (1ms)
		ExecutionOrderSort2 (0ms)
		AwakeInstancesAfterBackupRestoration (23ms)
WARNING: Shader Unsupported: 'Universal Render Pipeline/VR/SpatialMapping/Wireframe' - All subshaders removed
WARNING: Shader Did you use #pragma only_renderers and omit this platform?
WARNING: Shader If subshaders removal was intentional, you may have forgotten turning Fallback off?
WARNING: Shader Unsupported: 'Universal Render Pipeline/VR/SpatialMapping/Wireframe' - All subshaders removed
WARNING: Shader Did you use #pragma only_renderers and omit this platform?
WARNING: Shader If subshaders removal was intentional, you may have forgotten turning Fallback off?
Refreshing native plugins compatible for Editor in 1.05 ms, found 4 plugins.
Preloading 0 native plugins for Editor in 0.00 ms.
Unloading 14 Unused Serialized files (Serialized files now loaded: 0)
Unloading 7015 unused Assets / (3.0 MB). Loaded Objects now: 7921.
Memory consumption went from 152.0 MB to 149.0 MB.
Total: 24.116708 ms (FindLiveObjects: 1.359625 ms CreateObjectMapping: 0.410958 ms MarkObjects: 16.467667 ms  DeleteObjects: 5.877000 ms)

Prepare: number of updated asset objects reloaded= 0
========================================================================
Received Prepare
Begin MonoManager ReloadAssembly
Thread 0x16ded7000 may have been prematurely finalized
Symbol file LoadedFromMemory is not a mono symbol file
- Loaded All Assemblies, in  1.307 seconds
'Assets/Photon/Fusion/Runtime/Fusion.Unity.cs' contains partial class of Unity.Object, exactly 1 of the partial classes needs to be in a file with the same filename. This is to know the one that can be referenced from ie. GameObjects
'Assets/Photon/Fusion/Runtime/Fusion.Unity.cs' contains partial class of Unity.Object, exactly 1 of the partial classes needs to be in a file with the same filename. This is to know the one that can be referenced from ie. GameObjects
Refreshing native plugins compatible for Editor in 1.14 ms, found 4 plugins.
Native extension for OSXStandalone target not found
System.Reflection.TargetInvocationException: Exception has been thrown by the target of an invocation. ---> System.NullReferenceException: Object reference not set to an instance of an object
  at Unity.Multiplayer.Playmode.Workflow.Editor.ProjectDataStore..ctor (System.String directory) [0x0006e] in ./Library/PackageCache/com.unity.multiplayer.playmode@3acaa705f0f9/Workflow/Editor/Configuration/ProjectDataStore.cs:55 
  at Unity.Multiplayer.Playmode.Workflow.Editor.ProjectDataStore.GetMain () [0x00000] in ./Library/PackageCache/com.unity.multiplayer.playmode@3acaa705f0f9/Workflow/Editor/Configuration/ProjectDataStore.cs:36 
  at Unity.Multiplayer.Playmode.Workflow.Editor.WorkflowMainEditorContext..ctor (Unity.Multiplayer.Playmode.VirtualProjects.Editor.MainEditorContext mainEditorContext) [0x0002c] in ./Library/PackageCache/com.unity.multiplayer.playmode@3acaa705f0f9/Workflow/Editor/Contexts/WorkflowMainEditorContext.cs:15 
  at Unity.Multiplayer.Playmode.Workflow.Editor.VirtualProjectWorkflow.InitializeMPPMContexts () [0x00018] in ./Library/PackageCache/com.unity.multiplayer.playmode@3acaa705f0f9/Workflow/Editor/Workflow/VirtualProjectWorkflow.cs:204 
  at Unity.Multiplayer.Playmode.Workflow.Editor.VirtualProjectWorkflow+<>c.<.cctor>b__22_0 () [0x00036] in ./Library/PackageCache/com.unity.multiplayer.playmode@3acaa705f0f9/Workflow/Editor/Workflow/VirtualProjectWorkflow.cs:85 
  at Unity.Multiplayer.Playmode.VirtualProjects.Editor.EditorContexts.SendReadyEvent () [0x00038] in ./Library/PackageCache/com.unity.multiplayer.playmode@3acaa705f0f9/VirtualProjects/Editor/Contexts/EditorContexts.cs:56 
  at (wrapper managed-to-native) System.Reflection.RuntimeMethodInfo.InternalInvoke(System.Reflection.RuntimeMethodInfo,object,object[],System.Exception&)
  at System.Reflection.RuntimeMethodInfo.Invoke (System.Object obj, System.Reflection.BindingFlags invokeAttr, System.Reflection.Binder binder, System.Object[] parameters, System.Globalization.CultureInfo culture) [0x0006a] in <c0ef40ba0fc84b3b8725b73e9957d1b5>:0 
   --- End of inner exception stack trace ---
  at System.Reflection.RuntimeMethodInfo.Invoke (System.Object obj, System.Reflection.BindingFlags invokeAttr, System.Reflection.Binder binder, System.Object[] parameters, System.Globalization.CultureInfo culture) [0x00083] in <c0ef40ba0fc84b3b8725b73e9957d1b5>:0 
  at System.Reflection.MethodBase.Invoke (System.Object obj, System.Object[] parameters) [0x00000] in <c0ef40ba0fc84b3b8725b73e9957d1b5>:0 
  at UnityEditor.EditorAssemblies.ProcessInitializeOnLoadMethodAttributes () [0x00087] in /Users/bokken/build/output/unity/unity/Editor/Mono/EditorAssemblies.cs:152 
UnityEngine.Debug:ExtractStackTraceNoAlloc (byte*,int,string)
UnityEngine.StackTraceUtility:ExtractStackTrace () (at /Users/bokken/build/output/unity/unity/Runtime/Export/Scripting/StackTrace.cs:35)
UnityEngine.DebugLogHandler:Internal_Log (UnityEngine.LogType,UnityEngine.LogOption,string,UnityEngine.Object)
UnityEngine.DebugLogHandler:LogFormat (UnityEngine.LogType,UnityEngine.Object,string,object[])
UnityEngine.Logger:Log (UnityEngine.LogType,object)
UnityEngine.Debug:LogError (object)
UnityEditor.EditorAssemblies:ProcessInitializeOnLoadMethodAttributes () (at /Users/bokken/build/output/unity/unity/Editor/Mono/EditorAssemblies.cs:156)

(Filename: /Users/bokken/build/output/unity/unity/Editor/Mono/EditorAssemblies.cs Line: 156)

Mono: successfully reloaded assembly
- Finished resetting the current domain, in  0.762 seconds
Domain Reload Profiling: 2072ms
	BeginReloadAssembly (515ms)
		ExecutionOrderSort (0ms)
		DisableScriptedObjects (65ms)
		BackupInstance (0ms)
		ReleaseScriptingObjects (0ms)
		CreateAndSetChildDomain (242ms)
	RebuildCommonClasses (47ms)
	RebuildNativeTypeToScriptingClass (11ms)
	initialDomainReloadingComplete (23ms)
	LoadAllAssembliesAndSetupDomain (714ms)
		LoadAssemblies (409ms)
		RebuildTransferFunctionScriptingTraits (0ms)
		AnalyzeDomain (399ms)
			TypeCache.Refresh (24ms)
				TypeCache.ScanAssembly (0ms)
			BuildScriptInfoCaches (359ms)
			ResolveRequiredComponents (10ms)
	FinalizeReload (762ms)
		ReleaseScriptCaches (0ms)
		RebuildScriptCaches (0ms)
		SetupLoadedEditorAssemblies (627ms)
			LogAssemblyErrors (0ms)
			InitializePlatformSupportModulesInManaged (1ms)
			SetLoadedEditorAssemblies (4ms)
			BeforeProcessingInitializeOnLoad (144ms)
			ProcessInitializeOnLoadAttributes (353ms)
			ProcessInitializeOnLoadMethodAttributes (122ms)
			AfterProcessingInitializeOnLoad (1ms)
			EditorAssembliesLoaded (0ms)
		ExecutionOrderSort2 (0ms)
		AwakeInstancesAfterBackupRestoration (18ms)
WARNING: Shader Unsupported: 'Universal Render Pipeline/VR/SpatialMapping/Wireframe' - All subshaders removed
WARNING: Shader Did you use #pragma only_renderers and omit this platform?
WARNING: Shader If subshaders removal was intentional, you may have forgotten turning Fallback off?
WARNING: Shader Unsupported: 'Universal Render Pipeline/VR/SpatialMapping/Wireframe' - All subshaders removed
WARNING: Shader Did you use #pragma only_renderers and omit this platform?
WARNING: Shader If subshaders removal was intentional, you may have forgotten turning Fallback off?
Refreshing native plugins compatible for Editor in 1.24 ms, found 4 plugins.
Preloading 0 native plugins for Editor in 0.00 ms.
Unloading 14 Unused Serialized files (Serialized files now loaded: 0)
Unloading 7015 unused Assets / (4.8 MB). Loaded Objects now: 7923.
Memory consumption went from 152.1 MB to 147.3 MB.
Total: 11.022917 ms (FindLiveObjects: 1.040208 ms CreateObjectMapping: 0.264083 ms MarkObjects: 6.861958 ms  DeleteObjects: 2.855625 ms)

Prepare: number of updated asset objects reloaded= 0
========================================================================
Received Prepare
Begin MonoManager ReloadAssembly
Thread 0x16ded7000 may have been prematurely finalized
Symbol file LoadedFromMemory is not a mono symbol file
- Loaded All Assemblies, in  2.482 seconds
'Assets/Photon/Fusion/Runtime/Fusion.Unity.cs' contains partial class of Unity.Object, exactly 1 of the partial classes needs to be in a file with the same filename. This is to know the one that can be referenced from ie. GameObjects
'Assets/Photon/Fusion/Runtime/Fusion.Unity.cs' contains partial class of Unity.Object, exactly 1 of the partial classes needs to be in a file with the same filename. This is to know the one that can be referenced from ie. GameObjects
Refreshing native plugins compatible for Editor in 11.08 ms, found 4 plugins.
Native extension for OSXStandalone target not found
System.Reflection.TargetInvocationException: Exception has been thrown by the target of an invocation. ---> System.NullReferenceException: Object reference not set to an instance of an object
  at Unity.Multiplayer.Playmode.Workflow.Editor.ProjectDataStore..ctor (System.String directory) [0x0006e] in ./Library/PackageCache/com.unity.multiplayer.playmode@3acaa705f0f9/Workflow/Editor/Configuration/ProjectDataStore.cs:55 
  at Unity.Multiplayer.Playmode.Workflow.Editor.ProjectDataStore.GetMain () [0x00000] in ./Library/PackageCache/com.unity.multiplayer.playmode@3acaa705f0f9/Workflow/Editor/Configuration/ProjectDataStore.cs:36 
  at Unity.Multiplayer.Playmode.Workflow.Editor.WorkflowMainEditorContext..ctor (Unity.Multiplayer.Playmode.VirtualProjects.Editor.MainEditorContext mainEditorContext) [0x0002c] in ./Library/PackageCache/com.unity.multiplayer.playmode@3acaa705f0f9/Workflow/Editor/Contexts/WorkflowMainEditorContext.cs:15 
  at Unity.Multiplayer.Playmode.Workflow.Editor.VirtualProjectWorkflow.InitializeMPPMContexts () [0x00018] in ./Library/PackageCache/com.unity.multiplayer.playmode@3acaa705f0f9/Workflow/Editor/Workflow/VirtualProjectWorkflow.cs:204 
  at Unity.Multiplayer.Playmode.Workflow.Editor.VirtualProjectWorkflow+<>c.<.cctor>b__22_0 () [0x00036] in ./Library/PackageCache/com.unity.multiplayer.playmode@3acaa705f0f9/Workflow/Editor/Workflow/VirtualProjectWorkflow.cs:85 
  at Unity.Multiplayer.Playmode.VirtualProjects.Editor.EditorContexts.SendReadyEvent () [0x00038] in ./Library/PackageCache/com.unity.multiplayer.playmode@3acaa705f0f9/VirtualProjects/Editor/Contexts/EditorContexts.cs:56 
  at (wrapper managed-to-native) System.Reflection.RuntimeMethodInfo.InternalInvoke(System.Reflection.RuntimeMethodInfo,object,object[],System.Exception&)
  at System.Reflection.RuntimeMethodInfo.Invoke (System.Object obj, System.Reflection.BindingFlags invokeAttr, System.Reflection.Binder binder, System.Object[] parameters, System.Globalization.CultureInfo culture) [0x0006a] in <c0ef40ba0fc84b3b8725b73e9957d1b5>:0 
   --- End of inner exception stack trace ---
  at System.Reflection.RuntimeMethodInfo.Invoke (System.Object obj, System.Reflection.BindingFlags invokeAttr, System.Reflection.Binder binder, System.Object[] parameters, System.Globalization.CultureInfo culture) [0x00083] in <c0ef40ba0fc84b3b8725b73e9957d1b5>:0 
  at System.Reflection.MethodBase.Invoke (System.Object obj, System.Object[] parameters) [0x00000] in <c0ef40ba0fc84b3b8725b73e9957d1b5>:0 
  at UnityEditor.EditorAssemblies.ProcessInitializeOnLoadMethodAttributes () [0x00087] in /Users/bokken/build/output/unity/unity/Editor/Mono/EditorAssemblies.cs:152 
UnityEngine.Debug:ExtractStackTraceNoAlloc (byte*,int,string)
UnityEngine.StackTraceUtility:ExtractStackTrace () (at /Users/bokken/build/output/unity/unity/Runtime/Export/Scripting/StackTrace.cs:35)
UnityEngine.DebugLogHandler:Internal_Log (UnityEngine.LogType,UnityEngine.LogOption,string,UnityEngine.Object)
UnityEngine.DebugLogHandler:LogFormat (UnityEngine.LogType,UnityEngine.Object,string,object[])
UnityEngine.Logger:Log (UnityEngine.LogType,object)
UnityEngine.Debug:LogError (object)
UnityEditor.EditorAssemblies:ProcessInitializeOnLoadMethodAttributes () (at /Users/bokken/build/output/unity/unity/Editor/Mono/EditorAssemblies.cs:156)

(Filename: /Users/bokken/build/output/unity/unity/Editor/Mono/EditorAssemblies.cs Line: 156)

Mono: successfully reloaded assembly
- Finished resetting the current domain, in  0.885 seconds
Domain Reload Profiling: 3370ms
	BeginReloadAssembly (1246ms)
		ExecutionOrderSort (0ms)
		DisableScriptedObjects (221ms)
		BackupInstance (0ms)
		ReleaseScriptingObjects (2ms)
		CreateAndSetChildDomain (318ms)
	RebuildCommonClasses (52ms)
	RebuildNativeTypeToScriptingClass (12ms)
	initialDomainReloadingComplete (37ms)
	LoadAllAssembliesAndSetupDomain (1138ms)
		LoadAssemblies (1133ms)
		RebuildTransferFunctionScriptingTraits (0ms)
		AnalyzeDomain (386ms)
			TypeCache.Refresh (39ms)
				TypeCache.ScanAssembly (0ms)
			BuildScriptInfoCaches (329ms)
			ResolveRequiredComponents (11ms)
	FinalizeReload (886ms)
		ReleaseScriptCaches (0ms)
		RebuildScriptCaches (0ms)
		SetupLoadedEditorAssemblies (667ms)
			LogAssemblyErrors (0ms)
			InitializePlatformSupportModulesInManaged (4ms)
			SetLoadedEditorAssemblies (9ms)
			BeforeProcessingInitializeOnLoad (130ms)
			ProcessInitializeOnLoadAttributes (369ms)
			ProcessInitializeOnLoadMethodAttributes (154ms)
			AfterProcessingInitializeOnLoad (1ms)
			EditorAssembliesLoaded (1ms)
		ExecutionOrderSort2 (0ms)
		AwakeInstancesAfterBackupRestoration (52ms)
WARNING: Shader Unsupported: 'Universal Render Pipeline/VR/SpatialMapping/Wireframe' - All subshaders removed
WARNING: Shader Did you use #pragma only_renderers and omit this platform?
WARNING: Shader If subshaders removal was intentional, you may have forgotten turning Fallback off?
WARNING: Shader Unsupported: 'Universal Render Pipeline/VR/SpatialMapping/Wireframe' - All subshaders removed
WARNING: Shader Did you use #pragma only_renderers and omit this platform?
WARNING: Shader If subshaders removal was intentional, you may have forgotten turning Fallback off?
Refreshing native plugins compatible for Editor in 1.08 ms, found 4 plugins.
Preloading 0 native plugins for Editor in 0.00 ms.
Unloading 14 Unused Serialized files (Serialized files now loaded: 0)
Unloading 7015 unused Assets / (4.3 MB). Loaded Objects now: 7925.
Memory consumption went from 152.1 MB to 147.9 MB.
Total: 19.029042 ms (FindLiveObjects: 1.891500 ms CreateObjectMapping: 0.577416 ms MarkObjects: 11.623459 ms  DeleteObjects: 4.935625 ms)

Prepare: number of updated asset objects reloaded= 1
========================================================================
Received Prepare
Begin MonoManager ReloadAssembly
Thread 0x16ded7000 may have been prematurely finalized
Symbol file LoadedFromMemory is not a mono symbol file
- Loaded All Assemblies, in  2.449 seconds
'Assets/Photon/Fusion/Runtime/Fusion.Unity.cs' contains partial class of Unity.Object, exactly 1 of the partial classes needs to be in a file with the same filename. This is to know the one that can be referenced from ie. GameObjects
'Assets/Photon/Fusion/Runtime/Fusion.Unity.cs' contains partial class of Unity.Object, exactly 1 of the partial classes needs to be in a file with the same filename. This is to know the one that can be referenced from ie. GameObjects
Refreshing native plugins compatible for Editor in 1.09 ms, found 4 plugins.
Native extension for OSXStandalone target not found
System.Reflection.TargetInvocationException: Exception has been thrown by the target of an invocation. ---> System.NullReferenceException: Object reference not set to an instance of an object
  at Unity.Multiplayer.Playmode.Workflow.Editor.ProjectDataStore..ctor (System.String directory) [0x0006e] in ./Library/PackageCache/com.unity.multiplayer.playmode@3acaa705f0f9/Workflow/Editor/Configuration/ProjectDataStore.cs:55 
  at Unity.Multiplayer.Playmode.Workflow.Editor.ProjectDataStore.GetMain () [0x00000] in ./Library/PackageCache/com.unity.multiplayer.playmode@3acaa705f0f9/Workflow/Editor/Configuration/ProjectDataStore.cs:36 
  at Unity.Multiplayer.Playmode.Workflow.Editor.WorkflowMainEditorContext..ctor (Unity.Multiplayer.Playmode.VirtualProjects.Editor.MainEditorContext mainEditorContext) [0x0002c] in ./Library/PackageCache/com.unity.multiplayer.playmode@3acaa705f0f9/Workflow/Editor/Contexts/WorkflowMainEditorContext.cs:15 
  at Unity.Multiplayer.Playmode.Workflow.Editor.VirtualProjectWorkflow.InitializeMPPMContexts () [0x00018] in ./Library/PackageCache/com.unity.multiplayer.playmode@3acaa705f0f9/Workflow/Editor/Workflow/VirtualProjectWorkflow.cs:204 
  at Unity.Multiplayer.Playmode.Workflow.Editor.VirtualProjectWorkflow+<>c.<.cctor>b__22_0 () [0x00036] in ./Library/PackageCache/com.unity.multiplayer.playmode@3acaa705f0f9/Workflow/Editor/Workflow/VirtualProjectWorkflow.cs:85 
  at Unity.Multiplayer.Playmode.VirtualProjects.Editor.EditorContexts.SendReadyEvent () [0x00038] in ./Library/PackageCache/com.unity.multiplayer.playmode@3acaa705f0f9/VirtualProjects/Editor/Contexts/EditorContexts.cs:56 
  at (wrapper managed-to-native) System.Reflection.RuntimeMethodInfo.InternalInvoke(System.Reflection.RuntimeMethodInfo,object,object[],System.Exception&)
  at System.Reflection.RuntimeMethodInfo.Invoke (System.Object obj, System.Reflection.BindingFlags invokeAttr, System.Reflection.Binder binder, System.Object[] parameters, System.Globalization.CultureInfo culture) [0x0006a] in <c0ef40ba0fc84b3b8725b73e9957d1b5>:0 
   --- End of inner exception stack trace ---
  at System.Reflection.RuntimeMethodInfo.Invoke (System.Object obj, System.Reflection.BindingFlags invokeAttr, System.Reflection.Binder binder, System.Object[] parameters, System.Globalization.CultureInfo culture) [0x00083] in <c0ef40ba0fc84b3b8725b73e9957d1b5>:0 
  at System.Reflection.MethodBase.Invoke (System.Object obj, System.Object[] parameters) [0x00000] in <c0ef40ba0fc84b3b8725b73e9957d1b5>:0 
  at UnityEditor.EditorAssemblies.ProcessInitializeOnLoadMethodAttributes () [0x00087] in /Users/bokken/build/output/unity/unity/Editor/Mono/EditorAssemblies.cs:152 
UnityEngine.Debug:ExtractStackTraceNoAlloc (byte*,int,string)
UnityEngine.StackTraceUtility:ExtractStackTrace () (at /Users/bokken/build/output/unity/unity/Runtime/Export/Scripting/StackTrace.cs:35)
UnityEngine.DebugLogHandler:Internal_Log (UnityEngine.LogType,UnityEngine.LogOption,string,UnityEngine.Object)
UnityEngine.DebugLogHandler:LogFormat (UnityEngine.LogType,UnityEngine.Object,string,object[])
UnityEngine.Logger:Log (UnityEngine.LogType,object)
UnityEngine.Debug:LogError (object)
UnityEditor.EditorAssemblies:ProcessInitializeOnLoadMethodAttributes () (at /Users/bokken/build/output/unity/unity/Editor/Mono/EditorAssemblies.cs:156)

(Filename: /Users/bokken/build/output/unity/unity/Editor/Mono/EditorAssemblies.cs Line: 156)

Mono: successfully reloaded assembly
- Finished resetting the current domain, in  0.745 seconds
Domain Reload Profiling: 3201ms
	BeginReloadAssembly (1280ms)
		ExecutionOrderSort (0ms)
		DisableScriptedObjects (127ms)
		BackupInstance (0ms)
		ReleaseScriptingObjects (6ms)
		CreateAndSetChildDomain (317ms)
	RebuildCommonClasses (48ms)
	RebuildNativeTypeToScriptingClass (17ms)
	initialDomainReloadingComplete (29ms)
	LoadAllAssembliesAndSetupDomain (1082ms)
		LoadAssemblies (1210ms)
		RebuildTransferFunctionScriptingTraits (0ms)
		AnalyzeDomain (427ms)
			TypeCache.Refresh (50ms)
				TypeCache.ScanAssembly (0ms)
			BuildScriptInfoCaches (346ms)
			ResolveRequiredComponents (13ms)
	FinalizeReload (745ms)
		ReleaseScriptCaches (0ms)
		RebuildScriptCaches (0ms)
		SetupLoadedEditorAssemblies (589ms)
			LogAssemblyErrors (0ms)
			InitializePlatformSupportModulesInManaged (2ms)
			SetLoadedEditorAssemblies (4ms)
			BeforeProcessingInitializeOnLoad (120ms)
			ProcessInitializeOnLoadAttributes (338ms)
			ProcessInitializeOnLoadMethodAttributes (123ms)
			AfterProcessingInitializeOnLoad (1ms)
			EditorAssembliesLoaded (0ms)
		ExecutionOrderSort2 (0ms)
		AwakeInstancesAfterBackupRestoration (18ms)
WARNING: Shader Unsupported: 'Universal Render Pipeline/VR/SpatialMapping/Wireframe' - All subshaders removed
WARNING: Shader Did you use #pragma only_renderers and omit this platform?
WARNING: Shader If subshaders removal was intentional, you may have forgotten turning Fallback off?
WARNING: Shader Unsupported: 'Universal Render Pipeline/VR/SpatialMapping/Wireframe' - All subshaders removed
WARNING: Shader Did you use #pragma only_renderers and omit this platform?
WARNING: Shader If subshaders removal was intentional, you may have forgotten turning Fallback off?
Refreshing native plugins compatible for Editor in 1.23 ms, found 4 plugins.
Preloading 0 native plugins for Editor in 0.00 ms.
Unloading 14 Unused Serialized files (Serialized files now loaded: 0)
Unloading 7015 unused Assets / (5.8 MB). Loaded Objects now: 7927.
Memory consumption went from 152.2 MB to 146.4 MB.
Total: 18.053417 ms (FindLiveObjects: 0.597167 ms CreateObjectMapping: 0.353291 ms MarkObjects: 10.214084 ms  DeleteObjects: 6.887875 ms)

Prepare: number of updated asset objects reloaded= 0
========================================================================
Received Prepare
'Assets/Photon/Fusion/Runtime/Fusion.Unity.cs' contains partial class of Unity.Object, exactly 1 of the partial classes needs to be in a file with the same filename. This is to know the one that can be referenced from ie. GameObjects
'Assets/Photon/Fusion/Runtime/Fusion.Unity.cs' contains partial class of Unity.Object, exactly 1 of the partial classes needs to be in a file with the same filename. This is to know the one that can be referenced from ie. GameObjects
WARNING: Shader Unsupported: 'Universal Render Pipeline/VR/SpatialMapping/Wireframe' - All subshaders removed
WARNING: Shader Did you use #pragma only_renderers and omit this platform?
WARNING: Shader If subshaders removal was intentional, you may have forgotten turning Fallback off?
WARNING: Shader Unsupported: 'Universal Render Pipeline/VR/SpatialMapping/Wireframe' - All subshaders removed
WARNING: Shader Did you use #pragma only_renderers and omit this platform?
WARNING: Shader If subshaders removal was intentional, you may have forgotten turning Fallback off?
Refreshing native plugins compatible for Editor in 1.07 ms, found 4 plugins.
Preloading 0 native plugins for Editor in 0.00 ms.
Unloading 14 Unused Serialized files (Serialized files now loaded: 0)
Unloading 6989 unused Assets / (7.9 MB). Loaded Objects now: 7926.
Memory consumption went from 143.8 MB to 135.9 MB.
Total: 267.112708 ms (FindLiveObjects: 1.377250 ms CreateObjectMapping: 0.311042 ms MarkObjects: 199.653416 ms  DeleteObjects: 65.770083 ms)

Prepare: number of updated asset objects reloaded= 0
========================================================================
Received Prepare
'Assets/Photon/Fusion/Runtime/Fusion.Unity.cs' contains partial class of Unity.Object, exactly 1 of the partial classes needs to be in a file with the same filename. This is to know the one that can be referenced from ie. GameObjects
'Assets/Photon/Fusion/Runtime/Fusion.Unity.cs' contains partial class of Unity.Object, exactly 1 of the partial classes needs to be in a file with the same filename. This is to know the one that can be referenced from ie. GameObjects
WARNING: Shader Unsupported: 'Universal Render Pipeline/VR/SpatialMapping/Wireframe' - All subshaders removed
WARNING: Shader Did you use #pragma only_renderers and omit this platform?
WARNING: Shader If subshaders removal was intentional, you may have forgotten turning Fallback off?
WARNING: Shader Unsupported: 'Universal Render Pipeline/VR/SpatialMapping/Wireframe' - All subshaders removed
WARNING: Shader Did you use #pragma only_renderers and omit this platform?
WARNING: Shader If subshaders removal was intentional, you may have forgotten turning Fallback off?
Refreshing native plugins compatible for Editor in 4.56 ms, found 4 plugins.
Preloading 0 native plugins for Editor in 0.00 ms.
Unloading 14 Unused Serialized files (Serialized files now loaded: 0)
Unloading 6988 unused Assets / (2.4 MB). Loaded Objects now: 7926.
Memory consumption went from 143.8 MB to 141.4 MB.
Total: 190.958833 ms (FindLiveObjects: 2.744000 ms CreateObjectMapping: 0.443667 ms MarkObjects: 173.668000 ms  DeleteObjects: 14.102333 ms)

Prepare: number of updated asset objects reloaded= 0
========================================================================
Received Prepare
Begin MonoManager ReloadAssembly
Thread 0x16ded7000 may have been prematurely finalized
Symbol file LoadedFromMemory is not a mono symbol file
- Loaded All Assemblies, in  4.834 seconds
'Assets/Photon/Fusion/Runtime/Fusion.Unity.cs' contains partial class of Unity.Object, exactly 1 of the partial classes needs to be in a file with the same filename. This is to know the one that can be referenced from ie. GameObjects
'Assets/Photon/Fusion/Runtime/Fusion.Unity.cs' contains partial class of Unity.Object, exactly 1 of the partial classes needs to be in a file with the same filename. This is to know the one that can be referenced from ie. GameObjects
Refreshing native plugins compatible for Editor in 6.72 ms, found 4 plugins.
Native extension for OSXStandalone target not found
System.Reflection.TargetInvocationException: Exception has been thrown by the target of an invocation. ---> System.NullReferenceException: Object reference not set to an instance of an object
  at Unity.Multiplayer.Playmode.Workflow.Editor.ProjectDataStore..ctor (System.String directory) [0x0006e] in ./Library/PackageCache/com.unity.multiplayer.playmode@3acaa705f0f9/Workflow/Editor/Configuration/ProjectDataStore.cs:55 
  at Unity.Multiplayer.Playmode.Workflow.Editor.ProjectDataStore.GetMain () [0x00000] in ./Library/PackageCache/com.unity.multiplayer.playmode@3acaa705f0f9/Workflow/Editor/Configuration/ProjectDataStore.cs:36 
  at Unity.Multiplayer.Playmode.Workflow.Editor.WorkflowMainEditorContext..ctor (Unity.Multiplayer.Playmode.VirtualProjects.Editor.MainEditorContext mainEditorContext) [0x0002c] in ./Library/PackageCache/com.unity.multiplayer.playmode@3acaa705f0f9/Workflow/Editor/Contexts/WorkflowMainEditorContext.cs:15 
  at Unity.Multiplayer.Playmode.Workflow.Editor.VirtualProjectWorkflow.InitializeMPPMContexts () [0x00018] in ./Library/PackageCache/com.unity.multiplayer.playmode@3acaa705f0f9/Workflow/Editor/Workflow/VirtualProjectWorkflow.cs:204 
  at Unity.Multiplayer.Playmode.Workflow.Editor.VirtualProjectWorkflow+<>c.<.cctor>b__22_0 () [0x00036] in ./Library/PackageCache/com.unity.multiplayer.playmode@3acaa705f0f9/Workflow/Editor/Workflow/VirtualProjectWorkflow.cs:85 
  at Unity.Multiplayer.Playmode.VirtualProjects.Editor.EditorContexts.SendReadyEvent () [0x00038] in ./Library/PackageCache/com.unity.multiplayer.playmode@3acaa705f0f9/VirtualProjects/Editor/Contexts/EditorContexts.cs:56 
  at (wrapper managed-to-native) System.Reflection.RuntimeMethodInfo.InternalInvoke(System.Reflection.RuntimeMethodInfo,object,object[],System.Exception&)
  at System.Reflection.RuntimeMethodInfo.Invoke (System.Object obj, System.Reflection.BindingFlags invokeAttr, System.Reflection.Binder binder, System.Object[] parameters, System.Globalization.CultureInfo culture) [0x0006a] in <c0ef40ba0fc84b3b8725b73e9957d1b5>:0 
   --- End of inner exception stack trace ---
  at System.Reflection.RuntimeMethodInfo.Invoke (System.Object obj, System.Reflection.BindingFlags invokeAttr, System.Reflection.Binder binder, System.Object[] parameters, System.Globalization.CultureInfo culture) [0x00083] in <c0ef40ba0fc84b3b8725b73e9957d1b5>:0 
  at System.Reflection.MethodBase.Invoke (System.Object obj, System.Object[] parameters) [0x00000] in <c0ef40ba0fc84b3b8725b73e9957d1b5>:0 
  at UnityEditor.EditorAssemblies.ProcessInitializeOnLoadMethodAttributes () [0x00087] in /Users/bokken/build/output/unity/unity/Editor/Mono/EditorAssemblies.cs:152 
UnityEngine.Debug:ExtractStackTraceNoAlloc (byte*,int,string)
UnityEngine.StackTraceUtility:ExtractStackTrace () (at /Users/bokken/build/output/unity/unity/Runtime/Export/Scripting/StackTrace.cs:35)
UnityEngine.DebugLogHandler:Internal_Log (UnityEngine.LogType,UnityEngine.LogOption,string,UnityEngine.Object)
UnityEngine.DebugLogHandler:LogFormat (UnityEngine.LogType,UnityEngine.Object,string,object[])
UnityEngine.Logger:Log (UnityEngine.LogType,object)
UnityEngine.Debug:LogError (object)
UnityEditor.EditorAssemblies:ProcessInitializeOnLoadMethodAttributes () (at /Users/bokken/build/output/unity/unity/Editor/Mono/EditorAssemblies.cs:156)

(Filename: /Users/bokken/build/output/unity/unity/Editor/Mono/EditorAssemblies.cs Line: 156)

Mono: successfully reloaded assembly
- Finished resetting the current domain, in  0.798 seconds
Domain Reload Profiling: 5644ms
	BeginReloadAssembly (3530ms)
		ExecutionOrderSort (0ms)
		DisableScriptedObjects (488ms)
		BackupInstance (0ms)
		ReleaseScriptingObjects (8ms)
		CreateAndSetChildDomain (1050ms)
	RebuildCommonClasses (119ms)
	RebuildNativeTypeToScriptingClass (15ms)
	initialDomainReloadingComplete (106ms)
	LoadAllAssembliesAndSetupDomain (1075ms)
		LoadAssemblies (2009ms)
		RebuildTransferFunctionScriptingTraits (0ms)
		AnalyzeDomain (507ms)
			TypeCache.Refresh (112ms)
				TypeCache.ScanAssembly (2ms)
			BuildScriptInfoCaches (368ms)
			ResolveRequiredComponents (11ms)
	FinalizeReload (799ms)
		ReleaseScriptCaches (0ms)
		RebuildScriptCaches (0ms)
		SetupLoadedEditorAssemblies (620ms)
			LogAssemblyErrors (0ms)
			InitializePlatformSupportModulesInManaged (6ms)
			SetLoadedEditorAssemblies (4ms)
			BeforeProcessingInitializeOnLoad (129ms)
			ProcessInitializeOnLoadAttributes (362ms)
			ProcessInitializeOnLoadMethodAttributes (117ms)
			AfterProcessingInitializeOnLoad (1ms)
			EditorAssembliesLoaded (0ms)
		ExecutionOrderSort2 (0ms)
		AwakeInstancesAfterBackupRestoration (23ms)
WARNING: Shader Unsupported: 'Universal Render Pipeline/VR/SpatialMapping/Wireframe' - All subshaders removed
WARNING: Shader Did you use #pragma only_renderers and omit this platform?
WARNING: Shader If subshaders removal was intentional, you may have forgotten turning Fallback off?
WARNING: Shader Unsupported: 'Universal Render Pipeline/VR/SpatialMapping/Wireframe' - All subshaders removed
WARNING: Shader Did you use #pragma only_renderers and omit this platform?
WARNING: Shader If subshaders removal was intentional, you may have forgotten turning Fallback off?
Refreshing native plugins compatible for Editor in 1.06 ms, found 4 plugins.
Preloading 0 native plugins for Editor in 0.00 ms.
Unloading 14 Unused Serialized files (Serialized files now loaded: 0)
Unloading 7014 unused Assets / (5.9 MB). Loaded Objects now: 7928.
Memory consumption went from 152.2 MB to 146.3 MB.
Total: 9.980833 ms (FindLiveObjects: 0.449291 ms CreateObjectMapping: 0.216584 ms MarkObjects: 4.800875 ms  DeleteObjects: 4.513792 ms)

Prepare: number of updated asset objects reloaded= 0
========================================================================
Received Prepare
Begin MonoManager ReloadAssembly
Thread 0x16ded7000 may have been prematurely finalized
Symbol file LoadedFromMemory is not a mono symbol file
- Loaded All Assemblies, in  3.439 seconds
'Assets/Photon/Fusion/Runtime/Fusion.Unity.cs' contains partial class of Unity.Object, exactly 1 of the partial classes needs to be in a file with the same filename. This is to know the one that can be referenced from ie. GameObjects
'Assets/Photon/Fusion/Runtime/Fusion.Unity.cs' contains partial class of Unity.Object, exactly 1 of the partial classes needs to be in a file with the same filename. This is to know the one that can be referenced from ie. GameObjects
Refreshing native plugins compatible for Editor in 49.21 ms, found 4 plugins.
Native extension for OSXStandalone target not found
System.Reflection.TargetInvocationException: Exception has been thrown by the target of an invocation. ---> System.NullReferenceException: Object reference not set to an instance of an object
  at Unity.Multiplayer.Playmode.Workflow.Editor.ProjectDataStore..ctor (System.String directory) [0x0006e] in ./Library/PackageCache/com.unity.multiplayer.playmode@3acaa705f0f9/Workflow/Editor/Configuration/ProjectDataStore.cs:55 
  at Unity.Multiplayer.Playmode.Workflow.Editor.ProjectDataStore.GetMain () [0x00000] in ./Library/PackageCache/com.unity.multiplayer.playmode@3acaa705f0f9/Workflow/Editor/Configuration/ProjectDataStore.cs:36 
  at Unity.Multiplayer.Playmode.Workflow.Editor.WorkflowMainEditorContext..ctor (Unity.Multiplayer.Playmode.VirtualProjects.Editor.MainEditorContext mainEditorContext) [0x0002c] in ./Library/PackageCache/com.unity.multiplayer.playmode@3acaa705f0f9/Workflow/Editor/Contexts/WorkflowMainEditorContext.cs:15 
  at Unity.Multiplayer.Playmode.Workflow.Editor.VirtualProjectWorkflow.InitializeMPPMContexts () [0x00018] in ./Library/PackageCache/com.unity.multiplayer.playmode@3acaa705f0f9/Workflow/Editor/Workflow/VirtualProjectWorkflow.cs:204 
  at Unity.Multiplayer.Playmode.Workflow.Editor.VirtualProjectWorkflow+<>c.<.cctor>b__22_0 () [0x00036] in ./Library/PackageCache/com.unity.multiplayer.playmode@3acaa705f0f9/Workflow/Editor/Workflow/VirtualProjectWorkflow.cs:85 
  at Unity.Multiplayer.Playmode.VirtualProjects.Editor.EditorContexts.SendReadyEvent () [0x00038] in ./Library/PackageCache/com.unity.multiplayer.playmode@3acaa705f0f9/VirtualProjects/Editor/Contexts/EditorContexts.cs:56 
  at (wrapper managed-to-native) System.Reflection.RuntimeMethodInfo.InternalInvoke(System.Reflection.RuntimeMethodInfo,object,object[],System.Exception&)
  at System.Reflection.RuntimeMethodInfo.Invoke (System.Object obj, System.Reflection.BindingFlags invokeAttr, System.Reflection.Binder binder, System.Object[] parameters, System.Globalization.CultureInfo culture) [0x0006a] in <c0ef40ba0fc84b3b8725b73e9957d1b5>:0 
   --- End of inner exception stack trace ---
  at System.Reflection.RuntimeMethodInfo.Invoke (System.Object obj, System.Reflection.BindingFlags invokeAttr, System.Reflection.Binder binder, System.Object[] parameters, System.Globalization.CultureInfo culture) [0x00083] in <c0ef40ba0fc84b3b8725b73e9957d1b5>:0 
  at System.Reflection.MethodBase.Invoke (System.Object obj, System.Object[] parameters) [0x00000] in <c0ef40ba0fc84b3b8725b73e9957d1b5>:0 
  at UnityEditor.EditorAssemblies.ProcessInitializeOnLoadMethodAttributes () [0x00087] in /Users/bokken/build/output/unity/unity/Editor/Mono/EditorAssemblies.cs:152 
UnityEngine.Debug:ExtractStackTraceNoAlloc (byte*,int,string)
UnityEngine.StackTraceUtility:ExtractStackTrace () (at /Users/bokken/build/output/unity/unity/Runtime/Export/Scripting/StackTrace.cs:35)
UnityEngine.DebugLogHandler:Internal_Log (UnityEngine.LogType,UnityEngine.LogOption,string,UnityEngine.Object)
UnityEngine.DebugLogHandler:LogFormat (UnityEngine.LogType,UnityEngine.Object,string,object[])
UnityEngine.Logger:Log (UnityEngine.LogType,object)
UnityEngine.Debug:LogError (object)
UnityEditor.EditorAssemblies:ProcessInitializeOnLoadMethodAttributes () (at /Users/bokken/build/output/unity/unity/Editor/Mono/EditorAssemblies.cs:156)

(Filename: /Users/bokken/build/output/unity/unity/Editor/Mono/EditorAssemblies.cs Line: 156)

Mono: successfully reloaded assembly
- Finished resetting the current domain, in  9.029 seconds
Domain Reload Profiling: 12485ms
	BeginReloadAssembly (1558ms)
		ExecutionOrderSort (0ms)
		DisableScriptedObjects (217ms)
		BackupInstance (0ms)
		ReleaseScriptingObjects (1ms)
		CreateAndSetChildDomain (438ms)
	RebuildCommonClasses (75ms)
	RebuildNativeTypeToScriptingClass (12ms)
	initialDomainReloadingComplete (43ms)
	LoadAllAssembliesAndSetupDomain (1757ms)
		LoadAssemblies (1395ms)
		RebuildTransferFunctionScriptingTraits (0ms)
		AnalyzeDomain (811ms)
			TypeCache.Refresh (51ms)
				TypeCache.ScanAssembly (0ms)
			BuildScriptInfoCaches (722ms)
			ResolveRequiredComponents (12ms)
	FinalizeReload (9041ms)
		ReleaseScriptCaches (0ms)
		RebuildScriptCaches (0ms)
		SetupLoadedEditorAssemblies (8675ms)
			LogAssemblyErrors (0ms)
			InitializePlatformSupportModulesInManaged (1ms)
			SetLoadedEditorAssemblies (4ms)
			BeforeProcessingInitializeOnLoad (248ms)
			ProcessInitializeOnLoadAttributes (678ms)
			ProcessInitializeOnLoadMethodAttributes (7716ms)
			AfterProcessingInitializeOnLoad (1ms)
			EditorAssembliesLoaded (26ms)
		ExecutionOrderSort2 (1ms)
		AwakeInstancesAfterBackupRestoration (68ms)
WARNING: Shader Unsupported: 'Universal Render Pipeline/VR/SpatialMapping/Wireframe' - All subshaders removed
WARNING: Shader Did you use #pragma only_renderers and omit this platform?
WARNING: Shader If subshaders removal was intentional, you may have forgotten turning Fallback off?
WARNING: Shader Unsupported: 'Universal Render Pipeline/VR/SpatialMapping/Wireframe' - All subshaders removed
WARNING: Shader Did you use #pragma only_renderers and omit this platform?
WARNING: Shader If subshaders removal was intentional, you may have forgotten turning Fallback off?
Refreshing native plugins compatible for Editor in 83.68 ms, found 4 plugins.
Preloading 0 native plugins for Editor in 0.00 ms.
Unloading 14 Unused Serialized files (Serialized files now loaded: 0)
Unloading 7015 unused Assets / (7.7 MB). Loaded Objects now: 7931.
Memory consumption went from 152.3 MB to 144.6 MB.
Total: 82.028750 ms (FindLiveObjects: 14.760250 ms CreateObjectMapping: 0.658542 ms MarkObjects: 26.800250 ms  DeleteObjects: 39.808167 ms)

Prepare: number of updated asset objects reloaded= 0
========================================================================
Received Prepare
Begin MonoManager ReloadAssembly
Thread 0x17ec07000 may have been prematurely finalized
Symbol file LoadedFromMemory is not a mono symbol file
- Loaded All Assemblies, in 12.421 seconds
'Assets/Photon/Fusion/Runtime/Fusion.Unity.cs' contains partial class of Unity.Object, exactly 1 of the partial classes needs to be in a file with the same filename. This is to know the one that can be referenced from ie. GameObjects
'Assets/Photon/Fusion/Runtime/Fusion.Unity.cs' contains partial class of Unity.Object, exactly 1 of the partial classes needs to be in a file with the same filename. This is to know the one that can be referenced from ie. GameObjects
Refreshing native plugins compatible for Editor in 100.88 ms, found 4 plugins.
Native extension for OSXStandalone target not found
System.Reflection.TargetInvocationException: Exception has been thrown by the target of an invocation. ---> System.NullReferenceException: Object reference not set to an instance of an object
  at Unity.Multiplayer.Playmode.Workflow.Editor.ProjectDataStore..ctor (System.String directory) [0x0006e] in ./Library/PackageCache/com.unity.multiplayer.playmode@3acaa705f0f9/Workflow/Editor/Configuration/ProjectDataStore.cs:55 
  at Unity.Multiplayer.Playmode.Workflow.Editor.ProjectDataStore.GetMain () [0x00000] in ./Library/PackageCache/com.unity.multiplayer.playmode@3acaa705f0f9/Workflow/Editor/Configuration/ProjectDataStore.cs:36 
  at Unity.Multiplayer.Playmode.Workflow.Editor.WorkflowMainEditorContext..ctor (Unity.Multiplayer.Playmode.VirtualProjects.Editor.MainEditorContext mainEditorContext) [0x0002c] in ./Library/PackageCache/com.unity.multiplayer.playmode@3acaa705f0f9/Workflow/Editor/Contexts/WorkflowMainEditorContext.cs:15 
  at Unity.Multiplayer.Playmode.Workflow.Editor.VirtualProjectWorkflow.InitializeMPPMContexts () [0x00018] in ./Library/PackageCache/com.unity.multiplayer.playmode@3acaa705f0f9/Workflow/Editor/Workflow/VirtualProjectWorkflow.cs:204 
  at Unity.Multiplayer.Playmode.Workflow.Editor.VirtualProjectWorkflow+<>c.<.cctor>b__22_0 () [0x00036] in ./Library/PackageCache/com.unity.multiplayer.playmode@3acaa705f0f9/Workflow/Editor/Workflow/VirtualProjectWorkflow.cs:85 
  at Unity.Multiplayer.Playmode.VirtualProjects.Editor.EditorContexts.SendReadyEvent () [0x00038] in ./Library/PackageCache/com.unity.multiplayer.playmode@3acaa705f0f9/VirtualProjects/Editor/Contexts/EditorContexts.cs:56 
  at (wrapper managed-to-native) System.Reflection.RuntimeMethodInfo.InternalInvoke(System.Reflection.RuntimeMethodInfo,object,object[],System.Exception&)
  at System.Reflection.RuntimeMethodInfo.Invoke (System.Object obj, System.Reflection.BindingFlags invokeAttr, System.Reflection.Binder binder, System.Object[] parameters, System.Globalization.CultureInfo culture) [0x0006a] in <c0ef40ba0fc84b3b8725b73e9957d1b5>:0 
   --- End of inner exception stack trace ---
  at System.Reflection.RuntimeMethodInfo.Invoke (System.Object obj, System.Reflection.BindingFlags invokeAttr, System.Reflection.Binder binder, System.Object[] parameters, System.Globalization.CultureInfo culture) [0x00083] in <c0ef40ba0fc84b3b8725b73e9957d1b5>:0 
  at System.Reflection.MethodBase.Invoke (System.Object obj, System.Object[] parameters) [0x00000] in <c0ef40ba0fc84b3b8725b73e9957d1b5>:0 
  at UnityEditor.EditorAssemblies.ProcessInitializeOnLoadMethodAttributes () [0x00087] in /Users/bokken/build/output/unity/unity/Editor/Mono/EditorAssemblies.cs:152 
UnityEngine.Debug:ExtractStackTraceNoAlloc (byte*,int,string)
UnityEngine.StackTraceUtility:ExtractStackTrace () (at /Users/bokken/build/output/unity/unity/Runtime/Export/Scripting/StackTrace.cs:35)
UnityEngine.DebugLogHandler:Internal_Log (UnityEngine.LogType,UnityEngine.LogOption,string,UnityEngine.Object)
UnityEngine.DebugLogHandler:LogFormat (UnityEngine.LogType,UnityEngine.Object,string,object[])
UnityEngine.Logger:Log (UnityEngine.LogType,object)
UnityEngine.Debug:LogError (object)
UnityEditor.EditorAssemblies:ProcessInitializeOnLoadMethodAttributes () (at /Users/bokken/build/output/unity/unity/Editor/Mono/EditorAssemblies.cs:156)

(Filename: /Users/bokken/build/output/unity/unity/Editor/Mono/EditorAssemblies.cs Line: 156)

Mono: successfully reloaded assembly
- Finished resetting the current domain, in  1.526 seconds
Domain Reload Profiling: 13962ms
	BeginReloadAssembly (7550ms)
		ExecutionOrderSort (4ms)
		DisableScriptedObjects (859ms)
		BackupInstance (0ms)
		ReleaseScriptingObjects (10ms)
		CreateAndSetChildDomain (2112ms)
	RebuildCommonClasses (163ms)
	RebuildNativeTypeToScriptingClass (49ms)
	initialDomainReloadingComplete (350ms)
	LoadAllAssembliesAndSetupDomain (4324ms)
		LoadAssemblies (5576ms)
		RebuildTransferFunctionScriptingTraits (0ms)
		AnalyzeDomain (2021ms)
			TypeCache.Refresh (176ms)
				TypeCache.ScanAssembly (0ms)
			BuildScriptInfoCaches (1699ms)
			ResolveRequiredComponents (49ms)
	FinalizeReload (1526ms)
		ReleaseScriptCaches (0ms)
		RebuildScriptCaches (0ms)
		SetupLoadedEditorAssemblies (1215ms)
			LogAssemblyErrors (0ms)
			InitializePlatformSupportModulesInManaged (1ms)
			SetLoadedEditorAssemblies (4ms)
			BeforeProcessingInitializeOnLoad (262ms)
			ProcessInitializeOnLoadAttributes (772ms)
			ProcessInitializeOnLoadMethodAttributes (168ms)
			AfterProcessingInitializeOnLoad (1ms)
			EditorAssembliesLoaded (6ms)
		ExecutionOrderSort2 (0ms)
		AwakeInstancesAfterBackupRestoration (31ms)
WARNING: Shader Unsupported: 'Universal Render Pipeline/VR/SpatialMapping/Wireframe' - All subshaders removed
WARNING: Shader Did you use #pragma only_renderers and omit this platform?
WARNING: Shader If subshaders removal was intentional, you may have forgotten turning Fallback off?
WARNING: Shader Unsupported: 'Universal Render Pipeline/VR/SpatialMapping/Wireframe' - All subshaders removed
WARNING: Shader Did you use #pragma only_renderers and omit this platform?
WARNING: Shader If subshaders removal was intentional, you may have forgotten turning Fallback off?
Refreshing native plugins compatible for Editor in 1.40 ms, found 4 plugins.
Preloading 0 native plugins for Editor in 0.00 ms.
Unloading 14 Unused Serialized files (Serialized files now loaded: 0)
Unloading 7015 unused Assets / (7.1 MB). Loaded Objects now: 7933.
Memory consumption went from 152.3 MB to 145.2 MB.
Total: 74.104708 ms (FindLiveObjects: 4.553833 ms CreateObjectMapping: 0.461833 ms MarkObjects: 53.418208 ms  DeleteObjects: 15.669500 ms)

Prepare: number of updated asset objects reloaded= 0
========================================================================
Received Prepare
Begin MonoManager ReloadAssembly
Thread 0x17ec07000 may have been prematurely finalized
Symbol file LoadedFromMemory is not a mono symbol file
- Loaded All Assemblies, in  2.912 seconds
'Assets/Photon/Fusion/Runtime/Fusion.Unity.cs' contains partial class of Unity.Object, exactly 1 of the partial classes needs to be in a file with the same filename. This is to know the one that can be referenced from ie. GameObjects
'Assets/Photon/Fusion/Runtime/Fusion.Unity.cs' contains partial class of Unity.Object, exactly 1 of the partial classes needs to be in a file with the same filename. This is to know the one that can be referenced from ie. GameObjects
Refreshing native plugins compatible for Editor in 1.03 ms, found 4 plugins.
Native extension for OSXStandalone target not found
System.Reflection.TargetInvocationException: Exception has been thrown by the target of an invocation. ---> System.NullReferenceException: Object reference not set to an instance of an object
  at Unity.Multiplayer.Playmode.Workflow.Editor.ProjectDataStore..ctor (System.String directory) [0x0006e] in ./Library/PackageCache/com.unity.multiplayer.playmode@3acaa705f0f9/Workflow/Editor/Configuration/ProjectDataStore.cs:55 
  at Unity.Multiplayer.Playmode.Workflow.Editor.ProjectDataStore.GetMain () [0x00000] in ./Library/PackageCache/com.unity.multiplayer.playmode@3acaa705f0f9/Workflow/Editor/Configuration/ProjectDataStore.cs:36 
  at Unity.Multiplayer.Playmode.Workflow.Editor.WorkflowMainEditorContext..ctor (Unity.Multiplayer.Playmode.VirtualProjects.Editor.MainEditorContext mainEditorContext) [0x0002c] in ./Library/PackageCache/com.unity.multiplayer.playmode@3acaa705f0f9/Workflow/Editor/Contexts/WorkflowMainEditorContext.cs:15 
  at Unity.Multiplayer.Playmode.Workflow.Editor.VirtualProjectWorkflow.InitializeMPPMContexts () [0x00018] in ./Library/PackageCache/com.unity.multiplayer.playmode@3acaa705f0f9/Workflow/Editor/Workflow/VirtualProjectWorkflow.cs:204 
  at Unity.Multiplayer.Playmode.Workflow.Editor.VirtualProjectWorkflow+<>c.<.cctor>b__22_0 () [0x00036] in ./Library/PackageCache/com.unity.multiplayer.playmode@3acaa705f0f9/Workflow/Editor/Workflow/VirtualProjectWorkflow.cs:85 
  at Unity.Multiplayer.Playmode.VirtualProjects.Editor.EditorContexts.SendReadyEvent () [0x00038] in ./Library/PackageCache/com.unity.multiplayer.playmode@3acaa705f0f9/VirtualProjects/Editor/Contexts/EditorContexts.cs:56 
  at (wrapper managed-to-native) System.Reflection.RuntimeMethodInfo.InternalInvoke(System.Reflection.RuntimeMethodInfo,object,object[],System.Exception&)
  at System.Reflection.RuntimeMethodInfo.Invoke (System.Object obj, System.Reflection.BindingFlags invokeAttr, System.Reflection.Binder binder, System.Object[] parameters, System.Globalization.CultureInfo culture) [0x0006a] in <c0ef40ba0fc84b3b8725b73e9957d1b5>:0 
   --- End of inner exception stack trace ---
  at System.Reflection.RuntimeMethodInfo.Invoke (System.Object obj, System.Reflection.BindingFlags invokeAttr, System.Reflection.Binder binder, System.Object[] parameters, System.Globalization.CultureInfo culture) [0x00083] in <c0ef40ba0fc84b3b8725b73e9957d1b5>:0 
  at System.Reflection.MethodBase.Invoke (System.Object obj, System.Object[] parameters) [0x00000] in <c0ef40ba0fc84b3b8725b73e9957d1b5>:0 
  at UnityEditor.EditorAssemblies.ProcessInitializeOnLoadMethodAttributes () [0x00087] in /Users/bokken/build/output/unity/unity/Editor/Mono/EditorAssemblies.cs:152 
UnityEngine.Debug:ExtractStackTraceNoAlloc (byte*,int,string)
UnityEngine.StackTraceUtility:ExtractStackTrace () (at /Users/bokken/build/output/unity/unity/Runtime/Export/Scripting/StackTrace.cs:35)
UnityEngine.DebugLogHandler:Internal_Log (UnityEngine.LogType,UnityEngine.LogOption,string,UnityEngine.Object)
UnityEngine.DebugLogHandler:LogFormat (UnityEngine.LogType,UnityEngine.Object,string,object[])
UnityEngine.Logger:Log (UnityEngine.LogType,object)
UnityEngine.Debug:LogError (object)
UnityEditor.EditorAssemblies:ProcessInitializeOnLoadMethodAttributes () (at /Users/bokken/build/output/unity/unity/Editor/Mono/EditorAssemblies.cs:156)

(Filename: /Users/bokken/build/output/unity/unity/Editor/Mono/EditorAssemblies.cs Line: 156)

Mono: successfully reloaded assembly
- Finished resetting the current domain, in  0.831 seconds
Domain Reload Profiling: 3747ms
	BeginReloadAssembly (1790ms)
		ExecutionOrderSort (1ms)
		DisableScriptedObjects (277ms)
		BackupInstance (0ms)
		ReleaseScriptingObjects (5ms)
		CreateAndSetChildDomain (573ms)
	RebuildCommonClasses (36ms)
	RebuildNativeTypeToScriptingClass (11ms)
	initialDomainReloadingComplete (44ms)
	LoadAllAssembliesAndSetupDomain (1034ms)
		LoadAssemblies (1068ms)
		RebuildTransferFunctionScriptingTraits (0ms)
		AnalyzeDomain (441ms)
			TypeCache.Refresh (66ms)
				TypeCache.ScanAssembly (4ms)
			BuildScriptInfoCaches (347ms)
			ResolveRequiredComponents (10ms)
	FinalizeReload (832ms)
		ReleaseScriptCaches (0ms)
		RebuildScriptCaches (0ms)
		SetupLoadedEditorAssemblies (669ms)
			LogAssemblyErrors (0ms)
			InitializePlatformSupportModulesInManaged (1ms)
			SetLoadedEditorAssemblies (4ms)
			BeforeProcessingInitializeOnLoad (139ms)
			ProcessInitializeOnLoadAttributes (390ms)
			ProcessInitializeOnLoadMethodAttributes (134ms)
			AfterProcessingInitializeOnLoad (1ms)
			EditorAssembliesLoaded (0ms)
		ExecutionOrderSort2 (0ms)
		AwakeInstancesAfterBackupRestoration (19ms)
WARNING: Shader Unsupported: 'Universal Render Pipeline/VR/SpatialMapping/Wireframe' - All subshaders removed
WARNING: Shader Did you use #pragma only_renderers and omit this platform?
WARNING: Shader If subshaders removal was intentional, you may have forgotten turning Fallback off?
WARNING: Shader Unsupported: 'Universal Render Pipeline/VR/SpatialMapping/Wireframe' - All subshaders removed
WARNING: Shader Did you use #pragma only_renderers and omit this platform?
WARNING: Shader If subshaders removal was intentional, you may have forgotten turning Fallback off?
Refreshing native plugins compatible for Editor in 4.58 ms, found 4 plugins.
Preloading 0 native plugins for Editor in 0.00 ms.
Unloading 14 Unused Serialized files (Serialized files now loaded: 0)
Unloading 7016 unused Assets / (5.5 MB). Loaded Objects now: 7934.
Memory consumption went from 152.4 MB to 146.9 MB.
Total: 56.547166 ms (FindLiveObjects: 10.762250 ms CreateObjectMapping: 0.522458 ms MarkObjects: 23.541292 ms  DeleteObjects: 21.719500 ms)

Prepare: number of updated asset objects reloaded= 0
========================================================================
Received Prepare
Begin MonoManager ReloadAssembly
Thread 0x16ded7000 may have been prematurely finalized
Symbol file LoadedFromMemory is not a mono symbol file
- Loaded All Assemblies, in  8.063 seconds
'Assets/Photon/Fusion/Runtime/Fusion.Unity.cs' contains partial class of Unity.Object, exactly 1 of the partial classes needs to be in a file with the same filename. This is to know the one that can be referenced from ie. GameObjects
'Assets/Photon/Fusion/Runtime/Fusion.Unity.cs' contains partial class of Unity.Object, exactly 1 of the partial classes needs to be in a file with the same filename. This is to know the one that can be referenced from ie. GameObjects
Refreshing native plugins compatible for Editor in 111.26 ms, found 4 plugins.
Native extension for OSXStandalone target not found
System.Reflection.TargetInvocationException: Exception has been thrown by the target of an invocation. ---> System.NullReferenceException: Object reference not set to an instance of an object
  at Unity.Multiplayer.Playmode.Workflow.Editor.ProjectDataStore..ctor (System.String directory) [0x0006e] in ./Library/PackageCache/com.unity.multiplayer.playmode@3acaa705f0f9/Workflow/Editor/Configuration/ProjectDataStore.cs:55 
  at Unity.Multiplayer.Playmode.Workflow.Editor.ProjectDataStore.GetMain () [0x00000] in ./Library/PackageCache/com.unity.multiplayer.playmode@3acaa705f0f9/Workflow/Editor/Configuration/ProjectDataStore.cs:36 
  at Unity.Multiplayer.Playmode.Workflow.Editor.WorkflowMainEditorContext..ctor (Unity.Multiplayer.Playmode.VirtualProjects.Editor.MainEditorContext mainEditorContext) [0x0002c] in ./Library/PackageCache/com.unity.multiplayer.playmode@3acaa705f0f9/Workflow/Editor/Contexts/WorkflowMainEditorContext.cs:15 
  at Unity.Multiplayer.Playmode.Workflow.Editor.VirtualProjectWorkflow.InitializeMPPMContexts () [0x00018] in ./Library/PackageCache/com.unity.multiplayer.playmode@3acaa705f0f9/Workflow/Editor/Workflow/VirtualProjectWorkflow.cs:204 
  at Unity.Multiplayer.Playmode.Workflow.Editor.VirtualProjectWorkflow+<>c.<.cctor>b__22_0 () [0x00036] in ./Library/PackageCache/com.unity.multiplayer.playmode@3acaa705f0f9/Workflow/Editor/Workflow/VirtualProjectWorkflow.cs:85 
  at Unity.Multiplayer.Playmode.VirtualProjects.Editor.EditorContexts.SendReadyEvent () [0x00038] in ./Library/PackageCache/com.unity.multiplayer.playmode@3acaa705f0f9/VirtualProjects/Editor/Contexts/EditorContexts.cs:56 
  at (wrapper managed-to-native) System.Reflection.RuntimeMethodInfo.InternalInvoke(System.Reflection.RuntimeMethodInfo,object,object[],System.Exception&)
  at System.Reflection.RuntimeMethodInfo.Invoke (System.Object obj, System.Reflection.BindingFlags invokeAttr, System.Reflection.Binder binder, System.Object[] parameters, System.Globalization.CultureInfo culture) [0x0006a] in <c0ef40ba0fc84b3b8725b73e9957d1b5>:0 
   --- End of inner exception stack trace ---
  at System.Reflection.RuntimeMethodInfo.Invoke (System.Object obj, System.Reflection.BindingFlags invokeAttr, System.Reflection.Binder binder, System.Object[] parameters, System.Globalization.CultureInfo culture) [0x00083] in <c0ef40ba0fc84b3b8725b73e9957d1b5>:0 
  at System.Reflection.MethodBase.Invoke (System.Object obj, System.Object[] parameters) [0x00000] in <c0ef40ba0fc84b3b8725b73e9957d1b5>:0 
  at UnityEditor.EditorAssemblies.ProcessInitializeOnLoadMethodAttributes () [0x00087] in /Users/bokken/build/output/unity/unity/Editor/Mono/EditorAssemblies.cs:152 
UnityEngine.Debug:ExtractStackTraceNoAlloc (byte*,int,string)
UnityEngine.StackTraceUtility:ExtractStackTrace () (at /Users/bokken/build/output/unity/unity/Runtime/Export/Scripting/StackTrace.cs:35)
UnityEngine.DebugLogHandler:Internal_Log (UnityEngine.LogType,UnityEngine.LogOption,string,UnityEngine.Object)
UnityEngine.DebugLogHandler:LogFormat (UnityEngine.LogType,UnityEngine.Object,string,object[])
UnityEngine.Logger:Log (UnityEngine.LogType,object)
UnityEngine.Debug:LogError (object)
UnityEditor.EditorAssemblies:ProcessInitializeOnLoadMethodAttributes () (at /Users/bokken/build/output/unity/unity/Editor/Mono/EditorAssemblies.cs:156)

(Filename: /Users/bokken/build/output/unity/unity/Editor/Mono/EditorAssemblies.cs Line: 156)

Mono: successfully reloaded assembly
- Finished resetting the current domain, in  1.397 seconds
Domain Reload Profiling: 9482ms
	BeginReloadAssembly (5154ms)
		ExecutionOrderSort (3ms)
		DisableScriptedObjects (884ms)
		BackupInstance (0ms)
		ReleaseScriptingObjects (5ms)
		CreateAndSetChildDomain (1406ms)
	RebuildCommonClasses (77ms)
	RebuildNativeTypeToScriptingClass (11ms)
	initialDomainReloadingComplete (78ms)
	LoadAllAssembliesAndSetupDomain (2765ms)
		LoadAssemblies (3573ms)
		RebuildTransferFunctionScriptingTraits (0ms)
		AnalyzeDomain (957ms)
			TypeCache.Refresh (117ms)
				TypeCache.ScanAssembly (0ms)
			BuildScriptInfoCaches (796ms)
			ResolveRequiredComponents (11ms)
	FinalizeReload (1397ms)
		ReleaseScriptCaches (0ms)
		RebuildScriptCaches (0ms)
		SetupLoadedEditorAssemblies (1127ms)
			LogAssemblyErrors (0ms)
			InitializePlatformSupportModulesInManaged (4ms)
			SetLoadedEditorAssemblies (7ms)
			BeforeProcessingInitializeOnLoad (231ms)
			ProcessInitializeOnLoadAttributes (702ms)
			ProcessInitializeOnLoadMethodAttributes (181ms)
			AfterProcessingInitializeOnLoad (1ms)
			EditorAssembliesLoaded (0ms)
		ExecutionOrderSort2 (0ms)
		AwakeInstancesAfterBackupRestoration (44ms)
WARNING: Shader Unsupported: 'Universal Render Pipeline/VR/SpatialMapping/Wireframe' - All subshaders removed
WARNING: Shader Did you use #pragma only_renderers and omit this platform?
WARNING: Shader If subshaders removal was intentional, you may have forgotten turning Fallback off?
WARNING: Shader Unsupported: 'Universal Render Pipeline/VR/SpatialMapping/Wireframe' - All subshaders removed
WARNING: Shader Did you use #pragma only_renderers and omit this platform?
WARNING: Shader If subshaders removal was intentional, you may have forgotten turning Fallback off?
Refreshing native plugins compatible for Editor in 1.71 ms, found 4 plugins.
Preloading 0 native plugins for Editor in 0.00 ms.
Unloading 14 Unused Serialized files (Serialized files now loaded: 0)
Unloading 7014 unused Assets / (7.0 MB). Loaded Objects now: 7936.
Memory consumption went from 152.4 MB to 145.4 MB.
Total: 116.024083 ms (FindLiveObjects: 4.557041 ms CreateObjectMapping: 0.372292 ms MarkObjects: 88.576500 ms  DeleteObjects: 22.514666 ms)

Prepare: number of updated asset objects reloaded= 0
========================================================================
Received Prepare
Begin MonoManager ReloadAssembly
Thread 0x16ded7000 may have been prematurely finalized
Symbol file LoadedFromMemory is not a mono symbol file
- Loaded All Assemblies, in  4.897 seconds
'Assets/Photon/Fusion/Runtime/Fusion.Unity.cs' contains partial class of Unity.Object, exactly 1 of the partial classes needs to be in a file with the same filename. This is to know the one that can be referenced from ie. GameObjects
'Assets/Photon/Fusion/Runtime/Fusion.Unity.cs' contains partial class of Unity.Object, exactly 1 of the partial classes needs to be in a file with the same filename. This is to know the one that can be referenced from ie. GameObjects
Refreshing native plugins compatible for Editor in 32.45 ms, found 4 plugins.
Native extension for OSXStandalone target not found
System.Reflection.TargetInvocationException: Exception has been thrown by the target of an invocation. ---> System.NullReferenceException: Object reference not set to an instance of an object
  at Unity.Multiplayer.Playmode.Workflow.Editor.ProjectDataStore..ctor (System.String directory) [0x0006e] in ./Library/PackageCache/com.unity.multiplayer.playmode@3acaa705f0f9/Workflow/Editor/Configuration/ProjectDataStore.cs:55 
  at Unity.Multiplayer.Playmode.Workflow.Editor.ProjectDataStore.GetMain () [0x00000] in ./Library/PackageCache/com.unity.multiplayer.playmode@3acaa705f0f9/Workflow/Editor/Configuration/ProjectDataStore.cs:36 
  at Unity.Multiplayer.Playmode.Workflow.Editor.WorkflowMainEditorContext..ctor (Unity.Multiplayer.Playmode.VirtualProjects.Editor.MainEditorContext mainEditorContext) [0x0002c] in ./Library/PackageCache/com.unity.multiplayer.playmode@3acaa705f0f9/Workflow/Editor/Contexts/WorkflowMainEditorContext.cs:15 
  at Unity.Multiplayer.Playmode.Workflow.Editor.VirtualProjectWorkflow.InitializeMPPMContexts () [0x00018] in ./Library/PackageCache/com.unity.multiplayer.playmode@3acaa705f0f9/Workflow/Editor/Workflow/VirtualProjectWorkflow.cs:204 
  at Unity.Multiplayer.Playmode.Workflow.Editor.VirtualProjectWorkflow+<>c.<.cctor>b__22_0 () [0x00036] in ./Library/PackageCache/com.unity.multiplayer.playmode@3acaa705f0f9/Workflow/Editor/Workflow/VirtualProjectWorkflow.cs:85 
  at Unity.Multiplayer.Playmode.VirtualProjects.Editor.EditorContexts.SendReadyEvent () [0x00038] in ./Library/PackageCache/com.unity.multiplayer.playmode@3acaa705f0f9/VirtualProjects/Editor/Contexts/EditorContexts.cs:56 
  at (wrapper managed-to-native) System.Reflection.RuntimeMethodInfo.InternalInvoke(System.Reflection.RuntimeMethodInfo,object,object[],System.Exception&)
  at System.Reflection.RuntimeMethodInfo.Invoke (System.Object obj, System.Reflection.BindingFlags invokeAttr, System.Reflection.Binder binder, System.Object[] parameters, System.Globalization.CultureInfo culture) [0x0006a] in <c0ef40ba0fc84b3b8725b73e9957d1b5>:0 
   --- End of inner exception stack trace ---
  at System.Reflection.RuntimeMethodInfo.Invoke (System.Object obj, System.Reflection.BindingFlags invokeAttr, System.Reflection.Binder binder, System.Object[] parameters, System.Globalization.CultureInfo culture) [0x00083] in <c0ef40ba0fc84b3b8725b73e9957d1b5>:0 
  at System.Reflection.MethodBase.Invoke (System.Object obj, System.Object[] parameters) [0x00000] in <c0ef40ba0fc84b3b8725b73e9957d1b5>:0 
  at UnityEditor.EditorAssemblies.ProcessInitializeOnLoadMethodAttributes () [0x00087] in /Users/bokken/build/output/unity/unity/Editor/Mono/EditorAssemblies.cs:152 
UnityEngine.Debug:ExtractStackTraceNoAlloc (byte*,int,string)
UnityEngine.StackTraceUtility:ExtractStackTrace () (at /Users/bokken/build/output/unity/unity/Runtime/Export/Scripting/StackTrace.cs:35)
UnityEngine.DebugLogHandler:Internal_Log (UnityEngine.LogType,UnityEngine.LogOption,string,UnityEngine.Object)
UnityEngine.DebugLogHandler:LogFormat (UnityEngine.LogType,UnityEngine.Object,string,object[])
UnityEngine.Logger:Log (UnityEngine.LogType,object)
UnityEngine.Debug:LogError (object)
UnityEditor.EditorAssemblies:ProcessInitializeOnLoadMethodAttributes () (at /Users/bokken/build/output/unity/unity/Editor/Mono/EditorAssemblies.cs:156)

(Filename: /Users/bokken/build/output/unity/unity/Editor/Mono/EditorAssemblies.cs Line: 156)

Mono: successfully reloaded assembly
- Finished resetting the current domain, in  4.028 seconds
Domain Reload Profiling: 8949ms
	BeginReloadAssembly (3180ms)
		ExecutionOrderSort (2ms)
		DisableScriptedObjects (549ms)
		BackupInstance (0ms)
		ReleaseScriptingObjects (12ms)
		CreateAndSetChildDomain (1303ms)
	RebuildCommonClasses (97ms)
	RebuildNativeTypeToScriptingClass (23ms)
	initialDomainReloadingComplete (180ms)
	LoadAllAssembliesAndSetupDomain (1437ms)
		LoadAssemblies (1269ms)
		RebuildTransferFunctionScriptingTraits (0ms)
		AnalyzeDomain (731ms)
			TypeCache.Refresh (79ms)
				TypeCache.ScanAssembly (5ms)
			BuildScriptInfoCaches (567ms)
			ResolveRequiredComponents (47ms)
	FinalizeReload (4032ms)
		ReleaseScriptCaches (0ms)
		RebuildScriptCaches (0ms)
		SetupLoadedEditorAssemblies (2268ms)
			LogAssemblyErrors (3ms)
			InitializePlatformSupportModulesInManaged (61ms)
			SetLoadedEditorAssemblies (19ms)
			BeforeProcessingInitializeOnLoad (315ms)
			ProcessInitializeOnLoadAttributes (1542ms)
			ProcessInitializeOnLoadMethodAttributes (316ms)
			AfterProcessingInitializeOnLoad (5ms)
			EditorAssembliesLoaded (6ms)
		ExecutionOrderSort2 (2ms)
		AwakeInstancesAfterBackupRestoration (106ms)
